Loading bioinformatics/angsd/0.941
  Loading requirement: gcc/10.1.0
+ Fri Sep 13 11:17:23 EDT 2024 job angsd_noLD_pgra_himb started in mThM.q with jobID=3549406 on compute-75-02
+ NSLOTS = 16
 These are the samples to be processed: BahiaCulebra_10_S28
BahiaCulebra_14_S32
BahiaCulebra_16_S34
BahiaCulebra_19_S37
BahiaCulebra_20_S38
BahiaCulebra_21_S39
BahiaCulebra_22_S40
BahiaCulebra_23_S41
BahiaCulebra_25_S43
BahiaCulebra_26_S44
BahiaCulebra_27_S45
BahiaCulebra_29_S47
BahiaCulebra_8_S26
BahiaCulebra_9_S27
Clip_01_S154
Clip_02_S199
Clip_03_S200
Clip_15_S201
Clip_16_S155
Clip_19_S202
Clip_21_S203
Clip_26_S204
Coco_611_AP3XF77_S91
Coco_612_AP3XF78_S92
Coco_613_AP3XF79_S93
Coco_614_AP3XF80_S94
Coco_615_AP3XF81_S95
Coco_616_AP3XF82_S96
Coco_617_AP3XF83_S97
Coco_618_AP3XF84_S98
Coco_619_AP3XF85_S99
Coco_620_AP3XF86_S100
Coco_621_AP3XF87_S101
Coco_644_AP3XF88_S102
Coco_645_AP3XF89_S103
Coco_646_AP3XF90_S145
Coco_647_AP3XF91_S146
Coco_648_AP3XF92_S106
Coco_649_AP3XF93_S107
Coco_650_AP3XF94_S108
Coco_651_AP3XF95_S109
Coco_652_AP3XF96_S110
Coco_653_AP3XF97_S111
Coco_654_AP3XF98_S112
Coco_655_AP3XF99_S113
Coco_656_AP3XG00_S114
Coco_657_AP3XG01_S147
Coco_658_AP3XG02_S148
Coco_659_AP3XG03_S149
Coco_660_AP3XG04_S150
Coco_661_AP3XG05_S151
Coco_662_AP3XG06_S152
Coco_664_AP3XG08_S153
Coco_665_AP3XG09_S170
Coco_666_AP3XG10_S171
Coco_667_AP3XG11_S172
Coco_668_AP3XG12_S173
Coiba_677_AP3XF57_S135
Coiba_680_AP3XF41_S136
Coiba_682_AP3XF51_S137
Coiba_683_AP3XF56_S138
Coiba_684_AP3XF75_S81
Coiba_685_AP3XF43_S71
Coiba_686_AP3XF47_S156
Coiba_688_AP3XF58_S160
Coiba_691_AP3XF49_S158
Coiba_693_AP3XF45_S154
Coiba_694_AP3XF73_S79
Coiba_696_AP3XF67_S70
Coiba_697_AP3XF37_S139
Coiba_698_AP3XF39_S133
Coiba_900_AP3XF69_S75
Coiba_901_AP3XF53_S140
Coiba_902_AP3XF54_S141
Coiba_903_AP3XF59_S161
Coiba_904_AP3XF68_S142
Coiba_906_AP3XF65_S68
Coiba_907_AP3XF62_S164
Coiba_908_AP3XF72_S78
Coiba_909_AP3XF42_S134
Coiba_910_AP3XF46_S155
Coiba_914_AP3XF63_S165
Coiba_915_AP3XF66_S69
Coiba_918_AP3XF74_S80
Coiba_919_AP3XF76_S82
Coiba_920_AP3XF71_S77
Coiba_922_AP3XF60_S162
Coiba_925_AP3XF61_S163
Coiba_926_AP3XF52_S143
Coiba_927_AP3XF48_S157
Coiba_928_AP3XF50_S159
Coiba_929_AP3XF38_S47
Coiba_930_AP3XF44_S72
Coiba_931_AP3XF40_S144
Darwin_1A_S85
Darwin_2A_S86
Darwin_3A_S87
Darwin_4A_S88
Darwin_534_S67
Darwin_539_S60
Darwin_548_S62
Darwin_549_S76
Darwin_550_S77
Darwin_551_S78
Darwin_553_S68
Darwin_556_S74
Darwin_557_S79
Darwin_558_S63
Darwin_563b_S64
Darwin_564_S80
Darwin_567_S81
Darwin_576_S65
Darwin_584_S82
Darwin_591_S84
Darwin_594_S75
Darwin_5A_S89
Darwin_617_S66
Espanola_1A_S90
Espanola_2A_S91
Espanola_3A_S92
Espanola_4A_S93
Espanola_5A_S94
Floreana_2E_S96
Floreana_473_S59
Floreana_581_S70
Floreana_584_S71
Floreana_589_S72
Floreana_590_S73
GolfoDulce_12_S52
GolfoDulce_18_S53
GolfoDulce_20_S54
GolfoDulce_21_S55
GolfoDulce_22_S56
GolfoDulce_23_S57
GolfoDulce_25_S58
GolfoDulce_26_S59
GolfoDulce_2_S49
GolfoDulce_30_S60
GolfoDulce_31_S61
GolfoDulce_37_S64
GolfoDulce_47_S65
GolfoDulce_8_S50
Gorgona_121_S24
Gorgona_123_S25
Gorgona_126_S28
Gorgona_129_S31
Gorgona_131_S33
Gorgona_132_S34
Gorgona_134_S35
Gorgona_135_S36
Gorgona_142_S37
Gorgona_143_S38
Gorgona_144_S39
Gorgona_146_S41
Gorgona_147_S42
Gorgona_149_S43
Gorgona_167_S47
Gorgona_171_S49
Gorgona_173_S50
Gorgona_179_S51
Gorgona_180_S52
Gorgona_26_S5
Gorgona_27_S6
Gorgona_28_S7
Gorgona_31_S9
Gorgona_44_S11
Gorgona_47_S13
Gorgona_49_S14
Gorgona_71_S17
Gorgona_73_S19
Gorgona_76_S22
Gorgona_77_S23
Gorgona_78_S54
Isabela_2E_S101
PAN_05_S174
PAN_10_S175
PAN_32_S176
PAN_34_S177
PAN_35_S178
PAN_37_S179
PAN_43_S182
PAN_78_S184
PAN_83_S186
Perlas_333_AP3XG24_S58
Perlas_334_AP3XG25_S125
Perlas_336_AP3XG27_S126
Perlas_337b_AP3XG28_S127
Perlas_338_AP3XG29_S128
Perlas_340_AP3XG31_S168
Perlas_342_AP3XG33_S129
Perlas_348_AP3XG39_S131
Perlas_349_AP3XG40_S132
Perlas_352_AP3XG43_S85
Perlas_358_AP3XG49_S123
Perlas_359_AP3XG50_S124
Perlas_364_AP3XG55_S129
Perlas_366_AP3XG57_S131
Perlas_367_AP3XG58_S132
Perlas_371_AP3XG62_S136
Perlas_372_AP3XG63_S137
Perlas_373_AP3XG64_S138
Perlas_374_AP3XG65_S139
Perlas_375_AP3XG66_S140
Perlas_376_AP3XG67_S141
Perlas_402_AP3XG69_S143
Perlas_403_AP3XG70_S144
Perlas_406_AP3XG73_S147
Perlas_407_AP3XG74_S148
Perlas_408_AP3XG75_S149
Perlas_410_AP3XG77_S151
Perlas_411_AP3XG78_S152
Perlas_412_AP3XG79_S153
SanCristobal_1A_S110
SanCristobal_3A_S112
SanCristobal_5A_S114
SantaCruz_1A_S105
Secas_299_S55
Secas_303_S57
URA_12_S187
URA_51_S189
Wolf_1E_S115
Wolf2_2E_S121
Wolf2_3E_S122
Wolf2_4E_S123
Wolf2_5E_S124
Wolf_2E_S116
Wolf_3E_S117
Wolf_4E_S118
Wolf_5E_S119, there are 229 in total
	-> angsd version: 0.941 (htslib: 1.14-9-ge769401d) build(Mar 23 2024 13:33:06)
	-> angsd -sites /scratch/nmnh_corals/connellym/projects/etp_pocillopora_gskim/data/pgra_himb_unlinked_sites.txt -rf /scratch/nmnh_corals/connellym/projects/etp_pocillopora_gskim/data/pgra_himb_chrs.txt -b /scratch/nmnh_corals/connellym/projects/etp_pocillopora_gskim/outputs/angsd/final_noclones/final_noclones_pgra_bamfile.txt -GL 1 -uniqueOnly 1 -remove_bads 1 -minMapQ 30 -minQ 30 -dosnpstat 1 -doHWE 1 -sb_pval 1e-5 -hetbias_pval 1e-5 -skipTriallelic 1 -minInd 195 -snp_pval 1e-5 -minMaf 0.05 -doMajorMinor 1 -doMaf 1 -doCounts 1 -dumpCounts 2 -makeMatrix 1 -doIBS 1 -doCov 1 -doGeno 8 -doPost 1 -doGlf 2 -P 16 -out /scratch/nmnh_corals/connellym/projects/etp_pocillopora_gskim/outputs/angsd/final_noclones/final_noclones_noLD_pgra_himb_filtered 
	-> Inputtype is BAM/CRAM
[multiReader] 229 samples in 229 input files
	-> You have choosen to supply a very high number of threads. The number of threads will be capped at 8
	-> [prep_sites.cpp] Reading binary representation of '/scratch/nmnh_corals/connellym/projects/etp_pocillopora_gskim/data/pgra_himb_unlinked_sites.txt'
	-> [prep_sites.cpp] nChr: 128 loaded from binary filter file
	-> [abcFilter.cpp] -sites is still beta, use at own risk...
	-> SNP-filter using a pvalue: 1.000000e-05 correspond to 19.511421 likelihood units
	-> Parsing 229 number of samples 
	-> Region lookup 1/142

	-> Allocated ~ 10 million nodes to the nodepool, this is not an estimate of the memory usage
	-> Printing at chr: OZ034731.1 pos:35662 chunknumber 100 contains 253 sites

	-> Allocated ~ 20 million nodes to the nodepool, this is not an estimate of the memory usage

	-> Allocated ~ 30 million nodes to the nodepool, this is not an estimate of the memory usage

	-> Allocated ~ 40 million nodes to the nodepool, this is not an estimate of the memory usage

	-> Allocated ~ 50 million nodes to the nodepool, this is not an estimate of the memory usage

	-> Allocated ~ 60 million nodes to the nodepool, this is not an estimate of the memory usage

	-> Allocated ~ 70 million nodes to the nodepool, this is not an estimate of the memory usage

	-> Allocated ~ 80 million nodes to the nodepool, this is not an estimate of the memory usage

	-> Allocated ~ 90 million nodes to the nodepool, this is not an estimate of the memory usage
	-> Printing at chr: OZ034731.1 pos:73359 chunknumber 200 contains 254 sites
	-> Printing at chr: OZ034731.1 pos:122232 chunknumber 300 contains 259 sites
	-> Printing at chr: OZ034731.1 pos:159226 chunknumber 400 contains 266 sites
	-> Printing at chr: OZ034731.1 pos:223118 chunknumber 500 contains 471 sites
	-> Printing at chr: OZ034731.1 pos:259935 chunknumber 600 contains 336 sites
	-> Printing at chr: OZ034731.1 pos:297828 chunknumber 700 contains 267 sites
	-> Printing at chr: OZ034731.1 pos:332438 chunknumber 800 contains 573 sites
	-> Printing at chr: OZ034731.1 pos:379417 chunknumber 900 contains 270 sites
	-> Printing at chr: OZ034731.1 pos:415712 chunknumber 1000 contains 353 sites
	-> Printing at chr: OZ034731.1 pos:454496 chunknumber 1100 contains 359 sites
	-> Printing at chr: OZ034731.1 pos:495857 chunknumber 1200 contains 255 sites
	-> Printing at chr: OZ034731.1 pos:532328 chunknumber 1300 contains 291 sites
	-> Printing at chr: OZ034731.1 pos:567425 chunknumber 1400 contains 255 sites
	-> Printing at chr: OZ034731.1 pos:599290 chunknumber 1500 contains 533 sites
	-> Printing at chr: OZ034731.1 pos:651399 chunknumber 1600 contains 268 sites
	-> Printing at chr: OZ034731.1 pos:680592 chunknumber 1700 contains 461 sites
	-> Printing at chr: OZ034731.1 pos:763800 chunknumber 1800 contains 577 sites
	-> Printing at chr: OZ034731.1 pos:797160 chunknumber 1900 contains 357 sites
	-> Printing at chr: OZ034731.1 pos:828842 chunknumber 2000 contains 362 sites
	-> Printing at chr: OZ034731.1 pos:865242 chunknumber 2100 contains 254 sites
	-> Printing at chr: OZ034731.1 pos:901504 chunknumber 2200 contains 337 sites
	-> Printing at chr: OZ034731.1 pos:947383 chunknumber 2300 contains 368 sites
	-> Printing at chr: OZ034731.1 pos:984369 chunknumber 2400 contains 384 sites
	-> Printing at chr: OZ034731.1 pos:1022247 chunknumber 2500 contains 365 sites
	-> Printing at chr: OZ034731.1 pos:1059505 chunknumber 2600 contains 328 sites
	-> Printing at chr: OZ034731.1 pos:1096772 chunknumber 2700 contains 285 sites
	-> Printing at chr: OZ034731.1 pos:1147464 chunknumber 2800 contains 545 sites
	-> Printing at chr: OZ034731.1 pos:1195559 chunknumber 2900 contains 387 sites
	-> Printing at chr: OZ034731.1 pos:1233403 chunknumber 3000 contains 465 sites
	-> Printing at chr: OZ034731.1 pos:1269678 chunknumber 3100 contains 322 sites
	-> Printing at chr: OZ034731.1 pos:1351370 chunknumber 3200 contains 553 sites
	-> Printing at chr: OZ034731.1 pos:1389227 chunknumber 3300 contains 434 sites
	-> Printing at chr: OZ034731.1 pos:1422800 chunknumber 3400 contains 270 sites
	-> Printing at chr: OZ034731.1 pos:1488452 chunknumber 3500 contains 386 sites
	-> Printing at chr: OZ034731.1 pos:1525038 chunknumber 3600 contains 271 sites
	-> Printing at chr: OZ034731.1 pos:1636654 chunknumber 3700 contains 258 sites
	-> Printing at chr: OZ034731.1 pos:1682569 chunknumber 3800 contains 336 sites
	-> Printing at chr: OZ034731.1 pos:1723414 chunknumber 3900 contains 491 sites
	-> Printing at chr: OZ034731.1 pos:1783244 chunknumber 4000 contains 284 sites
	-> Printing at chr: OZ034731.1 pos:1818334 chunknumber 4100 contains 550 sites
	-> Printing at chr: OZ034731.1 pos:1854630 chunknumber 4200 contains 253 sites
	-> Printing at chr: OZ034731.1 pos:1891565 chunknumber 4300 contains 447 sites
	-> Printing at chr: OZ034731.1 pos:1937228 chunknumber 4400 contains 305 sites

	-> Allocated ~ 100 million nodes to the nodepool, this is not an estimate of the memory usage

	-> Allocated ~ 110 million nodes to the nodepool, this is not an estimate of the memory usage

	-> Allocated ~ 120 million nodes to the nodepool, this is not an estimate of the memory usage

	-> Allocated ~ 130 million nodes to the nodepool, this is not an estimate of the memory usage
	-> Printing at chr: OZ034731.1 pos:2025406 chunknumber 4500 contains 293 sites
	-> Printing at chr: OZ034731.1 pos:2172678 chunknumber 4600 contains 380 sites
	-> Printing at chr: OZ034731.1 pos:2382604 chunknumber 4700 contains 417 sites
	-> Printing at chr: OZ034731.1 pos:2479493 chunknumber 4800 contains 414 sites
	-> Printing at chr: OZ034731.1 pos:2517368 chunknumber 4900 contains 342 sites
	-> Printing at chr: OZ034731.1 pos:2552870 chunknumber 5000 contains 301 sites
	-> Printing at chr: OZ034731.1 pos:2589178 chunknumber 5100 contains 476 sites
	-> Printing at chr: OZ034731.1 pos:2625532 chunknumber 5200 contains 263 sites
	-> Printing at chr: OZ034731.1 pos:2661980 chunknumber 5300 contains 1684 sites
	-> Printing at chr: OZ034731.1 pos:2700830 chunknumber 5400 contains 378 sites
	-> Printing at chr: OZ034731.1 pos:2736009 chunknumber 5500 contains 309 sites
	-> Printing at chr: OZ034731.1 pos:2775655 chunknumber 5600 contains 315 sites
	-> Printing at chr: OZ034731.1 pos:2814974 chunknumber 5700 contains 1181 sites
	-> Printing at chr: OZ034731.1 pos:2869282 chunknumber 5800 contains 252 sites
	-> Printing at chr: OZ034731.1 pos:2928867 chunknumber 5900 contains 321 sites
	-> Printing at chr: OZ034731.1 pos:2966029 chunknumber 6000 contains 303 sites

	-> Allocated ~ 140 million nodes to the nodepool, this is not an estimate of the memory usage

	-> Allocated ~ 150 million nodes to the nodepool, this is not an estimate of the memory usage

	-> Allocated ~ 160 million nodes to the nodepool, this is not an estimate of the memory usage
	-> Printing at chr: OZ034731.1 pos:3175544 chunknumber 6100 contains 265 sites
	-> Printing at chr: OZ034731.1 pos:3211519 chunknumber 6200 contains 375 sites
	-> Printing at chr: OZ034731.1 pos:3246480 chunknumber 6300 contains 362 sites
	-> Printing at chr: OZ034731.1 pos:3366799 chunknumber 6400 contains 4059 sites
	-> Printing at chr: OZ034731.1 pos:3604466 chunknumber 6500 contains 6532 sites
	-> Printing at chr: OZ034731.1 pos:3716058 chunknumber 6600 contains 294 sites
	-> Printing at chr: OZ034731.1 pos:3754314 chunknumber 6700 contains 558 sites
	-> Printing at chr: OZ034731.1 pos:3795416 chunknumber 6800 contains 328 sites
	-> Printing at chr: OZ034731.1 pos:3832193 chunknumber 6900 contains 397 sites
	-> Printing at chr: OZ034731.1 pos:3867390 chunknumber 7000 contains 420 sites
	-> Printing at chr: OZ034731.1 pos:3904635 chunknumber 7100 contains 394 sites
	-> Printing at chr: OZ034731.1 pos:3940087 chunknumber 7200 contains 593 sites
	-> Printing at chr: OZ034731.1 pos:3988666 chunknumber 7300 contains 264 sites
	-> Printing at chr: OZ034731.1 pos:4025704 chunknumber 7400 contains 353 sites
	-> Printing at chr: OZ034731.1 pos:4058036 chunknumber 7500 contains 255 sites
	-> Printing at chr: OZ034731.1 pos:4090446 chunknumber 7600 contains 278 sites
	-> Printing at chr: OZ034731.1 pos:4134117 chunknumber 7700 contains 367 sites
	-> Printing at chr: OZ034731.1 pos:4176711 chunknumber 7800 contains 491 sites
	-> Printing at chr: OZ034731.1 pos:4215686 chunknumber 7900 contains 331 sites
	-> Printing at chr: OZ034731.1 pos:4459468 chunknumber 8000 contains 1291 sites
	-> Printing at chr: OZ034731.1 pos:4713096 chunknumber 8100 contains 312 sites
	-> Printing at chr: OZ034731.1 pos:4760331 chunknumber 8200 contains 251 sites
	-> Printing at chr: OZ034731.1 pos:4797468 chunknumber 8300 contains 270 sites
	-> Printing at chr: OZ034731.1 pos:4842202 chunknumber 8400 contains 323 sites
	-> Printing at chr: OZ034731.1 pos:4881952 chunknumber 8500 contains 392 sites
	-> Printing at chr: OZ034731.1 pos:4917252 chunknumber 8600 contains 349 sites
	-> Printing at chr: OZ034731.1 pos:4953656 chunknumber 8700 contains 271 sites
	-> Printing at chr: OZ034731.1 pos:4994880 chunknumber 8800 contains 1271 sites
	-> Printing at chr: OZ034731.1 pos:5030240 chunknumber 8900 contains 257 sites
	-> Printing at chr: OZ034731.1 pos:5067999 chunknumber 9000 contains 692 sites
	-> Printing at chr: OZ034731.1 pos:5110867 chunknumber 9100 contains 370 sites
	-> Printing at chr: OZ034731.1 pos:5147148 chunknumber 9200 contains 266 sites
	-> Printing at chr: OZ034731.1 pos:5182370 chunknumber 9300 contains 271 sites
	-> Printing at chr: OZ034731.1 pos:5214367 chunknumber 9400 contains 377 sites
	-> Printing at chr: OZ034731.1 pos:5265365 chunknumber 9500 contains 401 sites
	-> Printing at chr: OZ034731.1 pos:5321018 chunknumber 9600 contains 407 sites
	-> Printing at chr: OZ034731.1 pos:5386222 chunknumber 9700 contains 1005 sites
	-> Printing at chr: OZ034731.1 pos:5452087 chunknumber 9800 contains 749 sites
	-> Printing at chr: OZ034731.1 pos:5523860 chunknumber 9900 contains 279 sites
	-> Printing at chr: OZ034731.1 pos:5559500 chunknumber 10000 contains 335 sites
	-> Printing at chr: OZ034731.1 pos:5594684 chunknumber 10100 contains 339 sites
	-> Printing at chr: OZ034731.1 pos:5630687 chunknumber 10200 contains 313 sites
	-> Printing at chr: OZ034731.1 pos:5667360 chunknumber 10300 contains 443 sites
	-> Printing at chr: OZ034731.1 pos:5704068 chunknumber 10400 contains 534 sites
	-> Printing at chr: OZ034731.1 pos:5744091 chunknumber 10500 contains 506 sites
	-> Printing at chr: OZ034731.1 pos:5793405 chunknumber 10600 contains 529 sites
	-> Printing at chr: OZ034731.1 pos:5845021 chunknumber 10700 contains 551 sites
	-> Printing at chr: OZ034731.1 pos:5893771 chunknumber 10800 contains 253 sites
	-> Printing at chr: OZ034731.1 pos:5927460 chunknumber 10900 contains 515 sites
	-> Printing at chr: OZ034731.1 pos:5964023 chunknumber 11000 contains 264 sites
	-> Printing at chr: OZ034731.1 pos:5999624 chunknumber 11100 contains 256 sites
	-> Printing at chr: OZ034731.1 pos:6038730 chunknumber 11200 contains 393 sites
	-> Printing at chr: OZ034731.1 pos:6075816 chunknumber 11300 contains 308 sites
	-> Printing at chr: OZ034731.1 pos:6111454 chunknumber 11400 contains 363 sites
	-> Printing at chr: OZ034731.1 pos:6147827 chunknumber 11500 contains 402 sites
	-> Printing at chr: OZ034731.1 pos:6185222 chunknumber 11600 contains 385 sites
	-> Printing at chr: OZ034731.1 pos:6222606 chunknumber 11700 contains 462 sites
	-> Printing at chr: OZ034731.1 pos:6308732 chunknumber 11800 contains 2471 sites
	-> Printing at chr: OZ034731.1 pos:6425416 chunknumber 11900 contains 252 sites
	-> Printing at chr: OZ034731.1 pos:6492838 chunknumber 12000 contains 252 sites
	-> Printing at chr: OZ034731.1 pos:6609191 chunknumber 12100 contains 314 sites
	-> Printing at chr: OZ034731.1 pos:6742783 chunknumber 12200 contains 412 sites
	-> Printing at chr: OZ034731.1 pos:6888213 chunknumber 12300 contains 311 sites
	-> Printing at chr: OZ034731.1 pos:7021247 chunknumber 12400 contains 3415 sites
	-> Printing at chr: OZ034731.1 pos:7104872 chunknumber 12500 contains 432 sites
	-> Printing at chr: OZ034731.1 pos:7141899 chunknumber 12600 contains 322 sites
	-> Printing at chr: OZ034731.1 pos:7180536 chunknumber 12700 contains 321 sites
	-> Printing at chr: OZ034731.1 pos:7215420 chunknumber 12800 contains 430 sites
	-> Printing at chr: OZ034731.1 pos:7251212 chunknumber 12900 contains 254 sites
	-> Printing at chr: OZ034731.1 pos:7314606 chunknumber 13000 contains 376 sites
	-> Printing at chr: OZ034731.1 pos:7391034 chunknumber 13100 contains 523 sites
	-> Printing at chr: OZ034731.1 pos:7437210 chunknumber 13200 contains 353 sites
	-> Printing at chr: OZ034731.1 pos:7595010 chunknumber 13300 contains 5668 sites
	-> Printing at chr: OZ034731.1 pos:7791187 chunknumber 13400 contains 253 sites
	-> Printing at chr: OZ034731.1 pos:7825392 chunknumber 13500 contains 683 sites
	-> Printing at chr: OZ034731.1 pos:7865249 chunknumber 13600 contains 369 sites
	-> Printing at chr: OZ034731.1 pos:7935906 chunknumber 13700 contains 312 sites
	-> Printing at chr: OZ034731.1 pos:7975265 chunknumber 13800 contains 310 sites
	-> Printing at chr: OZ034731.1 pos:8012072 chunknumber 13900 contains 433 sites
	-> Printing at chr: OZ034731.1 pos:8047644 chunknumber 14000 contains 383 sites
	-> Printing at chr: OZ034731.1 pos:8084784 chunknumber 14100 contains 290 sites
	-> Printing at chr: OZ034731.1 pos:8275445 chunknumber 14200 contains 3983 sites
	-> Printing at chr: OZ034731.1 pos:8406264 chunknumber 14300 contains 484 sites
	-> Printing at chr: OZ034731.1 pos:8448743 chunknumber 14400 contains 259 sites
	-> Printing at chr: OZ034731.1 pos:8483641 chunknumber 14500 contains 379 sites
	-> Printing at chr: OZ034731.1 pos:8518693 chunknumber 14600 contains 251 sites
	-> Printing at chr: OZ034731.1 pos:8555188 chunknumber 14700 contains 263 sites
	-> Printing at chr: OZ034731.1 pos:8591302 chunknumber 14800 contains 333 sites
	-> Printing at chr: OZ034731.1 pos:8627888 chunknumber 14900 contains 522 sites
	-> Printing at chr: OZ034731.1 pos:8664068 chunknumber 15000 contains 258 sites
	-> Printing at chr: OZ034731.1 pos:8711845 chunknumber 15100 contains 312 sites
	-> Printing at chr: OZ034731.1 pos:8803607 chunknumber 15200 contains 4997 sites
	-> Printing at chr: OZ034731.1 pos:8888107 chunknumber 15300 contains 820 sites
	-> Printing at chr: OZ034731.1 pos:8949549 chunknumber 15400 contains 351 sites
	-> Printing at chr: OZ034731.1 pos:9004842 chunknumber 15500 contains 254 sites
	-> Printing at chr: OZ034731.1 pos:9040348 chunknumber 15600 contains 307 sites
	-> Printing at chr: OZ034731.1 pos:9075487 chunknumber 15700 contains 266 sites
	-> Printing at chr: OZ034731.1 pos:9173204 chunknumber 15800 contains 2015 sites
	-> Printing at chr: OZ034731.1 pos:9426537 chunknumber 15900 contains 507 sites
	-> Printing at chr: OZ034731.1 pos:9471833 chunknumber 16000 contains 319 sites
	-> Printing at chr: OZ034731.1 pos:9509815 chunknumber 16100 contains 443 sites
	-> Printing at chr: OZ034731.1 pos:9555582 chunknumber 16200 contains 327 sites
	-> Printing at chr: OZ034731.1 pos:9602258 chunknumber 16300 contains 366 sites
	-> Printing at chr: OZ034731.1 pos:9637732 chunknumber 16400 contains 324 sites
	-> Printing at chr: OZ034731.1 pos:9674201 chunknumber 16500 contains 313 sites
	-> Printing at chr: OZ034731.1 pos:9716334 chunknumber 16600 contains 317 sites
	-> Printing at chr: OZ034731.1 pos:9812597 chunknumber 16700 contains 345 sites
	-> Printing at chr: OZ034731.1 pos:9851565 chunknumber 16800 contains 367 sites
	-> Printing at chr: OZ034731.1 pos:9889644 chunknumber 16900 contains 255 sites
	-> Printing at chr: OZ034731.1 pos:9925860 chunknumber 17000 contains 310 sites
	-> Printing at chr: OZ034731.1 pos:9962394 chunknumber 17100 contains 327 sites
	-> Printing at chr: OZ034731.1 pos:10000564 chunknumber 17200 contains 292 sites
	-> Printing at chr: OZ034731.1 pos:10039978 chunknumber 17300 contains 367 sites
	-> Printing at chr: OZ034731.1 pos:10107025 chunknumber 17400 contains 263 sites
	-> Printing at chr: OZ034731.1 pos:10141474 chunknumber 17500 contains 263 sites
	-> Printing at chr: OZ034731.1 pos:10197228 chunknumber 17600 contains 343 sites
	-> Printing at chr: OZ034731.1 pos:10237115 chunknumber 17700 contains 264 sites
	-> Printing at chr: OZ034731.1 pos:10288717 chunknumber 17800 contains 294 sites
	-> Printing at chr: OZ034731.1 pos:10340411 chunknumber 17900 contains 258 sites
	-> Printing at chr: OZ034731.1 pos:10375793 chunknumber 18000 contains 438 sites
	-> Printing at chr: OZ034731.1 pos:10451772 chunknumber 18100 contains 258 sites
	-> Printing at chr: OZ034731.1 pos:10582129 chunknumber 18200 contains 1727 sites
	-> Printing at chr: OZ034731.1 pos:10642486 chunknumber 18300 contains 258 sites
	-> Printing at chr: OZ034731.1 pos:10676993 chunknumber 18400 contains 388 sites
	-> Printing at chr: OZ034731.1 pos:10710345 chunknumber 18500 contains 376 sites
	-> Printing at chr: OZ034731.1 pos:10745498 chunknumber 18600 contains 254 sites
	-> Printing at chr: OZ034731.1 pos:10780829 chunknumber 18700 contains 467 sites

	-> Allocated ~ 170 million nodes to the nodepool, this is not an estimate of the memory usage
	-> Printing at chr: OZ034731.1 pos:11065140 chunknumber 18800 contains 2891 sites

	-> Allocated ~ 180 million nodes to the nodepool, this is not an estimate of the memory usage

	-> Allocated ~ 190 million nodes to the nodepool, this is not an estimate of the memory usage

	-> Allocated ~ 200 million nodes to the nodepool, this is not an estimate of the memory usage
	-> Printing at chr: OZ034731.1 pos:11284203 chunknumber 18900 contains 854 sites
	-> Printing at chr: OZ034731.1 pos:11546362 chunknumber 19000 contains 532 sites
	-> Printing at chr: OZ034731.1 pos:11735681 chunknumber 19100 contains 269 sites
	-> Printing at chr: OZ034731.1 pos:11794227 chunknumber 19200 contains 363 sites
	-> Printing at chr: OZ034731.1 pos:11861084 chunknumber 19300 contains 559 sites
	-> Printing at chr: OZ034731.1 pos:11897552 chunknumber 19400 contains 415 sites
	-> Printing at chr: OZ034731.1 pos:11939754 chunknumber 19500 contains 259 sites
	-> Printing at chr: OZ034731.1 pos:11978143 chunknumber 19600 contains 258 sites
	-> Printing at chr: OZ034731.1 pos:12015087 chunknumber 19700 contains 467 sites
	-> Printing at chr: OZ034731.1 pos:12052012 chunknumber 19800 contains 288 sites
	-> Printing at chr: OZ034731.1 pos:12090695 chunknumber 19900 contains 602 sites
	-> Printing at chr: OZ034731.1 pos:12155423 chunknumber 20000 contains 352 sites
	-> Printing at chr: OZ034731.1 pos:12201736 chunknumber 20100 contains 605 sites
	-> Printing at chr: OZ034731.1 pos:12241585 chunknumber 20200 contains 459 sites
	-> Printing at chr: OZ034731.1 pos:12344776 chunknumber 20300 contains 361 sites
	-> Printing at chr: OZ034731.1 pos:12382937 chunknumber 20400 contains 368 sites
	-> Printing at chr: OZ034731.1 pos:12419976 chunknumber 20500 contains 550 sites
	-> Printing at chr: OZ034731.1 pos:12483069 chunknumber 20600 contains 500 sites
	-> Printing at chr: OZ034731.1 pos:12519504 chunknumber 20700 contains 413 sites
	-> Printing at chr: OZ034731.1 pos:12559475 chunknumber 20800 contains 350 sites
	-> Printing at chr: OZ034731.1 pos:12590303 chunknumber 20900 contains 350 sites
	-> Printing at chr: OZ034731.1 pos:12636153 chunknumber 21000 contains 252 sites
	-> Printing at chr: OZ034731.1 pos:12670239 chunknumber 21100 contains 264 sites
	-> Printing at chr: OZ034731.1 pos:12708768 chunknumber 21200 contains 251 sites
	-> Printing at chr: OZ034731.1 pos:12746531 chunknumber 21300 contains 444 sites
	-> Printing at chr: OZ034731.1 pos:12795952 chunknumber 21400 contains 290 sites
	-> Printing at chr: OZ034731.1 pos:12834689 chunknumber 21500 contains 340 sites
	-> Printing at chr: OZ034731.1 pos:12869654 chunknumber 21600 contains 254 sites
	-> Printing at chr: OZ034731.1 pos:12905627 chunknumber 21700 contains 299 sites
	-> Printing at chr: OZ034731.1 pos:12947329 chunknumber 21800 contains 279 sites
	-> Printing at chr: OZ034731.1 pos:12984158 chunknumber 21900 contains 278 sites
	-> Printing at chr: OZ034731.1 pos:13018949 chunknumber 22000 contains 358 sites
	-> Printing at chr: OZ034731.1 pos:13056225 chunknumber 22100 contains 442 sites
	-> Printing at chr: OZ034731.1 pos:13091976 chunknumber 22200 contains 268 sites
	-> Printing at chr: OZ034731.1 pos:13126496 chunknumber 22300 contains 376 sites
	-> Printing at chr: OZ034731.1 pos:13184399 chunknumber 22400 contains 260 sites
	-> Printing at chr: OZ034731.1 pos:13220367 chunknumber 22500 contains 287 sites
	-> Printing at chr: OZ034731.1 pos:13258982 chunknumber 22600 contains 321 sites
	-> Printing at chr: OZ034731.1 pos:13295372 chunknumber 22700 contains 292 sites
	-> Printing at chr: OZ034731.1 pos:13333680 chunknumber 22800 contains 505 sites
	-> Printing at chr: OZ034731.1 pos:13387630 chunknumber 22900 contains 254 sites
	-> Printing at chr: OZ034731.1 pos:13422105 chunknumber 23000 contains 284 sites
	-> Printing at chr: OZ034731.1 pos:13457178 chunknumber 23100 contains 254 sites
	-> Printing at chr: OZ034731.1 pos:13516063 chunknumber 23200 contains 359 sites
	-> Printing at chr: OZ034731.1 pos:13551831 chunknumber 23300 contains 986 sites
	-> Printing at chr: OZ034731.1 pos:13586977 chunknumber 23400 contains 339 sites
	-> Printing at chr: OZ034731.1 pos:13652438 chunknumber 23500 contains 474 sites
	-> Printing at chr: OZ034731.1 pos:13692282 chunknumber 23600 contains 748 sites
	-> Printing at chr: OZ034731.1 pos:13737437 chunknumber 23700 contains 432 sites
	-> Printing at chr: OZ034731.1 pos:13771502 chunknumber 23800 contains 758 sites
	-> Printing at chr: OZ034731.1 pos:13817575 chunknumber 23900 contains 387 sites
	-> Printing at chr: OZ034731.1 pos:13916019 chunknumber 24000 contains 336 sites
	-> Printing at chr: OZ034731.1 pos:13960701 chunknumber 24100 contains 327 sites
	-> Printing at chr: OZ034731.1 pos:14000239 chunknumber 24200 contains 355 sites
	-> Printing at chr: OZ034731.1 pos:14073226 chunknumber 24300 contains 4328 sites
	-> Printing at chr: OZ034731.1 pos:14332540 chunknumber 24400 contains 541 sites
	-> Printing at chr: OZ034731.1 pos:14371060 chunknumber 24500 contains 286 sites
	-> Printing at chr: OZ034731.1 pos:14417535 chunknumber 24600 contains 271 sites
	-> Printing at chr: OZ034731.1 pos:14451868 chunknumber 24700 contains 254 sites
	-> Printing at chr: OZ034731.1 pos:14485108 chunknumber 24800 contains 262 sites
	-> Printing at chr: OZ034731.1 pos:14521802 chunknumber 24900 contains 260 sites
	-> Printing at chr: OZ034731.1 pos:14557730 chunknumber 25000 contains 257 sites
	-> Printing at chr: OZ034731.1 pos:14592456 chunknumber 25100 contains 254 sites
	-> Printing at chr: OZ034731.1 pos:14628923 chunknumber 25200 contains 257 sites
	-> Printing at chr: OZ034731.1 pos:14663603 chunknumber 25300 contains 345 sites
	-> Printing at chr: OZ034731.1 pos:14699016 chunknumber 25400 contains 265 sites
	-> Printing at chr: OZ034731.1 pos:14735813 chunknumber 25500 contains 346 sites
	-> Printing at chr: OZ034731.1 pos:14770162 chunknumber 25600 contains 375 sites
	-> Printing at chr: OZ034731.1 pos:14844574 chunknumber 25700 contains 474 sites
	-> Printing at chr: OZ034731.1 pos:14912569 chunknumber 25800 contains 299 sites
	-> Printing at chr: OZ034731.1 pos:15016173 chunknumber 25900 contains 995 sites
	-> Printing at chr: OZ034731.1 pos:15136560 chunknumber 26000 contains 251 sites
	-> Printing at chr: OZ034731.1 pos:15262920 chunknumber 26100 contains 257 sites
	-> Printing at chr: OZ034731.1 pos:15355456 chunknumber 26200 contains 386 sites
	-> Printing at chr: OZ034731.1 pos:15439455 chunknumber 26300 contains 251 sites
	-> Printing at chr: OZ034731.1 pos:15509945 chunknumber 26400 contains 254 sites
	-> Printing at chr: OZ034731.1 pos:15574886 chunknumber 26500 contains 727 sites
	-> Printing at chr: OZ034731.1 pos:15691871 chunknumber 26600 contains 278 sites
	-> Printing at chr: OZ034731.1 pos:15791435 chunknumber 26700 contains 1018 sites
	-> Printing at chr: OZ034731.1 pos:15911599 chunknumber 26800 contains 252 sites
	-> Printing at chr: OZ034731.1 pos:15971517 chunknumber 26900 contains 263 sites
	-> Printing at chr: OZ034731.1 pos:15999791 chunknumber 27000 contains 380 sites
	-> Printing at chr: OZ034731.1 pos:16048710 chunknumber 27100 contains 251 sites
	-> Printing at chr: OZ034731.1 pos:16091382 chunknumber 27200 contains 476 sites
	-> Printing at chr: OZ034731.1 pos:16130263 chunknumber 27300 contains 330 sites
	-> Printing at chr: OZ034731.1 pos:16165602 chunknumber 27400 contains 256 sites
	-> Printing at chr: OZ034731.1 pos:16234392 chunknumber 27500 contains 412 sites
	-> Printing at chr: OZ034731.1 pos:16293327 chunknumber 27600 contains 338 sites
	-> Printing at chr: OZ034731.1 pos:16358449 chunknumber 27700 contains 252 sites
	-> Printing at chr: OZ034731.1 pos:16428831 chunknumber 27800 contains 292 sites
	-> Printing at chr: OZ034731.1 pos:16532960 chunknumber 27900 contains 251 sites
	-> Printing at chr: OZ034731.1 pos:16595032 chunknumber 28000 contains 287 sites
	-> Printing at chr: OZ034731.1 pos:16653896 chunknumber 28100 contains 361 sites
	-> Printing at chr: OZ034731.1 pos:16689999 chunknumber 28200 contains 438 sites
	-> Printing at chr: OZ034731.1 pos:16766281 chunknumber 28300 contains 4157 sites
	-> Printing at chr: OZ034731.1 pos:16824179 chunknumber 28400 contains 389 sites
	-> Printing at chr: OZ034731.1 pos:16858820 chunknumber 28500 contains 326 sites
	-> Printing at chr: OZ034731.1 pos:16899331 chunknumber 28600 contains 500 sites
	-> Printing at chr: OZ034731.1 pos:16952948 chunknumber 28700 contains 453 sites
	-> Printing at chr: OZ034731.1 pos:16991375 chunknumber 28800 contains 522 sites
	-> Printing at chr: OZ034731.1 pos:17036636 chunknumber 28900 contains 251 sites
	-> Printing at chr: OZ034731.1 pos:17106319 chunknumber 29000 contains 398 sites
	-> Printing at chr: OZ034731.1 pos:17433990 chunknumber 29100 contains 315 sites
	-> Printing at chr: OZ034731.1 pos:17510148 chunknumber 29200 contains 426 sites
	-> Printing at chr: OZ034731.1 pos:17542810 chunknumber 29300 contains 257 sites
	-> Printing at chr: OZ034731.1 pos:17603328 chunknumber 29400 contains 252 sites
	-> Printing at chr: OZ034731.1 pos:17664547 chunknumber 29500 contains 527 sites
	-> Printing at chr: OZ034731.1 pos:17840711 chunknumber 29600 contains 1391 sites
	-> Printing at chr: OZ034731.1 pos:18131582 chunknumber 29700 contains 651 sites
	-> Printing at chr: OZ034731.1 pos:18370562 chunknumber 29800 contains 921 sites
	-> Printing at chr: OZ034731.1 pos:18767502 chunknumber 29900 contains 2606 sites
	-> Printing at chr: OZ034731.1 pos:18949077 chunknumber 30000 contains 2497 sites
	-> Printing at chr: OZ034731.1 pos:19066848 chunknumber 30100 contains 298 sites
	-> Printing at chr: OZ034731.1 pos:19171862 chunknumber 30200 contains 836 sites
	-> Printing at chr: OZ034731.1 pos:19254292 chunknumber 30300 contains 462 sites
	-> Printing at chr: OZ034731.1 pos:19367683 chunknumber 30400 contains 260 sites
	-> Printing at chr: OZ034731.1 pos:19499238 chunknumber 30500 contains 792 sites
	-> Printing at chr: OZ034731.1 pos:19778377 chunknumber 30600 contains 1767 sites
	-> Printing at chr: OZ034731.1 pos:19815494 chunknumber 30700 contains 256 sites
	-> Printing at chr: OZ034731.1 pos:19860289 chunknumber 30800 contains 287 sites
	-> Printing at chr: OZ034731.1 pos:20062701 chunknumber 30900 contains 6519 sites
	-> Printing at chr: OZ034731.1 pos:20449974 chunknumber 31000 contains 1287 sites
	-> Printing at chr: OZ034731.1 pos:20897193 chunknumber 31100 contains 7106 sites
	-> Printing at chr: OZ034731.1 pos:21247873 chunknumber 31200 contains 253 sites
	-> Printing at chr: OZ034731.1 pos:21647413 chunknumber 31300 contains 2182 sites
	-> Printing at chr: OZ034731.1 pos:21905845 chunknumber 31400 contains 286 sites
	-> Printing at chr: OZ034731.1 pos:22107250 chunknumber 31500 contains 2413 sites
	-> Printing at chr: OZ034731.1 pos:22410102 chunknumber 31600 contains 2395 sites
	-> Printing at chr: OZ034731.1 pos:22809913 chunknumber 31700 contains 2484 sites
	-> Printing at chr: OZ034731.1 pos:22853545 chunknumber 31800 contains 464 sites
	-> Printing at chr: OZ034731.1 pos:22893378 chunknumber 31900 contains 465 sites
	-> Printing at chr: OZ034731.1 pos:23005554 chunknumber 32000 contains 626 sites
	-> Printing at chr: OZ034731.1 pos:23094655 chunknumber 32100 contains 265 sites
	-> Printing at chr: OZ034731.1 pos:23131657 chunknumber 32200 contains 252 sites
	-> Printing at chr: OZ034731.1 pos:23218125 chunknumber 32300 contains 1868 sites
	-> Printing at chr: OZ034731.1 pos:23403017 chunknumber 32400 contains 607 sites
	-> Printing at chr: OZ034731.1 pos:23474539 chunknumber 32500 contains 317 sites
	-> Printing at chr: OZ034731.1 pos:23524967 chunknumber 32600 contains 346 sites
	-> Printing at chr: OZ034731.1 pos:23858828 chunknumber 32700 contains 36840 sites
	-> Printing at chr: OZ034731.1 pos:24284311 chunknumber 32800 contains 305 sites
	-> Printing at chr: OZ034731.1 pos:24650234 chunknumber 32900 contains 1447 sites
	-> Printing at chr: OZ034731.1 pos:25154653 chunknumber 33000 contains 1608 sites

	-> Allocated ~ 210 million nodes to the nodepool, this is not an estimate of the memory usage
	-> Printing at chr: OZ034731.1 pos:25391903 chunknumber 33100 contains 254 sites
	-> Printing at chr: OZ034731.1 pos:25722186 chunknumber 33200 contains 317 sites
	-> Printing at chr: OZ034731.1 pos:25761162 chunknumber 33300 contains 362 sites
	-> Printing at chr: OZ034731.1 pos:25812596 chunknumber 33400 contains 743 sites
	-> Printing at chr: OZ034731.1 pos:25879163 chunknumber 33500 contains 315 sites
	-> Printing at chr: OZ034731.1 pos:25943210 chunknumber 33600 contains 253 sites
	-> Printing at chr: OZ034731.1 pos:25980310 chunknumber 33700 contains 321 sites
	-> Printing at chr: OZ034731.1 pos:26138908 chunknumber 33800 contains 654 sites
	-> Printing at chr: OZ034731.1 pos:26564704 chunknumber 33900 contains 294 sites
	-> Printing at chr: OZ034731.1 pos:26845474 chunknumber 34000 contains 252 sites
	-> Printing at chr: OZ034731.1 pos:27252959 chunknumber 34100 contains 2210 sites
	-> Printing at chr: OZ034731.1 pos:27571633 chunknumber 34200 contains 356 sites
	-> Printing at chr: OZ034731.1 pos:27859141 chunknumber 34300 contains 7464 sites
	-> Printing at chr: OZ034731.1 pos:28177980 chunknumber 34400 contains 456 sites
	-> Printing at chr: OZ034731.1 pos:28473387 chunknumber 34500 contains 674 sites
	-> Printing at chr: OZ034731.1 pos:28828091 chunknumber 34600 contains 1701 sites
	-> Printing at chr: OZ034731.1 pos:28966885 chunknumber 34700 contains 619 sites
	-> Printing at chr: OZ034731.1 pos:29132971 chunknumber 34800 contains 254 sites
	-> Printing at chr: OZ034731.1 pos:29307319 chunknumber 34900 contains 11028 sites
	-> Printing at chr: OZ034731.1 pos:29386340 chunknumber 35000 contains 295 sites
	-> Printing at chr: OZ034731.1 pos:29422581 chunknumber 35100 contains 369 sites
	-> Printing at chr: OZ034731.1 pos:29464210 chunknumber 35200 contains 328 sites
	-> Printing at chr: OZ034731.1 pos:29500896 chunknumber 35300 contains 299 sites
	-> Printing at chr: OZ034731.1 pos:29552579 chunknumber 35400 contains 556 sites
	-> Printing at chr: OZ034731.1 pos:29590053 chunknumber 35500 contains 287 sites
	-> Printing at chr: OZ034731.1 pos:29624724 chunknumber 35600 contains 286 sites
	-> Printing at chr: OZ034731.1 pos:29659505 chunknumber 35700 contains 251 sites
	-> Printing at chr: OZ034731.1 pos:29690829 chunknumber 35800 contains 574 sites
	-> Printing at chr: OZ034731.1 pos:29730030 chunknumber 35900 contains 1142 sites
	-> Printing at chr: OZ034731.1 pos:29775570 chunknumber 36000 contains 421 sites
	-> Printing at chr: OZ034731.1 pos:29838010 chunknumber 36100 contains 978 sites
	-> Printing at chr: OZ034731.1 pos:29892747 chunknumber 36200 contains 262 sites
	-> Printing at chr: OZ034731.1 pos:29986314 chunknumber 36300 contains 2038 sites
	-> Printing at chr: OZ034731.1 pos:30143389 chunknumber 36400 contains 3533 sites
	-> Printing at chr: OZ034731.1 pos:30283980 chunknumber 36500 contains 269 sites
	-> Printing at chr: OZ034731.1 pos:30320906 chunknumber 36600 contains 279 sites
	-> Printing at chr: OZ034731.1 pos:30355695 chunknumber 36700 contains 260 sites
	-> Printing at chr: OZ034731.1 pos:30431993 chunknumber 36800 contains 282 sites
	-> Printing at chr: OZ034731.1 pos:30509658 chunknumber 36900 contains 354 sites
	-> Printing at chr: OZ034731.1 pos:30549303 chunknumber 37000 contains 292 sites
	-> Printing at chr: OZ034731.1 pos:30596413 chunknumber 37100 contains 276 sites
	-> Printing at chr: OZ034731.1 pos:30628973 chunknumber 37200 contains 405 sites
	-> Printing at chr: OZ034731.1 pos:30680331 chunknumber 37300 contains 2158 sites
	-> Printing at chr: OZ034731.1 pos:30949694 chunknumber 37400 contains 475 sites
	-> Printing at chr: OZ034731.1 pos:31160687 chunknumber 37500 contains 1465 sites
	-> Printing at chr: OZ034731.1 pos:31393958 chunknumber 37600 contains 820 sites
	-> Printing at chr: OZ034731.1 pos:31694547 chunknumber 37700 contains 828 sites
	-> Printing at chr: OZ034731.1 pos:31945327 chunknumber 37800 contains 945 sites
	-> Printing at chr: OZ034731.1 pos:32180617 chunknumber 37900 contains 1806 sites
	-> Printing at chr: OZ034731.1 pos:32250433 chunknumber 38000 contains 476 sites
	-> Printing at chr: OZ034731.1 pos:32287844 chunknumber 38100 contains 546 sites
	-> Printing at chr: OZ034731.1 pos:32332366 chunknumber 38200 contains 868 sites
	-> Printing at chr: OZ034731.1 pos:32407954 chunknumber 38300 contains 857 sites
	-> Printing at chr: OZ034731.1 pos:32661256 chunknumber 38400 contains 611 sites
	-> Printing at chr: OZ034731.1 pos:32851040 chunknumber 38500 contains 4482 sites
	-> Printing at chr: OZ034731.1 pos:32981696 chunknumber 38600 contains 253 sites
	-> Printing at chr: OZ034731.1 pos:33056587 chunknumber 38700 contains 704 sites
	-> Printing at chr: OZ034731.1 pos:33172162 chunknumber 38800 contains 1246 sites
	-> Printing at chr: OZ034731.1 pos:33319377 chunknumber 38900 contains 1715 sites
	-> Printing at chr: OZ034731.1 pos:33433504 chunknumber 39000 contains 310 sites
	-> Printing at chr: OZ034731.1 pos:33523222 chunknumber 39100 contains 328 sites
	-> Printing at chr: OZ034731.1 pos:33559497 chunknumber 39200 contains 258 sites
	-> Printing at chr: OZ034731.1 pos:33597200 chunknumber 39300 contains 395 sites
	-> Printing at chr: OZ034731.1 pos:33645915 chunknumber 39400 contains 776 sites
	-> Printing at chr: OZ034731.1 pos:33705824 chunknumber 39500 contains 326 sites
	-> Printing at chr: OZ034731.1 pos:33768902 chunknumber 39600 contains 254 sites
	-> Printing at chr: OZ034731.1 pos:33958121 chunknumber 39700 contains 429 sites
	-> Printing at chr: OZ034731.1 pos:33994421 chunknumber 39800 contains 2009 sites
	-> Printing at chr: OZ034731.1 pos:34045372 chunknumber 39900 contains 579 sites
	-> Printing at chr: OZ034731.1 pos:34083175 chunknumber 40000 contains 553 sites
	-> Printing at chr: OZ034731.1 pos:34121611 chunknumber 40100 contains 346 sites
	-> Printing at chr: OZ034731.1 pos:34161274 chunknumber 40200 contains 525 sites
	-> Printing at chr: OZ034731.1 pos:34201225 chunknumber 40300 contains 479 sites
	-> Printing at chr: OZ034731.1 pos:34246758 chunknumber 40400 contains 368 sites
	-> Printing at chr: OZ034731.1 pos:34286228 chunknumber 40500 contains 432 sites
	-> Printing at chr: OZ034731.1 pos:34324363 chunknumber 40600 contains 422 sites
	-> Printing at chr: OZ034731.1 pos:34360829 chunknumber 40700 contains 333 sites
	-> Printing at chr: OZ034731.1 pos:34657514 chunknumber 40800 contains 4258 sites
	-> Printing at chr: OZ034731.1 pos:34909195 chunknumber 40900 contains 384 sites
	-> Printing at chr: OZ034731.1 pos:34945343 chunknumber 41000 contains 300 sites
	-> Printing at chr: OZ034731.1 pos:34983529 chunknumber 41100 contains 380 sites
	-> Printing at chr: OZ034731.1 pos:35017252 chunknumber 41200 contains 258 sites
	-> Printing at chr: OZ034731.1 pos:35054579 chunknumber 41300 contains 458 sites
	-> Printing at chr: OZ034731.1 pos:35091590 chunknumber 41400 contains 351 sites
	-> Printing at chr: OZ034731.1 pos:35125499 chunknumber 41500 contains 349 sites
	-> Printing at chr: OZ034731.1 pos:35162741 chunknumber 41600 contains 461 sites
	-> Printing at chr: OZ034731.1 pos:35209831 chunknumber 41700 contains 683 sites
	-> Printing at chr: OZ034731.1 pos:35300117 chunknumber 41800 contains 630 sites
	-> Printing at chr: OZ034731.1 pos:35388244 chunknumber 41900 contains 948 sites
	-> Printing at chr: OZ034731.1 pos:35454833 chunknumber 42000 contains 338 sites
	-> Printing at chr: OZ034731.1 pos:35491529 chunknumber 42100 contains 394 sites
	-> Printing at chr: OZ034731.1 pos:35528723 chunknumber 42200 contains 382 sites
	-> Printing at chr: OZ034731.1 pos:35565476 chunknumber 42300 contains 258 sites
	-> Printing at chr: OZ034731.1 pos:35599973 chunknumber 42400 contains 443 sites
	-> Printing at chr: OZ034731.1 pos:35636080 chunknumber 42500 contains 363 sites
	-> Printing at chr: OZ034731.1 pos:35672798 chunknumber 42600 contains 287 sites
	-> Printing at chr: OZ034731.1 pos:35707091 chunknumber 42700 contains 416 sites
	-> Printing at chr: OZ034731.1 pos:35746601 chunknumber 42800 contains 311 sites
	-> Printing at chr: OZ034731.1 pos:35781502 chunknumber 42900 contains 317 sites
	-> Printing at chr: OZ034731.1 pos:35817473 chunknumber 43000 contains 260 sites
	-> Printing at chr: OZ034731.1 pos:35851857 chunknumber 43100 contains 691 sites
	-> Printing at chr: OZ034731.1 pos:35890072 chunknumber 43200 contains 363 sites
	-> Printing at chr: OZ034731.1 pos:35943354 chunknumber 43300 contains 252 sites
	-> Printing at chr: OZ034731.1 pos:36002244 chunknumber 43400 contains 291 sites
	-> Printing at chr: OZ034731.1 pos:36085236 chunknumber 43500 contains 2467 sites
	-> Printing at chr: OZ034731.1 pos:36277079 chunknumber 43600 contains 342 sites
	-> Printing at chr: OZ034731.1 pos:36323687 chunknumber 43700 contains 731 sites
	-> Printing at chr: OZ034731.1 pos:36474690 chunknumber 43800 contains 3343 sites
	-> Printing at chr: OZ034731.1 pos:36694220 chunknumber 43900 contains 296 sites
	-> Printing at chr: OZ034731.1 pos:36747003 chunknumber 44000 contains 3543 sites
	-> Printing at chr: OZ034731.1 pos:36796948 chunknumber 44100 contains 469 sites
	-> Printing at chr: OZ034731.1 pos:36834341 chunknumber 44200 contains 342 sites
	-> Region lookup 2/142
	-> Printing at chr: OZ034732.1 pos:69641 chunknumber 44300 contains 325 sites
	-> Printing at chr: OZ034732.1 pos:104881 chunknumber 44400 contains 262 sites
	-> Printing at chr: OZ034732.1 pos:142988 chunknumber 44500 contains 335 sites
	-> Printing at chr: OZ034732.1 pos:179507 chunknumber 44600 contains 259 sites
	-> Printing at chr: OZ034732.1 pos:219117 chunknumber 44700 contains 570 sites
	-> Printing at chr: OZ034732.1 pos:259012 chunknumber 44800 contains 256 sites
	-> Printing at chr: OZ034732.1 pos:294057 chunknumber 44900 contains 252 sites
	-> Printing at chr: OZ034732.1 pos:331640 chunknumber 45000 contains 269 sites
	-> Printing at chr: OZ034732.1 pos:371126 chunknumber 45100 contains 325 sites
	-> Printing at chr: OZ034732.1 pos:406967 chunknumber 45200 contains 349 sites
	-> Printing at chr: OZ034732.1 pos:443041 chunknumber 45300 contains 268 sites
	-> Printing at chr: OZ034732.1 pos:494113 chunknumber 45400 contains 334 sites
	-> Printing at chr: OZ034732.1 pos:545086 chunknumber 45500 contains 365 sites
	-> Printing at chr: OZ034732.1 pos:582460 chunknumber 45600 contains 323 sites
	-> Printing at chr: OZ034732.1 pos:617578 chunknumber 45700 contains 359 sites
	-> Printing at chr: OZ034732.1 pos:652165 chunknumber 45800 contains 324 sites
	-> Printing at chr: OZ034732.1 pos:689399 chunknumber 45900 contains 363 sites
	-> Printing at chr: OZ034732.1 pos:723786 chunknumber 46000 contains 261 sites
	-> Printing at chr: OZ034732.1 pos:762296 chunknumber 46100 contains 869 sites
	-> Printing at chr: OZ034732.1 pos:859238 chunknumber 46200 contains 268 sites
	-> Printing at chr: OZ034732.1 pos:984831 chunknumber 46300 contains 514 sites
	-> Printing at chr: OZ034732.1 pos:1063096 chunknumber 46400 contains 3416 sites
	-> Printing at chr: OZ034732.1 pos:1129519 chunknumber 46500 contains 550 sites
	-> Printing at chr: OZ034732.1 pos:1165462 chunknumber 46600 contains 270 sites
	-> Printing at chr: OZ034732.1 pos:1224000 chunknumber 46700 contains 488 sites
	-> Printing at chr: OZ034732.1 pos:1261945 chunknumber 46800 contains 252 sites
	-> Printing at chr: OZ034732.1 pos:1306335 chunknumber 46900 contains 411 sites
	-> Printing at chr: OZ034732.1 pos:1365166 chunknumber 47000 contains 251 sites
	-> Printing at chr: OZ034732.1 pos:1415197 chunknumber 47100 contains 7119 sites
	-> Printing at chr: OZ034732.1 pos:1468337 chunknumber 47200 contains 255 sites
	-> Printing at chr: OZ034732.1 pos:1534840 chunknumber 47300 contains 933 sites
	-> Printing at chr: OZ034732.1 pos:1576991 chunknumber 47400 contains 454 sites
	-> Printing at chr: OZ034732.1 pos:1611611 chunknumber 47500 contains 477 sites
	-> Printing at chr: OZ034732.1 pos:1653384 chunknumber 47600 contains 446 sites
	-> Printing at chr: OZ034732.1 pos:1689769 chunknumber 47700 contains 393 sites
	-> Printing at chr: OZ034732.1 pos:1722874 chunknumber 47800 contains 332 sites
	-> Printing at chr: OZ034732.1 pos:1777355 chunknumber 47900 contains 549 sites
	-> Printing at chr: OZ034732.1 pos:1833390 chunknumber 48000 contains 266 sites
	-> Printing at chr: OZ034732.1 pos:1877222 chunknumber 48100 contains 307 sites
	-> Printing at chr: OZ034732.1 pos:1911437 chunknumber 48200 contains 3634 sites
	-> Printing at chr: OZ034732.1 pos:1967802 chunknumber 48300 contains 370 sites
	-> Printing at chr: OZ034732.1 pos:2007678 chunknumber 48400 contains 475 sites
	-> Printing at chr: OZ034732.1 pos:2096264 chunknumber 48500 contains 339 sites
	-> Printing at chr: OZ034732.1 pos:2133868 chunknumber 48600 contains 349 sites
	-> Printing at chr: OZ034732.1 pos:2169860 chunknumber 48700 contains 256 sites
	-> Printing at chr: OZ034732.1 pos:2206005 chunknumber 48800 contains 413 sites
	-> Printing at chr: OZ034732.1 pos:2239509 chunknumber 48900 contains 438 sites
	-> Printing at chr: OZ034732.1 pos:2277010 chunknumber 49000 contains 340 sites
	-> Printing at chr: OZ034732.1 pos:2317299 chunknumber 49100 contains 482 sites
	-> Printing at chr: OZ034732.1 pos:2351193 chunknumber 49200 contains 260 sites
	-> Printing at chr: OZ034732.1 pos:2379318 chunknumber 49300 contains 289 sites
	-> Printing at chr: OZ034732.1 pos:2426367 chunknumber 49400 contains 627 sites
	-> Printing at chr: OZ034732.1 pos:2471459 chunknumber 49500 contains 290 sites
	-> Printing at chr: OZ034732.1 pos:2507156 chunknumber 49600 contains 463 sites
	-> Printing at chr: OZ034732.1 pos:2548069 chunknumber 49700 contains 1050 sites
	-> Printing at chr: OZ034732.1 pos:2586209 chunknumber 49800 contains 411 sites
	-> Printing at chr: OZ034732.1 pos:2630763 chunknumber 49900 contains 378 sites
	-> Printing at chr: OZ034732.1 pos:2668725 chunknumber 50000 contains 340 sites
	-> Printing at chr: OZ034732.1 pos:2706506 chunknumber 50100 contains 330 sites
	-> Printing at chr: OZ034732.1 pos:2750760 chunknumber 50200 contains 459 sites
	-> Printing at chr: OZ034732.1 pos:2788909 chunknumber 50300 contains 325 sites
	-> Printing at chr: OZ034732.1 pos:2825082 chunknumber 50400 contains 378 sites
	-> Printing at chr: OZ034732.1 pos:2860028 chunknumber 50500 contains 368 sites
	-> Printing at chr: OZ034732.1 pos:2901226 chunknumber 50600 contains 273 sites
	-> Printing at chr: OZ034732.1 pos:2941742 chunknumber 50700 contains 1011 sites
	-> Printing at chr: OZ034732.1 pos:2978509 chunknumber 50800 contains 613 sites
	-> Printing at chr: OZ034732.1 pos:3013285 chunknumber 50900 contains 360 sites
	-> Printing at chr: OZ034732.1 pos:3049693 chunknumber 51000 contains 349 sites
	-> Printing at chr: OZ034732.1 pos:3086401 chunknumber 51100 contains 469 sites
	-> Printing at chr: OZ034732.1 pos:3121792 chunknumber 51200 contains 251 sites
	-> Printing at chr: OZ034732.1 pos:3155620 chunknumber 51300 contains 303 sites
	-> Printing at chr: OZ034732.1 pos:3191301 chunknumber 51400 contains 353 sites
	-> Printing at chr: OZ034732.1 pos:3247343 chunknumber 51500 contains 404 sites
	-> Printing at chr: OZ034732.1 pos:3284754 chunknumber 51600 contains 437 sites
	-> Printing at chr: OZ034732.1 pos:3321514 chunknumber 51700 contains 734 sites
	-> Printing at chr: OZ034732.1 pos:3357393 chunknumber 51800 contains 251 sites
	-> Printing at chr: OZ034732.1 pos:3391042 chunknumber 51900 contains 562 sites
	-> Printing at chr: OZ034732.1 pos:3427623 chunknumber 52000 contains 381 sites
	-> Printing at chr: OZ034732.1 pos:3486356 chunknumber 52100 contains 315 sites
	-> Printing at chr: OZ034732.1 pos:3522368 chunknumber 52200 contains 388 sites
	-> Printing at chr: OZ034732.1 pos:3558092 chunknumber 52300 contains 408 sites
	-> Printing at chr: OZ034732.1 pos:3596550 chunknumber 52400 contains 267 sites
	-> Printing at chr: OZ034732.1 pos:3644035 chunknumber 52500 contains 485 sites
	-> Printing at chr: OZ034732.1 pos:3678475 chunknumber 52600 contains 279 sites
	-> Printing at chr: OZ034732.1 pos:3712680 chunknumber 52700 contains 276 sites
	-> Printing at chr: OZ034732.1 pos:3747848 chunknumber 52800 contains 253 sites
	-> Printing at chr: OZ034732.1 pos:3782178 chunknumber 52900 contains 361 sites
	-> Printing at chr: OZ034732.1 pos:3842210 chunknumber 53000 contains 2592 sites
	-> Printing at chr: OZ034732.1 pos:3912461 chunknumber 53100 contains 354 sites
	-> Printing at chr: OZ034732.1 pos:3951931 chunknumber 53200 contains 354 sites
	-> Printing at chr: OZ034732.1 pos:3996717 chunknumber 53300 contains 394 sites
	-> Printing at chr: OZ034732.1 pos:4035129 chunknumber 53400 contains 484 sites
	-> Printing at chr: OZ034732.1 pos:4073559 chunknumber 53500 contains 252 sites
	-> Printing at chr: OZ034732.1 pos:4121724 chunknumber 53600 contains 251 sites
	-> Printing at chr: OZ034732.1 pos:4160694 chunknumber 53700 contains 339 sites
	-> Printing at chr: OZ034732.1 pos:4199736 chunknumber 53800 contains 298 sites
	-> Printing at chr: OZ034732.1 pos:4256526 chunknumber 53900 contains 252 sites
	-> Printing at chr: OZ034732.1 pos:4290548 chunknumber 54000 contains 1904 sites
	-> Printing at chr: OZ034732.1 pos:4341915 chunknumber 54100 contains 362 sites
	-> Printing at chr: OZ034732.1 pos:4382595 chunknumber 54200 contains 357 sites
	-> Printing at chr: OZ034732.1 pos:4417488 chunknumber 54300 contains 456 sites
	-> Printing at chr: OZ034732.1 pos:4458921 chunknumber 54400 contains 343 sites
	-> Printing at chr: OZ034732.1 pos:4497349 chunknumber 54500 contains 308 sites
	-> Printing at chr: OZ034732.1 pos:4531915 chunknumber 54600 contains 278 sites
	-> Printing at chr: OZ034732.1 pos:4572243 chunknumber 54700 contains 269 sites
	-> Printing at chr: OZ034732.1 pos:4608872 chunknumber 54800 contains 465 sites
	-> Printing at chr: OZ034732.1 pos:4644425 chunknumber 54900 contains 318 sites
	-> Printing at chr: OZ034732.1 pos:4688161 chunknumber 55000 contains 329 sites
	-> Printing at chr: OZ034732.1 pos:4723789 chunknumber 55100 contains 386 sites
	-> Printing at chr: OZ034732.1 pos:4759981 chunknumber 55200 contains 385 sites
	-> Printing at chr: OZ034732.1 pos:4793871 chunknumber 55300 contains 540 sites
	-> Printing at chr: OZ034732.1 pos:4832399 chunknumber 55400 contains 429 sites
	-> Printing at chr: OZ034732.1 pos:4874397 chunknumber 55500 contains 395 sites
	-> Printing at chr: OZ034732.1 pos:4909171 chunknumber 55600 contains 388 sites
	-> Printing at chr: OZ034732.1 pos:4943990 chunknumber 55700 contains 673 sites
	-> Printing at chr: OZ034732.1 pos:4979824 chunknumber 55800 contains 278 sites
	-> Printing at chr: OZ034732.1 pos:5025383 chunknumber 55900 contains 744 sites
	-> Printing at chr: OZ034732.1 pos:5084951 chunknumber 56000 contains 367 sites
	-> Printing at chr: OZ034732.1 pos:5129490 chunknumber 56100 contains 273 sites
	-> Printing at chr: OZ034732.1 pos:5164138 chunknumber 56200 contains 354 sites
	-> Printing at chr: OZ034732.1 pos:5196613 chunknumber 56300 contains 354 sites
	-> Printing at chr: OZ034732.1 pos:5230055 chunknumber 56400 contains 262 sites
	-> Printing at chr: OZ034732.1 pos:5264441 chunknumber 56500 contains 331 sites
	-> Printing at chr: OZ034732.1 pos:5298814 chunknumber 56600 contains 500 sites
	-> Printing at chr: OZ034732.1 pos:5335863 chunknumber 56700 contains 251 sites
	-> Printing at chr: OZ034732.1 pos:5374223 chunknumber 56800 contains 1253 sites
	-> Printing at chr: OZ034732.1 pos:5411327 chunknumber 56900 contains 362 sites
	-> Printing at chr: OZ034732.1 pos:5446792 chunknumber 57000 contains 410 sites
	-> Printing at chr: OZ034732.1 pos:5483648 chunknumber 57100 contains 359 sites
	-> Printing at chr: OZ034732.1 pos:5526472 chunknumber 57200 contains 257 sites
	-> Printing at chr: OZ034732.1 pos:5575761 chunknumber 57300 contains 260 sites
	-> Printing at chr: OZ034732.1 pos:5610382 chunknumber 57400 contains 323 sites
	-> Printing at chr: OZ034732.1 pos:5644843 chunknumber 57500 contains 293 sites
	-> Printing at chr: OZ034732.1 pos:5679236 chunknumber 57600 contains 538 sites
	-> Printing at chr: OZ034732.1 pos:5714142 chunknumber 57700 contains 266 sites
	-> Printing at chr: OZ034732.1 pos:5750626 chunknumber 57800 contains 366 sites
	-> Printing at chr: OZ034732.1 pos:5786973 chunknumber 57900 contains 352 sites
	-> Printing at chr: OZ034732.1 pos:5822760 chunknumber 58000 contains 268 sites
	-> Printing at chr: OZ034732.1 pos:5858015 chunknumber 58100 contains 354 sites
	-> Printing at chr: OZ034732.1 pos:5894480 chunknumber 58200 contains 569 sites
	-> Printing at chr: OZ034732.1 pos:5929993 chunknumber 58300 contains 328 sites
	-> Printing at chr: OZ034732.1 pos:5966591 chunknumber 58400 contains 254 sites
	-> Printing at chr: OZ034732.1 pos:6021977 chunknumber 58500 contains 403 sites
	-> Printing at chr: OZ034732.1 pos:6060634 chunknumber 58600 contains 401 sites
	-> Printing at chr: OZ034732.1 pos:6094330 chunknumber 58700 contains 335 sites
	-> Printing at chr: OZ034732.1 pos:6140644 chunknumber 58800 contains 317 sites
	-> Printing at chr: OZ034732.1 pos:6201770 chunknumber 58900 contains 414 sites
	-> Printing at chr: OZ034732.1 pos:6239332 chunknumber 59000 contains 414 sites
	-> Printing at chr: OZ034732.1 pos:6274865 chunknumber 59100 contains 401 sites
	-> Printing at chr: OZ034732.1 pos:6311338 chunknumber 59200 contains 424 sites
	-> Printing at chr: OZ034732.1 pos:6349230 chunknumber 59300 contains 254 sites
	-> Printing at chr: OZ034732.1 pos:6382398 chunknumber 59400 contains 286 sites
	-> Printing at chr: OZ034732.1 pos:6418080 chunknumber 59500 contains 329 sites
	-> Printing at chr: OZ034732.1 pos:6454717 chunknumber 59600 contains 350 sites
	-> Printing at chr: OZ034732.1 pos:6495650 chunknumber 59700 contains 374 sites
	-> Printing at chr: OZ034732.1 pos:6544859 chunknumber 59800 contains 308 sites
	-> Printing at chr: OZ034732.1 pos:6576832 chunknumber 59900 contains 406 sites
	-> Printing at chr: OZ034732.1 pos:6613755 chunknumber 60000 contains 545 sites
	-> Printing at chr: OZ034732.1 pos:6660896 chunknumber 60100 contains 525 sites
	-> Printing at chr: OZ034732.1 pos:6697908 chunknumber 60200 contains 251 sites
	-> Printing at chr: OZ034732.1 pos:6732971 chunknumber 60300 contains 349 sites
	-> Printing at chr: OZ034732.1 pos:6769174 chunknumber 60400 contains 351 sites
	-> Printing at chr: OZ034732.1 pos:6807478 chunknumber 60500 contains 856 sites
	-> Printing at chr: OZ034732.1 pos:6847343 chunknumber 60600 contains 251 sites
	-> Printing at chr: OZ034732.1 pos:6904950 chunknumber 60700 contains 294 sites
	-> Printing at chr: OZ034732.1 pos:6963409 chunknumber 60800 contains 252 sites
	-> Printing at chr: OZ034732.1 pos:7005343 chunknumber 60900 contains 765 sites
	-> Printing at chr: OZ034732.1 pos:7056632 chunknumber 61000 contains 295 sites
	-> Printing at chr: OZ034732.1 pos:7111467 chunknumber 61100 contains 312 sites
	-> Printing at chr: OZ034732.1 pos:7168477 chunknumber 61200 contains 421 sites
	-> Printing at chr: OZ034732.1 pos:7201446 chunknumber 61300 contains 252 sites
	-> Printing at chr: OZ034732.1 pos:7250813 chunknumber 61400 contains 255 sites
	-> Printing at chr: OZ034732.1 pos:7289481 chunknumber 61500 contains 425 sites
	-> Printing at chr: OZ034732.1 pos:7328475 chunknumber 61600 contains 256 sites
	-> Printing at chr: OZ034732.1 pos:7365318 chunknumber 61700 contains 323 sites
	-> Printing at chr: OZ034732.1 pos:7419906 chunknumber 61800 contains 487 sites
	-> Printing at chr: OZ034732.1 pos:7482090 chunknumber 61900 contains 378 sites
	-> Printing at chr: OZ034732.1 pos:7523172 chunknumber 62000 contains 421 sites
	-> Printing at chr: OZ034732.1 pos:7558987 chunknumber 62100 contains 374 sites
	-> Printing at chr: OZ034732.1 pos:7598946 chunknumber 62200 contains 447 sites
	-> Printing at chr: OZ034732.1 pos:7636299 chunknumber 62300 contains 360 sites
	-> Printing at chr: OZ034732.1 pos:7672527 chunknumber 62400 contains 290 sites
	-> Printing at chr: OZ034732.1 pos:7709127 chunknumber 62500 contains 410 sites
	-> Printing at chr: OZ034732.1 pos:7750200 chunknumber 62600 contains 341 sites
	-> Printing at chr: OZ034732.1 pos:7782596 chunknumber 62700 contains 252 sites
	-> Printing at chr: OZ034732.1 pos:7818521 chunknumber 62800 contains 408 sites
	-> Printing at chr: OZ034732.1 pos:7852541 chunknumber 62900 contains 520 sites
	-> Printing at chr: OZ034732.1 pos:8051747 chunknumber 63000 contains 1475 sites
	-> Printing at chr: OZ034732.1 pos:8259529 chunknumber 63100 contains 254 sites
	-> Printing at chr: OZ034732.1 pos:8497685 chunknumber 63200 contains 594 sites
	-> Printing at chr: OZ034732.1 pos:8796899 chunknumber 63300 contains 251 sites
	-> Printing at chr: OZ034732.1 pos:8839571 chunknumber 63400 contains 261 sites
	-> Printing at chr: OZ034732.1 pos:8876814 chunknumber 63500 contains 411 sites
	-> Printing at chr: OZ034732.1 pos:8923555 chunknumber 63600 contains 261 sites
	-> Printing at chr: OZ034732.1 pos:8961801 chunknumber 63700 contains 320 sites
	-> Printing at chr: OZ034732.1 pos:8997914 chunknumber 63800 contains 254 sites
	-> Printing at chr: OZ034732.1 pos:9035715 chunknumber 63900 contains 429 sites
	-> Printing at chr: OZ034732.1 pos:9076790 chunknumber 64000 contains 260 sites
	-> Printing at chr: OZ034732.1 pos:9112321 chunknumber 64100 contains 253 sites
	-> Printing at chr: OZ034732.1 pos:9154971 chunknumber 64200 contains 453 sites
	-> Printing at chr: OZ034732.1 pos:9202028 chunknumber 64300 contains 841 sites
	-> Printing at chr: OZ034732.1 pos:9294199 chunknumber 64400 contains 435 sites
	-> Printing at chr: OZ034732.1 pos:9341401 chunknumber 64500 contains 357 sites
	-> Printing at chr: OZ034732.1 pos:9379216 chunknumber 64600 contains 369 sites
	-> Printing at chr: OZ034732.1 pos:9416513 chunknumber 64700 contains 312 sites
	-> Printing at chr: OZ034732.1 pos:9458382 chunknumber 64800 contains 485 sites
	-> Printing at chr: OZ034732.1 pos:9493063 chunknumber 64900 contains 372 sites
	-> Printing at chr: OZ034732.1 pos:9527739 chunknumber 65000 contains 333 sites
	-> Printing at chr: OZ034732.1 pos:9569029 chunknumber 65100 contains 471 sites
	-> Printing at chr: OZ034732.1 pos:9616247 chunknumber 65200 contains 356 sites
	-> Printing at chr: OZ034732.1 pos:9654522 chunknumber 65300 contains 329 sites
	-> Printing at chr: OZ034732.1 pos:9691788 chunknumber 65400 contains 251 sites
	-> Printing at chr: OZ034732.1 pos:9747196 chunknumber 65500 contains 497 sites
	-> Printing at chr: OZ034732.1 pos:9782810 chunknumber 65600 contains 257 sites
	-> Printing at chr: OZ034732.1 pos:9817339 chunknumber 65700 contains 356 sites
	-> Printing at chr: OZ034732.1 pos:9854028 chunknumber 65800 contains 410 sites
	-> Printing at chr: OZ034732.1 pos:9889803 chunknumber 65900 contains 327 sites
	-> Printing at chr: OZ034732.1 pos:9928059 chunknumber 66000 contains 399 sites
	-> Printing at chr: OZ034732.1 pos:9963886 chunknumber 66100 contains 329 sites
	-> Printing at chr: OZ034732.1 pos:9999022 chunknumber 66200 contains 284 sites
	-> Printing at chr: OZ034732.1 pos:10041806 chunknumber 66300 contains 320 sites
	-> Printing at chr: OZ034732.1 pos:10077192 chunknumber 66400 contains 351 sites
	-> Printing at chr: OZ034732.1 pos:10125330 chunknumber 66500 contains 1673 sites
	-> Printing at chr: OZ034732.1 pos:10247083 chunknumber 66600 contains 489 sites
	-> Printing at chr: OZ034732.1 pos:10292044 chunknumber 66700 contains 385 sites
	-> Printing at chr: OZ034732.1 pos:10342213 chunknumber 66800 contains 270 sites
	-> Printing at chr: OZ034732.1 pos:10379547 chunknumber 66900 contains 291 sites
	-> Printing at chr: OZ034732.1 pos:10419317 chunknumber 67000 contains 486 sites
	-> Printing at chr: OZ034732.1 pos:10460062 chunknumber 67100 contains 275 sites
	-> Printing at chr: OZ034732.1 pos:10527282 chunknumber 67200 contains 251 sites
	-> Printing at chr: OZ034732.1 pos:10564987 chunknumber 67300 contains 443 sites
	-> Printing at chr: OZ034732.1 pos:10603926 chunknumber 67400 contains 256 sites
	-> Printing at chr: OZ034732.1 pos:10640419 chunknumber 67500 contains 460 sites
	-> Printing at chr: OZ034732.1 pos:10723889 chunknumber 67600 contains 305 sites
	-> Printing at chr: OZ034732.1 pos:10772388 chunknumber 67700 contains 397 sites
	-> Printing at chr: OZ034732.1 pos:10807980 chunknumber 67800 contains 405 sites
	-> Printing at chr: OZ034732.1 pos:10847777 chunknumber 67900 contains 359 sites
	-> Printing at chr: OZ034732.1 pos:10881232 chunknumber 68000 contains 326 sites
	-> Printing at chr: OZ034732.1 pos:10918475 chunknumber 68100 contains 346 sites
	-> Printing at chr: OZ034732.1 pos:10968483 chunknumber 68200 contains 1403 sites
	-> Printing at chr: OZ034732.1 pos:11031840 chunknumber 68300 contains 492 sites
	-> Printing at chr: OZ034732.1 pos:11065821 chunknumber 68400 contains 542 sites
	-> Printing at chr: OZ034732.1 pos:11101795 chunknumber 68500 contains 253 sites
	-> Printing at chr: OZ034732.1 pos:11139806 chunknumber 68600 contains 295 sites
	-> Printing at chr: OZ034732.1 pos:11174638 chunknumber 68700 contains 363 sites
	-> Printing at chr: OZ034732.1 pos:11210648 chunknumber 68800 contains 298 sites
	-> Printing at chr: OZ034732.1 pos:11246768 chunknumber 68900 contains 327 sites
	-> Printing at chr: OZ034732.1 pos:11317957 chunknumber 69000 contains 252 sites
	-> Printing at chr: OZ034732.1 pos:11379913 chunknumber 69100 contains 578 sites
	-> Printing at chr: OZ034732.1 pos:11416332 chunknumber 69200 contains 259 sites
	-> Printing at chr: OZ034732.1 pos:11451668 chunknumber 69300 contains 398 sites
	-> Printing at chr: OZ034732.1 pos:11486414 chunknumber 69400 contains 397 sites
	-> Printing at chr: OZ034732.1 pos:11533733 chunknumber 69500 contains 312 sites
	-> Printing at chr: OZ034732.1 pos:11572734 chunknumber 69600 contains 359 sites
	-> Printing at chr: OZ034732.1 pos:11617399 chunknumber 69700 contains 420 sites
	-> Printing at chr: OZ034732.1 pos:11651378 chunknumber 69800 contains 1104 sites
	-> Printing at chr: OZ034732.1 pos:11686390 chunknumber 69900 contains 326 sites
	-> Printing at chr: OZ034732.1 pos:11722248 chunknumber 70000 contains 296 sites
	-> Printing at chr: OZ034732.1 pos:11758444 chunknumber 70100 contains 251 sites
	-> Printing at chr: OZ034732.1 pos:11792445 chunknumber 70200 contains 428 sites
	-> Printing at chr: OZ034732.1 pos:11845852 chunknumber 70300 contains 308 sites
	-> Printing at chr: OZ034732.1 pos:11886218 chunknumber 70400 contains 299 sites
	-> Printing at chr: OZ034732.1 pos:11919892 chunknumber 70500 contains 385 sites
	-> Printing at chr: OZ034732.1 pos:11956139 chunknumber 70600 contains 260 sites
	-> Printing at chr: OZ034732.1 pos:12012796 chunknumber 70700 contains 259 sites
	-> Printing at chr: OZ034732.1 pos:12048065 chunknumber 70800 contains 459 sites
	-> Printing at chr: OZ034732.1 pos:12086509 chunknumber 70900 contains 318 sites
	-> Printing at chr: OZ034732.1 pos:12121604 chunknumber 71000 contains 255 sites
	-> Printing at chr: OZ034732.1 pos:12156286 chunknumber 71100 contains 456 sites
	-> Printing at chr: OZ034732.1 pos:12192573 chunknumber 71200 contains 253 sites
	-> Printing at chr: OZ034732.1 pos:12272677 chunknumber 71300 contains 252 sites
	-> Printing at chr: OZ034732.1 pos:12312882 chunknumber 71400 contains 367 sites
	-> Printing at chr: OZ034732.1 pos:12345995 chunknumber 71500 contains 319 sites
	-> Printing at chr: OZ034732.1 pos:12380981 chunknumber 71600 contains 504 sites
	-> Printing at chr: OZ034732.1 pos:12420583 chunknumber 71700 contains 375 sites
	-> Printing at chr: OZ034732.1 pos:12456443 chunknumber 71800 contains 418 sites
	-> Printing at chr: OZ034732.1 pos:12492020 chunknumber 71900 contains 382 sites
	-> Printing at chr: OZ034732.1 pos:12526771 chunknumber 72000 contains 277 sites
	-> Printing at chr: OZ034732.1 pos:12562774 chunknumber 72100 contains 500 sites
	-> Printing at chr: OZ034732.1 pos:12599316 chunknumber 72200 contains 400 sites
	-> Printing at chr: OZ034732.1 pos:12635660 chunknumber 72300 contains 268 sites
	-> Printing at chr: OZ034732.1 pos:12675012 chunknumber 72400 contains 625 sites
	-> Printing at chr: OZ034732.1 pos:12734432 chunknumber 72500 contains 496 sites
	-> Printing at chr: OZ034732.1 pos:12788232 chunknumber 72600 contains 333 sites
	-> Printing at chr: OZ034732.1 pos:12829918 chunknumber 72700 contains 253 sites
	-> Printing at chr: OZ034732.1 pos:12870395 chunknumber 72800 contains 302 sites
	-> Printing at chr: OZ034732.1 pos:12905442 chunknumber 72900 contains 462 sites
	-> Printing at chr: OZ034732.1 pos:12942040 chunknumber 73000 contains 268 sites
	-> Printing at chr: OZ034732.1 pos:12980608 chunknumber 73100 contains 376 sites
	-> Printing at chr: OZ034732.1 pos:13037237 chunknumber 73200 contains 2916 sites
	-> Printing at chr: OZ034732.1 pos:13084886 chunknumber 73300 contains 337 sites
	-> Printing at chr: OZ034732.1 pos:13119347 chunknumber 73400 contains 307 sites
	-> Printing at chr: OZ034732.1 pos:13182067 chunknumber 73500 contains 324 sites
	-> Printing at chr: OZ034732.1 pos:13218068 chunknumber 73600 contains 279 sites
	-> Printing at chr: OZ034732.1 pos:13254689 chunknumber 73700 contains 392 sites
	-> Printing at chr: OZ034732.1 pos:13297566 chunknumber 73800 contains 337 sites
	-> Printing at chr: OZ034732.1 pos:13330568 chunknumber 73900 contains 335 sites
	-> Printing at chr: OZ034732.1 pos:13366812 chunknumber 74000 contains 358 sites
	-> Printing at chr: OZ034732.1 pos:13422686 chunknumber 74100 contains 753 sites
	-> Printing at chr: OZ034732.1 pos:13458541 chunknumber 74200 contains 251 sites
	-> Printing at chr: OZ034732.1 pos:13494350 chunknumber 74300 contains 326 sites
	-> Printing at chr: OZ034732.1 pos:13576557 chunknumber 74400 contains 252 sites
	-> Printing at chr: OZ034732.1 pos:13610626 chunknumber 74500 contains 306 sites
	-> Printing at chr: OZ034732.1 pos:13650909 chunknumber 74600 contains 255 sites
	-> Printing at chr: OZ034732.1 pos:13684824 chunknumber 74700 contains 258 sites
	-> Printing at chr: OZ034732.1 pos:13722773 chunknumber 74800 contains 587 sites
	-> Printing at chr: OZ034732.1 pos:13766536 chunknumber 74900 contains 386 sites
	-> Printing at chr: OZ034732.1 pos:13805398 chunknumber 75000 contains 420 sites
	-> Printing at chr: OZ034732.1 pos:13841153 chunknumber 75100 contains 399 sites
	-> Printing at chr: OZ034732.1 pos:13874940 chunknumber 75200 contains 254 sites
	-> Printing at chr: OZ034732.1 pos:13909469 chunknumber 75300 contains 259 sites
	-> Printing at chr: OZ034732.1 pos:13945718 chunknumber 75400 contains 260 sites
	-> Printing at chr: OZ034732.1 pos:14009353 chunknumber 75500 contains 413 sites
	-> Printing at chr: OZ034732.1 pos:14090606 chunknumber 75600 contains 649 sites
	-> Printing at chr: OZ034732.1 pos:14184661 chunknumber 75700 contains 3271 sites
	-> Printing at chr: OZ034732.1 pos:14222412 chunknumber 75800 contains 411 sites
	-> Printing at chr: OZ034732.1 pos:14256844 chunknumber 75900 contains 313 sites
	-> Printing at chr: OZ034732.1 pos:14302966 chunknumber 76000 contains 251 sites
	-> Printing at chr: OZ034732.1 pos:14336451 chunknumber 76100 contains 498 sites
	-> Printing at chr: OZ034732.1 pos:14374936 chunknumber 76200 contains 715 sites
	-> Printing at chr: OZ034732.1 pos:14418167 chunknumber 76300 contains 299 sites
	-> Printing at chr: OZ034732.1 pos:14453812 chunknumber 76400 contains 282 sites
	-> Printing at chr: OZ034732.1 pos:14488398 chunknumber 76500 contains 461 sites
	-> Printing at chr: OZ034732.1 pos:14523284 chunknumber 76600 contains 265 sites
	-> Printing at chr: OZ034732.1 pos:14560454 chunknumber 76700 contains 434 sites
	-> Printing at chr: OZ034732.1 pos:14596621 chunknumber 76800 contains 251 sites
	-> Printing at chr: OZ034732.1 pos:14632037 chunknumber 76900 contains 347 sites
	-> Printing at chr: OZ034732.1 pos:14692527 chunknumber 77000 contains 486 sites
	-> Printing at chr: OZ034732.1 pos:14788692 chunknumber 77100 contains 490 sites
	-> Printing at chr: OZ034732.1 pos:14824052 chunknumber 77200 contains 254 sites
	-> Printing at chr: OZ034732.1 pos:14858315 chunknumber 77300 contains 635 sites
	-> Printing at chr: OZ034732.1 pos:14894560 chunknumber 77400 contains 487 sites
	-> Printing at chr: OZ034732.1 pos:14931859 chunknumber 77500 contains 320 sites
	-> Printing at chr: OZ034732.1 pos:14970082 chunknumber 77600 contains 252 sites
	-> Printing at chr: OZ034732.1 pos:15006657 chunknumber 77700 contains 309 sites
	-> Printing at chr: OZ034732.1 pos:15041295 chunknumber 77800 contains 306 sites
	-> Printing at chr: OZ034732.1 pos:15076928 chunknumber 77900 contains 421 sites
	-> Printing at chr: OZ034732.1 pos:15116743 chunknumber 78000 contains 312 sites
	-> Printing at chr: OZ034732.1 pos:15154797 chunknumber 78100 contains 315 sites
	-> Printing at chr: OZ034732.1 pos:15193292 chunknumber 78200 contains 452 sites
	-> Printing at chr: OZ034732.1 pos:15230174 chunknumber 78300 contains 401 sites
	-> Printing at chr: OZ034732.1 pos:15266881 chunknumber 78400 contains 357 sites
	-> Printing at chr: OZ034732.1 pos:15304235 chunknumber 78500 contains 442 sites
	-> Printing at chr: OZ034732.1 pos:15342282 chunknumber 78600 contains 702 sites
	-> Printing at chr: OZ034732.1 pos:15375777 chunknumber 78700 contains 277 sites
	-> Printing at chr: OZ034732.1 pos:15425667 chunknumber 78800 contains 331 sites
	-> Printing at chr: OZ034732.1 pos:15483024 chunknumber 78900 contains 1337 sites
	-> Printing at chr: OZ034732.1 pos:15596007 chunknumber 79000 contains 656 sites
	-> Printing at chr: OZ034732.1 pos:15632002 chunknumber 79100 contains 377 sites
	-> Printing at chr: OZ034732.1 pos:15664773 chunknumber 79200 contains 338 sites
	-> Printing at chr: OZ034732.1 pos:15703571 chunknumber 79300 contains 365 sites
	-> Printing at chr: OZ034732.1 pos:15739270 chunknumber 79400 contains 374 sites
	-> Printing at chr: OZ034732.1 pos:15792543 chunknumber 79500 contains 336 sites
	-> Printing at chr: OZ034732.1 pos:15829795 chunknumber 79600 contains 324 sites
	-> Printing at chr: OZ034732.1 pos:15865238 chunknumber 79700 contains 486 sites
	-> Printing at chr: OZ034732.1 pos:15900208 chunknumber 79800 contains 435 sites
	-> Printing at chr: OZ034732.1 pos:15936494 chunknumber 79900 contains 373 sites
	-> Printing at chr: OZ034732.1 pos:15971898 chunknumber 80000 contains 514 sites
	-> Printing at chr: OZ034732.1 pos:16006738 chunknumber 80100 contains 418 sites
	-> Printing at chr: OZ034732.1 pos:16040323 chunknumber 80200 contains 355 sites
	-> Printing at chr: OZ034732.1 pos:16074349 chunknumber 80300 contains 270 sites
	-> Printing at chr: OZ034732.1 pos:16111944 chunknumber 80400 contains 339 sites
	-> Printing at chr: OZ034732.1 pos:16146327 chunknumber 80500 contains 310 sites
	-> Printing at chr: OZ034732.1 pos:16181513 chunknumber 80600 contains 253 sites
	-> Printing at chr: OZ034732.1 pos:16231955 chunknumber 80700 contains 646 sites
	-> Printing at chr: OZ034732.1 pos:16272645 chunknumber 80800 contains 351 sites
	-> Printing at chr: OZ034732.1 pos:16309185 chunknumber 80900 contains 304 sites
	-> Printing at chr: OZ034732.1 pos:16344505 chunknumber 81000 contains 265 sites
	-> Printing at chr: OZ034732.1 pos:16378580 chunknumber 81100 contains 309 sites
	-> Printing at chr: OZ034732.1 pos:16421502 chunknumber 81200 contains 259 sites
	-> Printing at chr: OZ034732.1 pos:16461969 chunknumber 81300 contains 272 sites
	-> Printing at chr: OZ034732.1 pos:16499161 chunknumber 81400 contains 359 sites
	-> Printing at chr: OZ034732.1 pos:16533634 chunknumber 81500 contains 337 sites
	-> Printing at chr: OZ034732.1 pos:16569199 chunknumber 81600 contains 368 sites
	-> Printing at chr: OZ034732.1 pos:16604084 chunknumber 81700 contains 421 sites
	-> Printing at chr: OZ034732.1 pos:16640668 chunknumber 81800 contains 297 sites
	-> Printing at chr: OZ034732.1 pos:16674531 chunknumber 81900 contains 375 sites
	-> Printing at chr: OZ034732.1 pos:16709172 chunknumber 82000 contains 402 sites
	-> Printing at chr: OZ034732.1 pos:16759168 chunknumber 82100 contains 491 sites
	-> Printing at chr: OZ034732.1 pos:16791903 chunknumber 82200 contains 336 sites
	-> Printing at chr: OZ034732.1 pos:16820716 chunknumber 82300 contains 344 sites
	-> Printing at chr: OZ034732.1 pos:16854049 chunknumber 82400 contains 391 sites
	-> Printing at chr: OZ034732.1 pos:16889345 chunknumber 82500 contains 273 sites
	-> Printing at chr: OZ034732.1 pos:16958794 chunknumber 82600 contains 288 sites
	-> Printing at chr: OZ034732.1 pos:17065055 chunknumber 82700 contains 323 sites
	-> Printing at chr: OZ034732.1 pos:17102357 chunknumber 82800 contains 266 sites
	-> Printing at chr: OZ034732.1 pos:17140320 chunknumber 82900 contains 383 sites
	-> Printing at chr: OZ034732.1 pos:17177673 chunknumber 83000 contains 252 sites
	-> Printing at chr: OZ034732.1 pos:17213250 chunknumber 83100 contains 340 sites
	-> Printing at chr: OZ034732.1 pos:17249749 chunknumber 83200 contains 496 sites
	-> Printing at chr: OZ034732.1 pos:17286309 chunknumber 83300 contains 393 sites
	-> Printing at chr: OZ034732.1 pos:17324719 chunknumber 83400 contains 328 sites
	-> Printing at chr: OZ034732.1 pos:17367638 chunknumber 83500 contains 421 sites
	-> Printing at chr: OZ034732.1 pos:17421789 chunknumber 83600 contains 347 sites
	-> Printing at chr: OZ034732.1 pos:17460611 chunknumber 83700 contains 302 sites
	-> Printing at chr: OZ034732.1 pos:17495465 chunknumber 83800 contains 366 sites
	-> Printing at chr: OZ034732.1 pos:17530835 chunknumber 83900 contains 273 sites
	-> Printing at chr: OZ034732.1 pos:17569218 chunknumber 84000 contains 384 sites
	-> Printing at chr: OZ034732.1 pos:17617408 chunknumber 84100 contains 352 sites
	-> Printing at chr: OZ034732.1 pos:17654150 chunknumber 84200 contains 282 sites
	-> Printing at chr: OZ034732.1 pos:17690794 chunknumber 84300 contains 383 sites
	-> Printing at chr: OZ034732.1 pos:17725530 chunknumber 84400 contains 259 sites
	-> Printing at chr: OZ034732.1 pos:17760875 chunknumber 84500 contains 398 sites
	-> Printing at chr: OZ034732.1 pos:17796317 chunknumber 84600 contains 279 sites
	-> Printing at chr: OZ034732.1 pos:17839630 chunknumber 84700 contains 509 sites
	-> Printing at chr: OZ034732.1 pos:17892922 chunknumber 84800 contains 255 sites
	-> Printing at chr: OZ034732.1 pos:17930600 chunknumber 84900 contains 442 sites
	-> Printing at chr: OZ034732.1 pos:17966644 chunknumber 85000 contains 275 sites
	-> Printing at chr: OZ034732.1 pos:18016213 chunknumber 85100 contains 327 sites
	-> Printing at chr: OZ034732.1 pos:18055335 chunknumber 85200 contains 307 sites
	-> Printing at chr: OZ034732.1 pos:18093717 chunknumber 85300 contains 359 sites
	-> Printing at chr: OZ034732.1 pos:18131387 chunknumber 85400 contains 375 sites
	-> Printing at chr: OZ034732.1 pos:18170415 chunknumber 85500 contains 289 sites
	-> Printing at chr: OZ034732.1 pos:18237452 chunknumber 85600 contains 1218 sites
	-> Printing at chr: OZ034732.1 pos:18297718 chunknumber 85700 contains 1464 sites
	-> Printing at chr: OZ034732.1 pos:18347690 chunknumber 85800 contains 352 sites
	-> Printing at chr: OZ034732.1 pos:18385792 chunknumber 85900 contains 274 sites
	-> Printing at chr: OZ034732.1 pos:18422813 chunknumber 86000 contains 593 sites
	-> Printing at chr: OZ034732.1 pos:18506068 chunknumber 86100 contains 617 sites
	-> Printing at chr: OZ034732.1 pos:18562464 chunknumber 86200 contains 296 sites
	-> Printing at chr: OZ034732.1 pos:18597960 chunknumber 86300 contains 262 sites
	-> Printing at chr: OZ034732.1 pos:18632711 chunknumber 86400 contains 337 sites
	-> Printing at chr: OZ034732.1 pos:18666818 chunknumber 86500 contains 290 sites
	-> Printing at chr: OZ034732.1 pos:18705188 chunknumber 86600 contains 271 sites
	-> Printing at chr: OZ034732.1 pos:18741067 chunknumber 86700 contains 351 sites
	-> Printing at chr: OZ034732.1 pos:18777403 chunknumber 86800 contains 301 sites
	-> Printing at chr: OZ034732.1 pos:18816156 chunknumber 86900 contains 476 sites
	-> Printing at chr: OZ034732.1 pos:18852774 chunknumber 87000 contains 314 sites
	-> Printing at chr: OZ034732.1 pos:18886553 chunknumber 87100 contains 259 sites
	-> Printing at chr: OZ034732.1 pos:18933553 chunknumber 87200 contains 322 sites
	-> Printing at chr: OZ034732.1 pos:18969956 chunknumber 87300 contains 262 sites
	-> Printing at chr: OZ034732.1 pos:19004916 chunknumber 87400 contains 602 sites
	-> Printing at chr: OZ034732.1 pos:19040342 chunknumber 87500 contains 333 sites
	-> Printing at chr: OZ034732.1 pos:19074430 chunknumber 87600 contains 496 sites
	-> Printing at chr: OZ034732.1 pos:19111779 chunknumber 87700 contains 254 sites
	-> Printing at chr: OZ034732.1 pos:19147165 chunknumber 87800 contains 251 sites
	-> Printing at chr: OZ034732.1 pos:19183157 chunknumber 87900 contains 287 sites
	-> Printing at chr: OZ034732.1 pos:19219917 chunknumber 88000 contains 436 sites
	-> Printing at chr: OZ034732.1 pos:19265320 chunknumber 88100 contains 394 sites
	-> Printing at chr: OZ034732.1 pos:19301316 chunknumber 88200 contains 258 sites
	-> Printing at chr: OZ034732.1 pos:19342021 chunknumber 88300 contains 461 sites
	-> Printing at chr: OZ034732.1 pos:19389014 chunknumber 88400 contains 313 sites
	-> Printing at chr: OZ034732.1 pos:19442025 chunknumber 88500 contains 866 sites
	-> Printing at chr: OZ034732.1 pos:19481307 chunknumber 88600 contains 252 sites
	-> Printing at chr: OZ034732.1 pos:19512839 chunknumber 88700 contains 254 sites
	-> Printing at chr: OZ034732.1 pos:19541537 chunknumber 88800 contains 258 sites
	-> Printing at chr: OZ034732.1 pos:19578995 chunknumber 88900 contains 339 sites
	-> Printing at chr: OZ034732.1 pos:19615984 chunknumber 89000 contains 256 sites
	-> Printing at chr: OZ034732.1 pos:19651376 chunknumber 89100 contains 332 sites
	-> Printing at chr: OZ034732.1 pos:19693125 chunknumber 89200 contains 366 sites
	-> Printing at chr: OZ034732.1 pos:19744464 chunknumber 89300 contains 305 sites
	-> Printing at chr: OZ034732.1 pos:19783964 chunknumber 89400 contains 571 sites
	-> Printing at chr: OZ034732.1 pos:19822562 chunknumber 89500 contains 576 sites
	-> Printing at chr: OZ034732.1 pos:19877697 chunknumber 89600 contains 347 sites
	-> Printing at chr: OZ034732.1 pos:19914009 chunknumber 89700 contains 352 sites
	-> Printing at chr: OZ034732.1 pos:19950205 chunknumber 89800 contains 412 sites
	-> Printing at chr: OZ034732.1 pos:19987441 chunknumber 89900 contains 401 sites
	-> Printing at chr: OZ034732.1 pos:20024369 chunknumber 90000 contains 363 sites
	-> Printing at chr: OZ034732.1 pos:20059144 chunknumber 90100 contains 365 sites
	-> Printing at chr: OZ034732.1 pos:20118661 chunknumber 90200 contains 433 sites
	-> Printing at chr: OZ034732.1 pos:20153435 chunknumber 90300 contains 372 sites
	-> Printing at chr: OZ034732.1 pos:20189019 chunknumber 90400 contains 255 sites
	-> Printing at chr: OZ034732.1 pos:20224871 chunknumber 90500 contains 254 sites
	-> Printing at chr: OZ034732.1 pos:20259467 chunknumber 90600 contains 383 sites
	-> Printing at chr: OZ034732.1 pos:20297071 chunknumber 90700 contains 369 sites
	-> Printing at chr: OZ034732.1 pos:20330575 chunknumber 90800 contains 254 sites
	-> Printing at chr: OZ034732.1 pos:20386000 chunknumber 90900 contains 352 sites
	-> Printing at chr: OZ034732.1 pos:20436818 chunknumber 91000 contains 494 sites
	-> Printing at chr: OZ034732.1 pos:20472706 chunknumber 91100 contains 279 sites
	-> Printing at chr: OZ034732.1 pos:20528565 chunknumber 91200 contains 284 sites
	-> Printing at chr: OZ034732.1 pos:20578072 chunknumber 91300 contains 327 sites
	-> Printing at chr: OZ034732.1 pos:20622121 chunknumber 91400 contains 272 sites
	-> Printing at chr: OZ034732.1 pos:20661432 chunknumber 91500 contains 470 sites
	-> Printing at chr: OZ034732.1 pos:20698096 chunknumber 91600 contains 514 sites
	-> Printing at chr: OZ034732.1 pos:20734226 chunknumber 91700 contains 258 sites
	-> Printing at chr: OZ034732.1 pos:20772422 chunknumber 91800 contains 386 sites
	-> Printing at chr: OZ034732.1 pos:20809837 chunknumber 91900 contains 412 sites
	-> Printing at chr: OZ034732.1 pos:20846121 chunknumber 92000 contains 389 sites
	-> Printing at chr: OZ034732.1 pos:20884353 chunknumber 92100 contains 287 sites
	-> Printing at chr: OZ034732.1 pos:20918919 chunknumber 92200 contains 254 sites
	-> Printing at chr: OZ034732.1 pos:20960724 chunknumber 92300 contains 299 sites
	-> Printing at chr: OZ034732.1 pos:21005231 chunknumber 92400 contains 356 sites
	-> Printing at chr: OZ034732.1 pos:21037719 chunknumber 92500 contains 369 sites
	-> Printing at chr: OZ034732.1 pos:21083894 chunknumber 92600 contains 313 sites
	-> Printing at chr: OZ034732.1 pos:21113105 chunknumber 92700 contains 258 sites
	-> Printing at chr: OZ034732.1 pos:21143531 chunknumber 92800 contains 257 sites
	-> Printing at chr: OZ034732.1 pos:21180241 chunknumber 92900 contains 316 sites
	-> Printing at chr: OZ034732.1 pos:21218802 chunknumber 93000 contains 314 sites
	-> Printing at chr: OZ034732.1 pos:21255478 chunknumber 93100 contains 462 sites
	-> Printing at chr: OZ034732.1 pos:21291994 chunknumber 93200 contains 275 sites
	-> Printing at chr: OZ034732.1 pos:21348602 chunknumber 93300 contains 253 sites
	-> Printing at chr: OZ034732.1 pos:21386077 chunknumber 93400 contains 256 sites
	-> Printing at chr: OZ034732.1 pos:21419917 chunknumber 93500 contains 320 sites
	-> Printing at chr: OZ034732.1 pos:21455911 chunknumber 93600 contains 281 sites
	-> Printing at chr: OZ034732.1 pos:21492749 chunknumber 93700 contains 282 sites
	-> Printing at chr: OZ034732.1 pos:21527650 chunknumber 93800 contains 384 sites
	-> Printing at chr: OZ034732.1 pos:21572842 chunknumber 93900 contains 379 sites
	-> Printing at chr: OZ034732.1 pos:21606839 chunknumber 94000 contains 368 sites
	-> Printing at chr: OZ034732.1 pos:21642982 chunknumber 94100 contains 517 sites
	-> Printing at chr: OZ034732.1 pos:21678126 chunknumber 94200 contains 251 sites
	-> Printing at chr: OZ034732.1 pos:21711883 chunknumber 94300 contains 251 sites
	-> Printing at chr: OZ034732.1 pos:21748364 chunknumber 94400 contains 385 sites
	-> Printing at chr: OZ034732.1 pos:21782114 chunknumber 94500 contains 254 sites
	-> Printing at chr: OZ034732.1 pos:21818353 chunknumber 94600 contains 270 sites
	-> Printing at chr: OZ034732.1 pos:21854233 chunknumber 94700 contains 358 sites
	-> Printing at chr: OZ034732.1 pos:21892860 chunknumber 94800 contains 443 sites
	-> Printing at chr: OZ034732.1 pos:21929498 chunknumber 94900 contains 257 sites
	-> Printing at chr: OZ034732.1 pos:21970763 chunknumber 95000 contains 454 sites
	-> Printing at chr: OZ034732.1 pos:22009761 chunknumber 95100 contains 394 sites
	-> Printing at chr: OZ034732.1 pos:22047101 chunknumber 95200 contains 254 sites
	-> Printing at chr: OZ034732.1 pos:22083109 chunknumber 95300 contains 275 sites
	-> Printing at chr: OZ034732.1 pos:22117844 chunknumber 95400 contains 453 sites
	-> Printing at chr: OZ034732.1 pos:22152956 chunknumber 95500 contains 410 sites
	-> Printing at chr: OZ034732.1 pos:22188757 chunknumber 95600 contains 292 sites
	-> Printing at chr: OZ034732.1 pos:22228832 chunknumber 95700 contains 511 sites
	-> Printing at chr: OZ034732.1 pos:22264854 chunknumber 95800 contains 255 sites
	-> Printing at chr: OZ034732.1 pos:22299068 chunknumber 95900 contains 251 sites
	-> Printing at chr: OZ034732.1 pos:22333593 chunknumber 96000 contains 375 sites
	-> Printing at chr: OZ034732.1 pos:22367617 chunknumber 96100 contains 342 sites
	-> Printing at chr: OZ034732.1 pos:22415643 chunknumber 96200 contains 967 sites
	-> Printing at chr: OZ034732.1 pos:22472032 chunknumber 96300 contains 384 sites
	-> Printing at chr: OZ034732.1 pos:22528015 chunknumber 96400 contains 470 sites
	-> Printing at chr: OZ034732.1 pos:22576911 chunknumber 96500 contains 8440 sites
	-> Printing at chr: OZ034732.1 pos:22666894 chunknumber 96600 contains 342 sites
	-> Printing at chr: OZ034732.1 pos:22725513 chunknumber 96700 contains 540 sites
	-> Printing at chr: OZ034732.1 pos:22769246 chunknumber 96800 contains 312 sites
	-> Printing at chr: OZ034732.1 pos:22803502 chunknumber 96900 contains 262 sites
	-> Printing at chr: OZ034732.1 pos:22838404 chunknumber 97000 contains 383 sites
	-> Printing at chr: OZ034732.1 pos:22873733 chunknumber 97100 contains 299 sites
	-> Printing at chr: OZ034732.1 pos:22909150 chunknumber 97200 contains 328 sites
	-> Printing at chr: OZ034732.1 pos:22946695 chunknumber 97300 contains 513 sites
	-> Printing at chr: OZ034732.1 pos:22980434 chunknumber 97400 contains 391 sites
	-> Printing at chr: OZ034732.1 pos:23015005 chunknumber 97500 contains 331 sites
	-> Printing at chr: OZ034732.1 pos:23052592 chunknumber 97600 contains 466 sites
	-> Printing at chr: OZ034732.1 pos:23090977 chunknumber 97700 contains 284 sites
	-> Printing at chr: OZ034732.1 pos:23130306 chunknumber 97800 contains 254 sites
	-> Printing at chr: OZ034732.1 pos:23166554 chunknumber 97900 contains 318 sites
	-> Printing at chr: OZ034732.1 pos:23207121 chunknumber 98000 contains 293 sites
	-> Printing at chr: OZ034732.1 pos:23249632 chunknumber 98100 contains 376 sites
	-> Printing at chr: OZ034732.1 pos:23297979 chunknumber 98200 contains 374 sites
	-> Printing at chr: OZ034732.1 pos:23342526 chunknumber 98300 contains 560 sites
	-> Printing at chr: OZ034732.1 pos:23392380 chunknumber 98400 contains 261 sites
	-> Printing at chr: OZ034732.1 pos:23429985 chunknumber 98500 contains 388 sites
	-> Printing at chr: OZ034732.1 pos:23465236 chunknumber 98600 contains 472 sites
	-> Printing at chr: OZ034732.1 pos:23498665 chunknumber 98700 contains 356 sites
	-> Printing at chr: OZ034732.1 pos:23540061 chunknumber 98800 contains 254 sites
	-> Printing at chr: OZ034732.1 pos:23583900 chunknumber 98900 contains 415 sites
	-> Printing at chr: OZ034732.1 pos:23621594 chunknumber 99000 contains 303 sites
	-> Printing at chr: OZ034732.1 pos:23697014 chunknumber 99100 contains 266 sites
	-> Printing at chr: OZ034732.1 pos:23733826 chunknumber 99200 contains 318 sites
	-> Printing at chr: OZ034732.1 pos:23770152 chunknumber 99300 contains 577 sites
	-> Printing at chr: OZ034732.1 pos:23804473 chunknumber 99400 contains 306 sites
	-> Printing at chr: OZ034732.1 pos:23842141 chunknumber 99500 contains 413 sites
	-> Printing at chr: OZ034732.1 pos:23888671 chunknumber 99600 contains 657 sites
	-> Printing at chr: OZ034732.1 pos:23933367 chunknumber 99700 contains 434 sites
	-> Printing at chr: OZ034732.1 pos:23980965 chunknumber 99800 contains 303 sites
	-> Printing at chr: OZ034732.1 pos:24026496 chunknumber 99900 contains 253 sites
	-> Printing at chr: OZ034732.1 pos:24074582 chunknumber 100000 contains 255 sites
	-> Printing at chr: OZ034732.1 pos:24105282 chunknumber 100100 contains 251 sites
	-> Printing at chr: OZ034732.1 pos:24132139 chunknumber 100200 contains 252 sites
	-> Printing at chr: OZ034732.1 pos:24204861 chunknumber 100300 contains 810 sites
	-> Printing at chr: OZ034732.1 pos:24301358 chunknumber 100400 contains 254 sites
	-> Printing at chr: OZ034732.1 pos:24336198 chunknumber 100500 contains 270 sites
	-> Printing at chr: OZ034732.1 pos:24380585 chunknumber 100600 contains 578 sites
	-> Printing at chr: OZ034732.1 pos:24489797 chunknumber 100700 contains 3525 sites
	-> Printing at chr: OZ034732.1 pos:24553249 chunknumber 100800 contains 414 sites
	-> Printing at chr: OZ034732.1 pos:24587948 chunknumber 100900 contains 269 sites
	-> Printing at chr: OZ034732.1 pos:24625055 chunknumber 101000 contains 737 sites
	-> Printing at chr: OZ034732.1 pos:24721164 chunknumber 101100 contains 343 sites
	-> Printing at chr: OZ034732.1 pos:24762513 chunknumber 101200 contains 474 sites
	-> Printing at chr: OZ034732.1 pos:24798321 chunknumber 101300 contains 319 sites
	-> Printing at chr: OZ034732.1 pos:24834583 chunknumber 101400 contains 282 sites
	-> Printing at chr: OZ034732.1 pos:24868596 chunknumber 101500 contains 253 sites
	-> Printing at chr: OZ034732.1 pos:24903432 chunknumber 101600 contains 267 sites
	-> Printing at chr: OZ034732.1 pos:24936529 chunknumber 101700 contains 251 sites
	-> Printing at chr: OZ034732.1 pos:24979926 chunknumber 101800 contains 254 sites
	-> Printing at chr: OZ034732.1 pos:25031705 chunknumber 101900 contains 593 sites
	-> Printing at chr: OZ034732.1 pos:25069124 chunknumber 102000 contains 347 sites
	-> Printing at chr: OZ034732.1 pos:25103417 chunknumber 102100 contains 300 sites
	-> Printing at chr: OZ034732.1 pos:25142608 chunknumber 102200 contains 361 sites
	-> Printing at chr: OZ034732.1 pos:25215850 chunknumber 102300 contains 1812 sites
	-> Printing at chr: OZ034732.1 pos:25306956 chunknumber 102400 contains 594 sites
	-> Printing at chr: OZ034732.1 pos:25351965 chunknumber 102500 contains 417 sites
	-> Printing at chr: OZ034732.1 pos:25389332 chunknumber 102600 contains 427 sites
	-> Printing at chr: OZ034732.1 pos:25425065 chunknumber 102700 contains 253 sites
	-> Printing at chr: OZ034732.1 pos:25656741 chunknumber 102800 contains 3773 sites
	-> Printing at chr: OZ034732.1 pos:26157159 chunknumber 102900 contains 2414 sites
	-> Printing at chr: OZ034732.1 pos:26408008 chunknumber 103000 contains 1320 sites
	-> Printing at chr: OZ034732.1 pos:26837179 chunknumber 103100 contains 2946 sites
	-> Printing at chr: OZ034732.1 pos:27175392 chunknumber 103200 contains 377 sites
	-> Printing at chr: OZ034732.1 pos:27506087 chunknumber 103300 contains 5353 sites

	-> Allocated ~ 220 million nodes to the nodepool, this is not an estimate of the memory usage

	-> Allocated ~ 230 million nodes to the nodepool, this is not an estimate of the memory usage

	-> Allocated ~ 240 million nodes to the nodepool, this is not an estimate of the memory usage
	-> Printing at chr: OZ034732.1 pos:27949211 chunknumber 103400 contains 1427 sites
	-> Printing at chr: OZ034732.1 pos:28436541 chunknumber 103500 contains 252 sites
	-> Printing at chr: OZ034732.1 pos:28534591 chunknumber 103600 contains 435 sites
	-> Printing at chr: OZ034732.1 pos:28569874 chunknumber 103700 contains 439 sites
	-> Printing at chr: OZ034732.1 pos:28606072 chunknumber 103800 contains 336 sites
	-> Printing at chr: OZ034732.1 pos:28642109 chunknumber 103900 contains 348 sites
	-> Printing at chr: OZ034732.1 pos:28733122 chunknumber 104000 contains 5845 sites
	-> Printing at chr: OZ034732.1 pos:28854462 chunknumber 104100 contains 1931 sites
	-> Printing at chr: OZ034732.1 pos:28929373 chunknumber 104200 contains 268 sites
	-> Printing at chr: OZ034732.1 pos:28975213 chunknumber 104300 contains 735 sites
	-> Printing at chr: OZ034732.1 pos:29016637 chunknumber 104400 contains 315 sites
	-> Printing at chr: OZ034732.1 pos:29058048 chunknumber 104500 contains 425 sites
	-> Printing at chr: OZ034732.1 pos:29097501 chunknumber 104600 contains 1384 sites
	-> Printing at chr: OZ034732.1 pos:29143397 chunknumber 104700 contains 474 sites
	-> Printing at chr: OZ034732.1 pos:29188079 chunknumber 104800 contains 289 sites
	-> Printing at chr: OZ034732.1 pos:29224664 chunknumber 104900 contains 301 sites
	-> Printing at chr: OZ034732.1 pos:29260184 chunknumber 105000 contains 276 sites
	-> Printing at chr: OZ034732.1 pos:29298173 chunknumber 105100 contains 396 sites
	-> Printing at chr: OZ034732.1 pos:29361410 chunknumber 105200 contains 293 sites
	-> Printing at chr: OZ034732.1 pos:29441777 chunknumber 105300 contains 333 sites
	-> Printing at chr: OZ034732.1 pos:29476153 chunknumber 105400 contains 262 sites
	-> Printing at chr: OZ034732.1 pos:29513592 chunknumber 105500 contains 341 sites
	-> Printing at chr: OZ034732.1 pos:29549524 chunknumber 105600 contains 338 sites
	-> Printing at chr: OZ034732.1 pos:29585233 chunknumber 105700 contains 254 sites
	-> Printing at chr: OZ034732.1 pos:29620901 chunknumber 105800 contains 389 sites
	-> Printing at chr: OZ034732.1 pos:29656246 chunknumber 105900 contains 369 sites
	-> Printing at chr: OZ034732.1 pos:29692134 chunknumber 106000 contains 315 sites
	-> Printing at chr: OZ034732.1 pos:29733301 chunknumber 106100 contains 391 sites
	-> Printing at chr: OZ034732.1 pos:29769829 chunknumber 106200 contains 383 sites
	-> Printing at chr: OZ034732.1 pos:29806214 chunknumber 106300 contains 303 sites
	-> Printing at chr: OZ034732.1 pos:29842126 chunknumber 106400 contains 256 sites
	-> Printing at chr: OZ034732.1 pos:29895377 chunknumber 106500 contains 516 sites
	-> Printing at chr: OZ034732.1 pos:29931611 chunknumber 106600 contains 257 sites
	-> Printing at chr: OZ034732.1 pos:29966991 chunknumber 106700 contains 255 sites
	-> Printing at chr: OZ034732.1 pos:30002463 chunknumber 106800 contains 258 sites
	-> Printing at chr: OZ034732.1 pos:30038842 chunknumber 106900 contains 370 sites
	-> Printing at chr: OZ034732.1 pos:30073074 chunknumber 107000 contains 529 sites
	-> Printing at chr: OZ034732.1 pos:30124189 chunknumber 107100 contains 742 sites
	-> Printing at chr: OZ034732.1 pos:30175637 chunknumber 107200 contains 266 sites
	-> Printing at chr: OZ034732.1 pos:30221526 chunknumber 107300 contains 398 sites
	-> Printing at chr: OZ034732.1 pos:30266349 chunknumber 107400 contains 409 sites
	-> Printing at chr: OZ034732.1 pos:30311308 chunknumber 107500 contains 369 sites
	-> Printing at chr: OZ034732.1 pos:30346649 chunknumber 107600 contains 557 sites
	-> Printing at chr: OZ034732.1 pos:30389710 chunknumber 107700 contains 279 sites
	-> Printing at chr: OZ034732.1 pos:30433768 chunknumber 107800 contains 463 sites
	-> Printing at chr: OZ034732.1 pos:30473260 chunknumber 107900 contains 540 sites
	-> Printing at chr: OZ034732.1 pos:30505918 chunknumber 108000 contains 252 sites
	-> Printing at chr: OZ034732.1 pos:30551784 chunknumber 108100 contains 264 sites
	-> Printing at chr: OZ034732.1 pos:30590462 chunknumber 108200 contains 822 sites
	-> Printing at chr: OZ034732.1 pos:30663118 chunknumber 108300 contains 253 sites
	-> Printing at chr: OZ034732.1 pos:30698715 chunknumber 108400 contains 251 sites
	-> Printing at chr: OZ034732.1 pos:30738737 chunknumber 108500 contains 252 sites
	-> Printing at chr: OZ034732.1 pos:30775070 chunknumber 108600 contains 868 sites
	-> Printing at chr: OZ034732.1 pos:30840071 chunknumber 108700 contains 1880 sites
	-> Printing at chr: OZ034732.1 pos:30878237 chunknumber 108800 contains 347 sites
	-> Printing at chr: OZ034732.1 pos:30916599 chunknumber 108900 contains 266 sites
	-> Printing at chr: OZ034732.1 pos:30952191 chunknumber 109000 contains 254 sites
	-> Printing at chr: OZ034732.1 pos:30989571 chunknumber 109100 contains 295 sites
	-> Printing at chr: OZ034732.1 pos:31149830 chunknumber 109200 contains 5895 sites
	-> Printing at chr: OZ034732.1 pos:31217493 chunknumber 109300 contains 475 sites
	-> Printing at chr: OZ034732.1 pos:31255799 chunknumber 109400 contains 251 sites
	-> Printing at chr: OZ034732.1 pos:31305324 chunknumber 109500 contains 388 sites
	-> Printing at chr: OZ034732.1 pos:31341282 chunknumber 109600 contains 338 sites
	-> Printing at chr: OZ034732.1 pos:31378632 chunknumber 109700 contains 428 sites
	-> Printing at chr: OZ034732.1 pos:31415108 chunknumber 109800 contains 259 sites
	-> Printing at chr: OZ034732.1 pos:31450884 chunknumber 109900 contains 391 sites
	-> Printing at chr: OZ034732.1 pos:31485316 chunknumber 110000 contains 364 sites
	-> Printing at chr: OZ034732.1 pos:31525682 chunknumber 110100 contains 254 sites
	-> Printing at chr: OZ034732.1 pos:31555684 chunknumber 110200 contains 396 sites
	-> Printing at chr: OZ034732.1 pos:31599021 chunknumber 110300 contains 273 sites
	-> Printing at chr: OZ034732.1 pos:31637064 chunknumber 110400 contains 378 sites
	-> Printing at chr: OZ034732.1 pos:31671747 chunknumber 110500 contains 304 sites
	-> Printing at chr: OZ034732.1 pos:31710380 chunknumber 110600 contains 325 sites
	-> Printing at chr: OZ034732.1 pos:31748612 chunknumber 110700 contains 318 sites
	-> Printing at chr: OZ034732.1 pos:31786391 chunknumber 110800 contains 444 sites
	-> Printing at chr: OZ034732.1 pos:31822455 chunknumber 110900 contains 402 sites
	-> Printing at chr: OZ034732.1 pos:31858161 chunknumber 111000 contains 457 sites
	-> Printing at chr: OZ034732.1 pos:31894559 chunknumber 111100 contains 340 sites
	-> Printing at chr: OZ034732.1 pos:31931271 chunknumber 111200 contains 259 sites
	-> Printing at chr: OZ034732.1 pos:31969814 chunknumber 111300 contains 277 sites
	-> Printing at chr: OZ034732.1 pos:32004684 chunknumber 111400 contains 442 sites
	-> Printing at chr: OZ034732.1 pos:32044153 chunknumber 111500 contains 349 sites
	-> Printing at chr: OZ034732.1 pos:32081882 chunknumber 111600 contains 679 sites
	-> Printing at chr: OZ034732.1 pos:32147338 chunknumber 111700 contains 582 sites
	-> Printing at chr: OZ034732.1 pos:32212679 chunknumber 111800 contains 264 sites
	-> Printing at chr: OZ034732.1 pos:32261084 chunknumber 111900 contains 279 sites
	-> Printing at chr: OZ034732.1 pos:32303153 chunknumber 112000 contains 328 sites
	-> Printing at chr: OZ034732.1 pos:32344605 chunknumber 112100 contains 484 sites
	-> Printing at chr: OZ034732.1 pos:32393786 chunknumber 112200 contains 251 sites
	-> Printing at chr: OZ034732.1 pos:32440306 chunknumber 112300 contains 387 sites
	-> Printing at chr: OZ034732.1 pos:32477506 chunknumber 112400 contains 514 sites
	-> Printing at chr: OZ034732.1 pos:32515316 chunknumber 112500 contains 467 sites
	-> Printing at chr: OZ034732.1 pos:32548282 chunknumber 112600 contains 270 sites
	-> Printing at chr: OZ034732.1 pos:32580987 chunknumber 112700 contains 359 sites
	-> Printing at chr: OZ034732.1 pos:32619359 chunknumber 112800 contains 314 sites
	-> Printing at chr: OZ034732.1 pos:32655059 chunknumber 112900 contains 305 sites
	-> Printing at chr: OZ034732.1 pos:32689511 chunknumber 113000 contains 366 sites
	-> Printing at chr: OZ034732.1 pos:32726843 chunknumber 113100 contains 348 sites
	-> Printing at chr: OZ034732.1 pos:32770624 chunknumber 113200 contains 253 sites
	-> Printing at chr: OZ034732.1 pos:32807988 chunknumber 113300 contains 265 sites
	-> Printing at chr: OZ034732.1 pos:32845910 chunknumber 113400 contains 362 sites
	-> Printing at chr: OZ034732.1 pos:32881230 chunknumber 113500 contains 320 sites
	-> Printing at chr: OZ034732.1 pos:32916867 chunknumber 113600 contains 368 sites
	-> Printing at chr: OZ034732.1 pos:32953864 chunknumber 113700 contains 310 sites
	-> Printing at chr: OZ034732.1 pos:32994469 chunknumber 113800 contains 314 sites
	-> Printing at chr: OZ034732.1 pos:33030947 chunknumber 113900 contains 384 sites
	-> Printing at chr: OZ034732.1 pos:33085534 chunknumber 114000 contains 339 sites
	-> Printing at chr: OZ034732.1 pos:33124626 chunknumber 114100 contains 252 sites
	-> Printing at chr: OZ034732.1 pos:33177472 chunknumber 114200 contains 422 sites
	-> Printing at chr: OZ034732.1 pos:33212510 chunknumber 114300 contains 403 sites
	-> Printing at chr: OZ034732.1 pos:33248298 chunknumber 114400 contains 331 sites
	-> Printing at chr: OZ034732.1 pos:33283400 chunknumber 114500 contains 445 sites
	-> Printing at chr: OZ034732.1 pos:33319712 chunknumber 114600 contains 256 sites
	-> Printing at chr: OZ034732.1 pos:33362037 chunknumber 114700 contains 676 sites
	-> Printing at chr: OZ034732.1 pos:33398367 chunknumber 114800 contains 367 sites
	-> Printing at chr: OZ034732.1 pos:33439195 chunknumber 114900 contains 262 sites
	-> Printing at chr: OZ034732.1 pos:33477134 chunknumber 115000 contains 324 sites
	-> Printing at chr: OZ034732.1 pos:33522534 chunknumber 115100 contains 312 sites
	-> Printing at chr: OZ034732.1 pos:33558450 chunknumber 115200 contains 381 sites
	-> Printing at chr: OZ034732.1 pos:33592801 chunknumber 115300 contains 384 sites
	-> Printing at chr: OZ034732.1 pos:33630982 chunknumber 115400 contains 412 sites
	-> Printing at chr: OZ034732.1 pos:33666094 chunknumber 115500 contains 428 sites
	-> Printing at chr: OZ034732.1 pos:33732880 chunknumber 115600 contains 385 sites
	-> Printing at chr: OZ034732.1 pos:33768424 chunknumber 115700 contains 266 sites
	-> Printing at chr: OZ034732.1 pos:33805375 chunknumber 115800 contains 363 sites
	-> Printing at chr: OZ034732.1 pos:33922394 chunknumber 115900 contains 839 sites
	-> Printing at chr: OZ034732.1 pos:34003651 chunknumber 116000 contains 258 sites
	-> Printing at chr: OZ034732.1 pos:34174703 chunknumber 116100 contains 257 sites
	-> Printing at chr: OZ034732.1 pos:34255691 chunknumber 116200 contains 1161 sites
	-> Printing at chr: OZ034732.1 pos:34330039 chunknumber 116300 contains 270 sites
	-> Printing at chr: OZ034732.1 pos:34436130 chunknumber 116400 contains 255 sites
	-> Printing at chr: OZ034732.1 pos:34476013 chunknumber 116500 contains 310 sites
	-> Printing at chr: OZ034732.1 pos:34512826 chunknumber 116600 contains 431 sites
	-> Printing at chr: OZ034732.1 pos:34549366 chunknumber 116700 contains 270 sites
	-> Printing at chr: OZ034732.1 pos:34585150 chunknumber 116800 contains 268 sites
	-> Printing at chr: OZ034732.1 pos:34620550 chunknumber 116900 contains 426 sites
	-> Printing at chr: OZ034732.1 pos:34654608 chunknumber 117000 contains 300 sites
	-> Printing at chr: OZ034732.1 pos:34692023 chunknumber 117100 contains 251 sites
	-> Printing at chr: OZ034732.1 pos:34735211 chunknumber 117200 contains 303 sites
	-> Printing at chr: OZ034732.1 pos:34779593 chunknumber 117300 contains 987 sites
	-> Printing at chr: OZ034732.1 pos:34862235 chunknumber 117400 contains 254 sites
	-> Printing at chr: OZ034732.1 pos:34983887 chunknumber 117500 contains 2867 sites
	-> Printing at chr: OZ034732.1 pos:35043393 chunknumber 117600 contains 297 sites
	-> Printing at chr: OZ034732.1 pos:35078446 chunknumber 117700 contains 391 sites
	-> Printing at chr: OZ034732.1 pos:35143585 chunknumber 117800 contains 497 sites
	-> Printing at chr: OZ034732.1 pos:35192630 chunknumber 117900 contains 251 sites
	-> Printing at chr: OZ034732.1 pos:35240445 chunknumber 118000 contains 258 sites
	-> Printing at chr: OZ034732.1 pos:35288200 chunknumber 118100 contains 429 sites
	-> Printing at chr: OZ034732.1 pos:35324699 chunknumber 118200 contains 280 sites
	-> Printing at chr: OZ034732.1 pos:35359134 chunknumber 118300 contains 395 sites
	-> Printing at chr: OZ034732.1 pos:35395320 chunknumber 118400 contains 408 sites
	-> Printing at chr: OZ034732.1 pos:35430363 chunknumber 118500 contains 342 sites
	-> Printing at chr: OZ034732.1 pos:35465544 chunknumber 118600 contains 370 sites
	-> Printing at chr: OZ034732.1 pos:35501911 chunknumber 118700 contains 302 sites
	-> Region lookup 3/142
	-> Printing at chr: OZ034733.1 pos:29236 chunknumber 118800 contains 308 sites
	-> Printing at chr: OZ034733.1 pos:66707 chunknumber 118900 contains 332 sites
	-> Printing at chr: OZ034733.1 pos:101639 chunknumber 119000 contains 396 sites
	-> Printing at chr: OZ034733.1 pos:136564 chunknumber 119100 contains 352 sites
	-> Printing at chr: OZ034733.1 pos:170390 chunknumber 119200 contains 295 sites
	-> Printing at chr: OZ034733.1 pos:207626 chunknumber 119300 contains 325 sites
	-> Printing at chr: OZ034733.1 pos:242905 chunknumber 119400 contains 320 sites
	-> Printing at chr: OZ034733.1 pos:285082 chunknumber 119500 contains 297 sites
	-> Printing at chr: OZ034733.1 pos:319902 chunknumber 119600 contains 425 sites
	-> Printing at chr: OZ034733.1 pos:355508 chunknumber 119700 contains 303 sites
	-> Printing at chr: OZ034733.1 pos:404502 chunknumber 119800 contains 535 sites
	-> Printing at chr: OZ034733.1 pos:465673 chunknumber 119900 contains 307 sites
	-> Printing at chr: OZ034733.1 pos:502234 chunknumber 120000 contains 294 sites
	-> Printing at chr: OZ034733.1 pos:542667 chunknumber 120100 contains 817 sites
	-> Printing at chr: OZ034733.1 pos:577966 chunknumber 120200 contains 253 sites
	-> Printing at chr: OZ034733.1 pos:614835 chunknumber 120300 contains 290 sites
	-> Printing at chr: OZ034733.1 pos:649489 chunknumber 120400 contains 297 sites
	-> Printing at chr: OZ034733.1 pos:759230 chunknumber 120500 contains 1434 sites
	-> Printing at chr: OZ034733.1 pos:854692 chunknumber 120600 contains 365 sites
	-> Printing at chr: OZ034733.1 pos:892303 chunknumber 120700 contains 373 sites
	-> Printing at chr: OZ034733.1 pos:926932 chunknumber 120800 contains 381 sites
	-> Printing at chr: OZ034733.1 pos:964225 chunknumber 120900 contains 322 sites
	-> Printing at chr: OZ034733.1 pos:999702 chunknumber 121000 contains 315 sites
	-> Printing at chr: OZ034733.1 pos:1090672 chunknumber 121100 contains 279 sites
	-> Printing at chr: OZ034733.1 pos:1145004 chunknumber 121200 contains 2762 sites
	-> Printing at chr: OZ034733.1 pos:1278427 chunknumber 121300 contains 275 sites
	-> Printing at chr: OZ034733.1 pos:1313827 chunknumber 121400 contains 298 sites
	-> Printing at chr: OZ034733.1 pos:1350013 chunknumber 121500 contains 397 sites
	-> Printing at chr: OZ034733.1 pos:1382810 chunknumber 121600 contains 1427 sites
	-> Printing at chr: OZ034733.1 pos:1507975 chunknumber 121700 contains 364 sites
	-> Printing at chr: OZ034733.1 pos:1557790 chunknumber 121800 contains 362 sites
	-> Printing at chr: OZ034733.1 pos:1603702 chunknumber 121900 contains 336 sites
	-> Printing at chr: OZ034733.1 pos:1640457 chunknumber 122000 contains 344 sites
	-> Printing at chr: OZ034733.1 pos:1718797 chunknumber 122100 contains 462 sites
	-> Printing at chr: OZ034733.1 pos:1758593 chunknumber 122200 contains 251 sites
	-> Printing at chr: OZ034733.1 pos:1792432 chunknumber 122300 contains 505 sites
	-> Printing at chr: OZ034733.1 pos:1828545 chunknumber 122400 contains 287 sites
	-> Printing at chr: OZ034733.1 pos:1871794 chunknumber 122500 contains 846 sites
	-> Printing at chr: OZ034733.1 pos:1903629 chunknumber 122600 contains 317 sites
	-> Printing at chr: OZ034733.1 pos:1938835 chunknumber 122700 contains 329 sites
	-> Printing at chr: OZ034733.1 pos:1981158 chunknumber 122800 contains 326 sites
	-> Printing at chr: OZ034733.1 pos:2016800 chunknumber 122900 contains 265 sites
	-> Printing at chr: OZ034733.1 pos:2046488 chunknumber 123000 contains 330 sites
	-> Printing at chr: OZ034733.1 pos:2097879 chunknumber 123100 contains 255 sites
	-> Printing at chr: OZ034733.1 pos:2146453 chunknumber 123200 contains 263 sites
	-> Printing at chr: OZ034733.1 pos:2192765 chunknumber 123300 contains 324 sites
	-> Printing at chr: OZ034733.1 pos:2233698 chunknumber 123400 contains 256 sites
	-> Printing at chr: OZ034733.1 pos:2270315 chunknumber 123500 contains 258 sites
	-> Printing at chr: OZ034733.1 pos:2305298 chunknumber 123600 contains 379 sites
	-> Printing at chr: OZ034733.1 pos:2339930 chunknumber 123700 contains 335 sites
	-> Printing at chr: OZ034733.1 pos:2378623 chunknumber 123800 contains 353 sites
	-> Printing at chr: OZ034733.1 pos:2417266 chunknumber 123900 contains 423 sites
	-> Printing at chr: OZ034733.1 pos:2456664 chunknumber 124000 contains 251 sites
	-> Printing at chr: OZ034733.1 pos:2489567 chunknumber 124100 contains 349 sites
	-> Printing at chr: OZ034733.1 pos:2527739 chunknumber 124200 contains 320 sites
	-> Printing at chr: OZ034733.1 pos:2708297 chunknumber 124300 contains 382 sites
	-> Printing at chr: OZ034733.1 pos:2821501 chunknumber 124400 contains 418 sites
	-> Printing at chr: OZ034733.1 pos:2972347 chunknumber 124500 contains 372 sites
	-> Printing at chr: OZ034733.1 pos:3085901 chunknumber 124600 contains 375 sites
	-> Printing at chr: OZ034733.1 pos:3125517 chunknumber 124700 contains 334 sites
	-> Printing at chr: OZ034733.1 pos:3166827 chunknumber 124800 contains 400 sites
	-> Printing at chr: OZ034733.1 pos:3225344 chunknumber 124900 contains 297 sites
	-> Printing at chr: OZ034733.1 pos:3321562 chunknumber 125000 contains 485 sites
	-> Printing at chr: OZ034733.1 pos:3428984 chunknumber 125100 contains 252 sites
	-> Printing at chr: OZ034733.1 pos:3498185 chunknumber 125200 contains 732 sites
	-> Printing at chr: OZ034733.1 pos:3530431 chunknumber 125300 contains 352 sites
	-> Printing at chr: OZ034733.1 pos:3598466 chunknumber 125400 contains 264 sites
	-> Printing at chr: OZ034733.1 pos:3637773 chunknumber 125500 contains 346 sites
	-> Printing at chr: OZ034733.1 pos:3681124 chunknumber 125600 contains 384 sites
	-> Printing at chr: OZ034733.1 pos:3716858 chunknumber 125700 contains 378 sites
	-> Printing at chr: OZ034733.1 pos:3759830 chunknumber 125800 contains 776 sites
	-> Printing at chr: OZ034733.1 pos:3832931 chunknumber 125900 contains 521 sites
	-> Printing at chr: OZ034733.1 pos:3891184 chunknumber 126000 contains 446 sites
	-> Printing at chr: OZ034733.1 pos:3927255 chunknumber 126100 contains 257 sites
	-> Printing at chr: OZ034733.1 pos:3964843 chunknumber 126200 contains 254 sites
	-> Printing at chr: OZ034733.1 pos:4028784 chunknumber 126300 contains 422 sites
	-> Printing at chr: OZ034733.1 pos:4070400 chunknumber 126400 contains 564 sites
	-> Printing at chr: OZ034733.1 pos:4115712 chunknumber 126500 contains 254 sites
	-> Printing at chr: OZ034733.1 pos:4150512 chunknumber 126600 contains 490 sites
	-> Printing at chr: OZ034733.1 pos:4180742 chunknumber 126700 contains 252 sites
	-> Printing at chr: OZ034733.1 pos:4211510 chunknumber 126800 contains 592 sites
	-> Printing at chr: OZ034733.1 pos:4251599 chunknumber 126900 contains 382 sites
	-> Printing at chr: OZ034733.1 pos:4287152 chunknumber 127000 contains 257 sites
	-> Printing at chr: OZ034733.1 pos:4324531 chunknumber 127100 contains 501 sites
	-> Printing at chr: OZ034733.1 pos:4356205 chunknumber 127200 contains 255 sites
	-> Printing at chr: OZ034733.1 pos:4387426 chunknumber 127300 contains 296 sites
	-> Printing at chr: OZ034733.1 pos:4424991 chunknumber 127400 contains 407 sites
	-> Printing at chr: OZ034733.1 pos:4460008 chunknumber 127500 contains 263 sites
	-> Printing at chr: OZ034733.1 pos:4490851 chunknumber 127600 contains 452 sites
	-> Printing at chr: OZ034733.1 pos:4535397 chunknumber 127700 contains 253 sites
	-> Printing at chr: OZ034733.1 pos:4588608 chunknumber 127800 contains 855 sites
	-> Printing at chr: OZ034733.1 pos:4630677 chunknumber 127900 contains 271 sites
	-> Printing at chr: OZ034733.1 pos:4680222 chunknumber 128000 contains 400 sites
	-> Printing at chr: OZ034733.1 pos:4716847 chunknumber 128100 contains 1100 sites
	-> Printing at chr: OZ034733.1 pos:4758607 chunknumber 128200 contains 278 sites
	-> Printing at chr: OZ034733.1 pos:4813835 chunknumber 128300 contains 461 sites
	-> Printing at chr: OZ034733.1 pos:4884678 chunknumber 128400 contains 5590 sites
	-> Printing at chr: OZ034733.1 pos:4957273 chunknumber 128500 contains 271 sites
	-> Printing at chr: OZ034733.1 pos:5013803 chunknumber 128600 contains 548 sites
	-> Printing at chr: OZ034733.1 pos:5073337 chunknumber 128700 contains 255 sites
	-> Printing at chr: OZ034733.1 pos:5124533 chunknumber 128800 contains 312 sites
	-> Printing at chr: OZ034733.1 pos:5235986 chunknumber 128900 contains 342 sites
	-> Printing at chr: OZ034733.1 pos:5285940 chunknumber 129000 contains 311 sites
	-> Printing at chr: OZ034733.1 pos:5321602 chunknumber 129100 contains 271 sites
	-> Printing at chr: OZ034733.1 pos:5356600 chunknumber 129200 contains 554 sites
	-> Printing at chr: OZ034733.1 pos:5391320 chunknumber 129300 contains 455 sites
	-> Printing at chr: OZ034733.1 pos:5433071 chunknumber 129400 contains 252 sites
	-> Printing at chr: OZ034733.1 pos:5471426 chunknumber 129500 contains 591 sites
	-> Printing at chr: OZ034733.1 pos:5517363 chunknumber 129600 contains 707 sites
	-> Printing at chr: OZ034733.1 pos:5555571 chunknumber 129700 contains 589 sites
	-> Printing at chr: OZ034733.1 pos:5593901 chunknumber 129800 contains 259 sites
	-> Printing at chr: OZ034733.1 pos:5635623 chunknumber 129900 contains 596 sites
	-> Printing at chr: OZ034733.1 pos:5671700 chunknumber 130000 contains 337 sites
	-> Printing at chr: OZ034733.1 pos:5708271 chunknumber 130100 contains 252 sites
	-> Printing at chr: OZ034733.1 pos:5743183 chunknumber 130200 contains 356 sites
	-> Printing at chr: OZ034733.1 pos:5801346 chunknumber 130300 contains 267 sites
	-> Printing at chr: OZ034733.1 pos:5850357 chunknumber 130400 contains 310 sites
	-> Printing at chr: OZ034733.1 pos:5887820 chunknumber 130500 contains 1492 sites
	-> Printing at chr: OZ034733.1 pos:5924988 chunknumber 130600 contains 481 sites
	-> Printing at chr: OZ034733.1 pos:5971341 chunknumber 130700 contains 490 sites
	-> Printing at chr: OZ034733.1 pos:6027727 chunknumber 130800 contains 967 sites
	-> Printing at chr: OZ034733.1 pos:6102375 chunknumber 130900 contains 252 sites
	-> Printing at chr: OZ034733.1 pos:6137439 chunknumber 131000 contains 445 sites
	-> Printing at chr: OZ034733.1 pos:6168942 chunknumber 131100 contains 251 sites
	-> Printing at chr: OZ034733.1 pos:6218208 chunknumber 131200 contains 642 sites
	-> Printing at chr: OZ034733.1 pos:6253064 chunknumber 131300 contains 357 sites
	-> Printing at chr: OZ034733.1 pos:6291127 chunknumber 131400 contains 359 sites
	-> Printing at chr: OZ034733.1 pos:6327525 chunknumber 131500 contains 298 sites
	-> Printing at chr: OZ034733.1 pos:6362532 chunknumber 131600 contains 426 sites
	-> Printing at chr: OZ034733.1 pos:6400866 chunknumber 131700 contains 255 sites
	-> Printing at chr: OZ034733.1 pos:6437665 chunknumber 131800 contains 293 sites
	-> Printing at chr: OZ034733.1 pos:6484228 chunknumber 131900 contains 650 sites
	-> Printing at chr: OZ034733.1 pos:6549185 chunknumber 132000 contains 256 sites
	-> Printing at chr: OZ034733.1 pos:6582554 chunknumber 132100 contains 269 sites
	-> Printing at chr: OZ034733.1 pos:6620476 chunknumber 132200 contains 375 sites
	-> Printing at chr: OZ034733.1 pos:6671688 chunknumber 132300 contains 272 sites
	-> Printing at chr: OZ034733.1 pos:6708510 chunknumber 132400 contains 265 sites
	-> Printing at chr: OZ034733.1 pos:6745976 chunknumber 132500 contains 549 sites
	-> Printing at chr: OZ034733.1 pos:6783254 chunknumber 132600 contains 306 sites
	-> Printing at chr: OZ034733.1 pos:6817350 chunknumber 132700 contains 252 sites
	-> Printing at chr: OZ034733.1 pos:6853122 chunknumber 132800 contains 402 sites
	-> Printing at chr: OZ034733.1 pos:6900435 chunknumber 132900 contains 251 sites
	-> Printing at chr: OZ034733.1 pos:6937938 chunknumber 133000 contains 436 sites
	-> Printing at chr: OZ034733.1 pos:6975114 chunknumber 133100 contains 409 sites
	-> Printing at chr: OZ034733.1 pos:7013009 chunknumber 133200 contains 492 sites
	-> Printing at chr: OZ034733.1 pos:7051563 chunknumber 133300 contains 482 sites
	-> Printing at chr: OZ034733.1 pos:7087967 chunknumber 133400 contains 275 sites
	-> Printing at chr: OZ034733.1 pos:7123045 chunknumber 133500 contains 358 sites
	-> Printing at chr: OZ034733.1 pos:7161399 chunknumber 133600 contains 335 sites
	-> Printing at chr: OZ034733.1 pos:7194713 chunknumber 133700 contains 493 sites
	-> Printing at chr: OZ034733.1 pos:7231223 chunknumber 133800 contains 371 sites
	-> Printing at chr: OZ034733.1 pos:7268106 chunknumber 133900 contains 432 sites
	-> Printing at chr: OZ034733.1 pos:7343949 chunknumber 134000 contains 295 sites
	-> Printing at chr: OZ034733.1 pos:7380402 chunknumber 134100 contains 537 sites
	-> Printing at chr: OZ034733.1 pos:7421651 chunknumber 134200 contains 355 sites
	-> Printing at chr: OZ034733.1 pos:7456195 chunknumber 134300 contains 355 sites
	-> Printing at chr: OZ034733.1 pos:7492723 chunknumber 134400 contains 488 sites
	-> Printing at chr: OZ034733.1 pos:7532448 chunknumber 134500 contains 356 sites
	-> Printing at chr: OZ034733.1 pos:7568362 chunknumber 134600 contains 343 sites
	-> Printing at chr: OZ034733.1 pos:7610169 chunknumber 134700 contains 4989 sites
	-> Printing at chr: OZ034733.1 pos:7686265 chunknumber 134800 contains 252 sites
	-> Printing at chr: OZ034733.1 pos:7782514 chunknumber 134900 contains 294 sites
	-> Printing at chr: OZ034733.1 pos:7818425 chunknumber 135000 contains 373 sites
	-> Printing at chr: OZ034733.1 pos:7854287 chunknumber 135100 contains 259 sites
	-> Printing at chr: OZ034733.1 pos:7889443 chunknumber 135200 contains 268 sites
	-> Printing at chr: OZ034733.1 pos:7924981 chunknumber 135300 contains 352 sites
	-> Printing at chr: OZ034733.1 pos:7959337 chunknumber 135400 contains 342 sites
	-> Printing at chr: OZ034733.1 pos:8004497 chunknumber 135500 contains 280 sites
	-> Printing at chr: OZ034733.1 pos:8040062 chunknumber 135600 contains 561 sites
	-> Printing at chr: OZ034733.1 pos:8075136 chunknumber 135700 contains 289 sites
	-> Printing at chr: OZ034733.1 pos:8131244 chunknumber 135800 contains 310 sites
	-> Printing at chr: OZ034733.1 pos:8167768 chunknumber 135900 contains 259 sites
	-> Printing at chr: OZ034733.1 pos:8205149 chunknumber 136000 contains 279 sites

	-> Allocated ~ 250 million nodes to the nodepool, this is not an estimate of the memory usage

	-> Allocated ~ 260 million nodes to the nodepool, this is not an estimate of the memory usage

	-> Allocated ~ 270 million nodes to the nodepool, this is not an estimate of the memory usage

	-> Allocated ~ 280 million nodes to the nodepool, this is not an estimate of the memory usage

	-> Allocated ~ 290 million nodes to the nodepool, this is not an estimate of the memory usage

	-> Allocated ~ 300 million nodes to the nodepool, this is not an estimate of the memory usage

	-> Allocated ~ 310 million nodes to the nodepool, this is not an estimate of the memory usage

	-> Allocated ~ 320 million nodes to the nodepool, this is not an estimate of the memory usage
	-> Printing at chr: OZ034733.1 pos:8308411 chunknumber 136100 contains 557 sites
	-> Printing at chr: OZ034733.1 pos:8345741 chunknumber 136200 contains 335 sites
	-> Printing at chr: OZ034733.1 pos:8380427 chunknumber 136300 contains 406 sites
	-> Printing at chr: OZ034733.1 pos:8413985 chunknumber 136400 contains 251 sites
	-> Printing at chr: OZ034733.1 pos:8481295 chunknumber 136500 contains 431 sites
	-> Printing at chr: OZ034733.1 pos:8516660 chunknumber 136600 contains 276 sites
	-> Printing at chr: OZ034733.1 pos:8551716 chunknumber 136700 contains 279 sites
	-> Printing at chr: OZ034733.1 pos:8586266 chunknumber 136800 contains 262 sites
	-> Printing at chr: OZ034733.1 pos:8620346 chunknumber 136900 contains 290 sites
	-> Printing at chr: OZ034733.1 pos:8657810 chunknumber 137000 contains 251 sites
	-> Printing at chr: OZ034733.1 pos:8691110 chunknumber 137100 contains 295 sites
	-> Printing at chr: OZ034733.1 pos:8728461 chunknumber 137200 contains 257 sites
	-> Printing at chr: OZ034733.1 pos:8773771 chunknumber 137300 contains 572 sites
	-> Printing at chr: OZ034733.1 pos:8808926 chunknumber 137400 contains 431 sites
	-> Printing at chr: OZ034733.1 pos:8844320 chunknumber 137500 contains 300 sites
	-> Printing at chr: OZ034733.1 pos:8879807 chunknumber 137600 contains 414 sites
	-> Printing at chr: OZ034733.1 pos:8925952 chunknumber 137700 contains 299 sites
	-> Printing at chr: OZ034733.1 pos:8969700 chunknumber 137800 contains 520 sites
	-> Printing at chr: OZ034733.1 pos:9005069 chunknumber 137900 contains 257 sites
	-> Printing at chr: OZ034733.1 pos:9039802 chunknumber 138000 contains 352 sites
	-> Printing at chr: OZ034733.1 pos:9077722 chunknumber 138100 contains 258 sites
	-> Printing at chr: OZ034733.1 pos:9135114 chunknumber 138200 contains 252 sites
	-> Printing at chr: OZ034733.1 pos:9169956 chunknumber 138300 contains 357 sites
	-> Printing at chr: OZ034733.1 pos:9214718 chunknumber 138400 contains 295 sites
	-> Printing at chr: OZ034733.1 pos:9249507 chunknumber 138500 contains 400 sites
	-> Printing at chr: OZ034733.1 pos:9290126 chunknumber 138600 contains 255 sites
	-> Printing at chr: OZ034733.1 pos:9318217 chunknumber 138700 contains 251 sites
	-> Printing at chr: OZ034733.1 pos:9345911 chunknumber 138800 contains 255 sites
	-> Printing at chr: OZ034733.1 pos:9400388 chunknumber 138900 contains 253 sites
	-> Printing at chr: OZ034733.1 pos:9429365 chunknumber 139000 contains 268 sites
	-> Printing at chr: OZ034733.1 pos:9477631 chunknumber 139100 contains 253 sites
	-> Printing at chr: OZ034733.1 pos:9521534 chunknumber 139200 contains 505 sites
	-> Printing at chr: OZ034733.1 pos:9560172 chunknumber 139300 contains 537 sites
	-> Printing at chr: OZ034733.1 pos:9605137 chunknumber 139400 contains 347 sites
	-> Printing at chr: OZ034733.1 pos:9640078 chunknumber 139500 contains 295 sites
	-> Printing at chr: OZ034733.1 pos:9679371 chunknumber 139600 contains 302 sites
	-> Printing at chr: OZ034733.1 pos:9720321 chunknumber 139700 contains 490 sites
	-> Printing at chr: OZ034733.1 pos:9773537 chunknumber 139800 contains 377 sites
	-> Printing at chr: OZ034733.1 pos:9816229 chunknumber 139900 contains 268 sites
	-> Printing at chr: OZ034733.1 pos:9856544 chunknumber 140000 contains 331 sites
	-> Printing at chr: OZ034733.1 pos:9889411 chunknumber 140100 contains 311 sites
	-> Printing at chr: OZ034733.1 pos:9925409 chunknumber 140200 contains 315 sites
	-> Printing at chr: OZ034733.1 pos:10022156 chunknumber 140300 contains 959 sites
	-> Printing at chr: OZ034733.1 pos:10225097 chunknumber 140400 contains 961 sites
	-> Printing at chr: OZ034733.1 pos:10332363 chunknumber 140500 contains 251 sites
	-> Printing at chr: OZ034733.1 pos:10367311 chunknumber 140600 contains 256 sites
	-> Printing at chr: OZ034733.1 pos:10411323 chunknumber 140700 contains 263 sites
	-> Printing at chr: OZ034733.1 pos:10452791 chunknumber 140800 contains 382 sites
	-> Printing at chr: OZ034733.1 pos:10498169 chunknumber 140900 contains 255 sites
	-> Printing at chr: OZ034733.1 pos:10543898 chunknumber 141000 contains 322 sites
	-> Printing at chr: OZ034733.1 pos:10615709 chunknumber 141100 contains 252 sites
	-> Printing at chr: OZ034733.1 pos:10661712 chunknumber 141200 contains 256 sites
	-> Printing at chr: OZ034733.1 pos:10695597 chunknumber 141300 contains 377 sites
	-> Printing at chr: OZ034733.1 pos:10751503 chunknumber 141400 contains 463 sites
	-> Printing at chr: OZ034733.1 pos:10785420 chunknumber 141500 contains 355 sites
	-> Printing at chr: OZ034733.1 pos:10836939 chunknumber 141600 contains 489 sites
	-> Printing at chr: OZ034733.1 pos:10874585 chunknumber 141700 contains 329 sites
	-> Printing at chr: OZ034733.1 pos:10910697 chunknumber 141800 contains 258 sites
	-> Printing at chr: OZ034733.1 pos:10956839 chunknumber 141900 contains 667 sites
	-> Printing at chr: OZ034733.1 pos:11017189 chunknumber 142000 contains 310 sites
	-> Printing at chr: OZ034733.1 pos:11164903 chunknumber 142100 contains 4748 sites
	-> Printing at chr: OZ034733.1 pos:11221050 chunknumber 142200 contains 266 sites
	-> Printing at chr: OZ034733.1 pos:11266756 chunknumber 142300 contains 346 sites
	-> Printing at chr: OZ034733.1 pos:11304497 chunknumber 142400 contains 502 sites
	-> Printing at chr: OZ034733.1 pos:11344181 chunknumber 142500 contains 347 sites
	-> Printing at chr: OZ034733.1 pos:11376177 chunknumber 142600 contains 391 sites
	-> Printing at chr: OZ034733.1 pos:11410697 chunknumber 142700 contains 261 sites
	-> Printing at chr: OZ034733.1 pos:11445430 chunknumber 142800 contains 353 sites
	-> Printing at chr: OZ034733.1 pos:11492641 chunknumber 142900 contains 785 sites
	-> Printing at chr: OZ034733.1 pos:11552139 chunknumber 143000 contains 313 sites
	-> Printing at chr: OZ034733.1 pos:11594542 chunknumber 143100 contains 316 sites
	-> Printing at chr: OZ034733.1 pos:11629622 chunknumber 143200 contains 380 sites
	-> Printing at chr: OZ034733.1 pos:11666808 chunknumber 143300 contains 394 sites
	-> Printing at chr: OZ034733.1 pos:11702988 chunknumber 143400 contains 340 sites
	-> Printing at chr: OZ034733.1 pos:11742515 chunknumber 143500 contains 437 sites
	-> Printing at chr: OZ034733.1 pos:11776719 chunknumber 143600 contains 424 sites
	-> Printing at chr: OZ034733.1 pos:11815484 chunknumber 143700 contains 321 sites
	-> Printing at chr: OZ034733.1 pos:11849970 chunknumber 143800 contains 343 sites
	-> Printing at chr: OZ034733.1 pos:11887505 chunknumber 143900 contains 683 sites
	-> Printing at chr: OZ034733.1 pos:11928297 chunknumber 144000 contains 326 sites
	-> Printing at chr: OZ034733.1 pos:11964573 chunknumber 144100 contains 518 sites
	-> Printing at chr: OZ034733.1 pos:12002410 chunknumber 144200 contains 299 sites
	-> Printing at chr: OZ034733.1 pos:12038497 chunknumber 144300 contains 386 sites
	-> Printing at chr: OZ034733.1 pos:12072743 chunknumber 144400 contains 350 sites
	-> Printing at chr: OZ034733.1 pos:12138158 chunknumber 144500 contains 336 sites
	-> Printing at chr: OZ034733.1 pos:12180304 chunknumber 144600 contains 377 sites
	-> Printing at chr: OZ034733.1 pos:12238239 chunknumber 144700 contains 841 sites
	-> Printing at chr: OZ034733.1 pos:12276092 chunknumber 144800 contains 252 sites
	-> Printing at chr: OZ034733.1 pos:12347221 chunknumber 144900 contains 407 sites
	-> Printing at chr: OZ034733.1 pos:12401174 chunknumber 145000 contains 251 sites
	-> Printing at chr: OZ034733.1 pos:12438951 chunknumber 145100 contains 463 sites
	-> Printing at chr: OZ034733.1 pos:12474394 chunknumber 145200 contains 400 sites
	-> Printing at chr: OZ034733.1 pos:12510774 chunknumber 145300 contains 255 sites
	-> Printing at chr: OZ034733.1 pos:12559507 chunknumber 145400 contains 289 sites
	-> Printing at chr: OZ034733.1 pos:12606861 chunknumber 145500 contains 413 sites
	-> Printing at chr: OZ034733.1 pos:12635907 chunknumber 145600 contains 252 sites
	-> Printing at chr: OZ034733.1 pos:12674537 chunknumber 145700 contains 1742 sites
	-> Printing at chr: OZ034733.1 pos:12727664 chunknumber 145800 contains 429 sites
	-> Printing at chr: OZ034733.1 pos:12762263 chunknumber 145900 contains 557 sites
	-> Printing at chr: OZ034733.1 pos:12796668 chunknumber 146000 contains 259 sites
	-> Printing at chr: OZ034733.1 pos:12831334 chunknumber 146100 contains 335 sites
	-> Printing at chr: OZ034733.1 pos:12870822 chunknumber 146200 contains 323 sites
	-> Printing at chr: OZ034733.1 pos:12906379 chunknumber 146300 contains 254 sites
	-> Printing at chr: OZ034733.1 pos:12941375 chunknumber 146400 contains 357 sites
	-> Printing at chr: OZ034733.1 pos:12978843 chunknumber 146500 contains 260 sites
	-> Printing at chr: OZ034733.1 pos:13019587 chunknumber 146600 contains 335 sites
	-> Printing at chr: OZ034733.1 pos:13052917 chunknumber 146700 contains 356 sites
	-> Printing at chr: OZ034733.1 pos:13088030 chunknumber 146800 contains 444 sites
	-> Printing at chr: OZ034733.1 pos:13123582 chunknumber 146900 contains 332 sites
	-> Printing at chr: OZ034733.1 pos:13161505 chunknumber 147000 contains 982 sites
	-> Printing at chr: OZ034733.1 pos:13215038 chunknumber 147100 contains 301 sites
	-> Printing at chr: OZ034733.1 pos:13282514 chunknumber 147200 contains 251 sites
	-> Printing at chr: OZ034733.1 pos:13332688 chunknumber 147300 contains 342 sites
	-> Printing at chr: OZ034733.1 pos:13369116 chunknumber 147400 contains 711 sites
	-> Printing at chr: OZ034733.1 pos:13405137 chunknumber 147500 contains 495 sites
	-> Printing at chr: OZ034733.1 pos:13440178 chunknumber 147600 contains 303 sites
	-> Printing at chr: OZ034733.1 pos:13495304 chunknumber 147700 contains 669 sites
	-> Printing at chr: OZ034733.1 pos:13696332 chunknumber 147800 contains 404 sites
	-> Printing at chr: OZ034733.1 pos:13733128 chunknumber 147900 contains 457 sites
	-> Printing at chr: OZ034733.1 pos:13780074 chunknumber 148000 contains 273 sites
	-> Printing at chr: OZ034733.1 pos:13815796 chunknumber 148100 contains 355 sites
	-> Printing at chr: OZ034733.1 pos:13854509 chunknumber 148200 contains 464 sites
	-> Printing at chr: OZ034733.1 pos:13939319 chunknumber 148300 contains 424 sites
	-> Printing at chr: OZ034733.1 pos:13975837 chunknumber 148400 contains 406 sites
	-> Printing at chr: OZ034733.1 pos:14011608 chunknumber 148500 contains 421 sites
	-> Printing at chr: OZ034733.1 pos:14101118 chunknumber 148600 contains 641 sites
	-> Printing at chr: OZ034733.1 pos:14163644 chunknumber 148700 contains 416 sites
	-> Printing at chr: OZ034733.1 pos:14242397 chunknumber 148800 contains 413 sites
	-> Printing at chr: OZ034733.1 pos:14280952 chunknumber 148900 contains 711 sites
	-> Printing at chr: OZ034733.1 pos:14341871 chunknumber 149000 contains 253 sites
	-> Printing at chr: OZ034733.1 pos:14386548 chunknumber 149100 contains 497 sites
	-> Printing at chr: OZ034733.1 pos:14423519 chunknumber 149200 contains 359 sites
	-> Printing at chr: OZ034733.1 pos:14493633 chunknumber 149300 contains 352 sites
	-> Printing at chr: OZ034733.1 pos:14532597 chunknumber 149400 contains 368 sites
	-> Printing at chr: OZ034733.1 pos:14573113 chunknumber 149500 contains 259 sites
	-> Printing at chr: OZ034733.1 pos:14616160 chunknumber 149600 contains 1291 sites
	-> Printing at chr: OZ034733.1 pos:14666807 chunknumber 149700 contains 251 sites
	-> Printing at chr: OZ034733.1 pos:14709598 chunknumber 149800 contains 254 sites
	-> Printing at chr: OZ034733.1 pos:14756077 chunknumber 149900 contains 313 sites
	-> Printing at chr: OZ034733.1 pos:14790099 chunknumber 150000 contains 367 sites
	-> Printing at chr: OZ034733.1 pos:14825096 chunknumber 150100 contains 252 sites
	-> Printing at chr: OZ034733.1 pos:14859642 chunknumber 150200 contains 423 sites
	-> Printing at chr: OZ034733.1 pos:14896561 chunknumber 150300 contains 262 sites
	-> Printing at chr: OZ034733.1 pos:14931017 chunknumber 150400 contains 336 sites
	-> Printing at chr: OZ034733.1 pos:14964636 chunknumber 150500 contains 347 sites
	-> Printing at chr: OZ034733.1 pos:15000410 chunknumber 150600 contains 288 sites
	-> Printing at chr: OZ034733.1 pos:15031827 chunknumber 150700 contains 270 sites
	-> Printing at chr: OZ034733.1 pos:15067284 chunknumber 150800 contains 258 sites
	-> Printing at chr: OZ034733.1 pos:15101226 chunknumber 150900 contains 347 sites
	-> Printing at chr: OZ034733.1 pos:15137395 chunknumber 151000 contains 361 sites
	-> Printing at chr: OZ034733.1 pos:15215848 chunknumber 151100 contains 298 sites
	-> Printing at chr: OZ034733.1 pos:15303847 chunknumber 151200 contains 950 sites
	-> Printing at chr: OZ034733.1 pos:15352233 chunknumber 151300 contains 476 sites
	-> Printing at chr: OZ034733.1 pos:15418269 chunknumber 151400 contains 3756 sites
	-> Printing at chr: OZ034733.1 pos:15462151 chunknumber 151500 contains 321 sites
	-> Printing at chr: OZ034733.1 pos:15498080 chunknumber 151600 contains 391 sites
	-> Printing at chr: OZ034733.1 pos:15532399 chunknumber 151700 contains 407 sites
	-> Printing at chr: OZ034733.1 pos:15584994 chunknumber 151800 contains 303 sites
	-> Printing at chr: OZ034733.1 pos:15673298 chunknumber 151900 contains 372 sites
	-> Printing at chr: OZ034733.1 pos:15744008 chunknumber 152000 contains 252 sites
	-> Printing at chr: OZ034733.1 pos:15792240 chunknumber 152100 contains 486 sites
	-> Printing at chr: OZ034733.1 pos:15828818 chunknumber 152200 contains 294 sites
	-> Printing at chr: OZ034733.1 pos:15880706 chunknumber 152300 contains 590 sites
	-> Printing at chr: OZ034733.1 pos:15925389 chunknumber 152400 contains 451 sites
	-> Printing at chr: OZ034733.1 pos:15961506 chunknumber 152500 contains 328 sites
	-> Printing at chr: OZ034733.1 pos:15998427 chunknumber 152600 contains 260 sites
	-> Printing at chr: OZ034733.1 pos:16032971 chunknumber 152700 contains 251 sites
	-> Printing at chr: OZ034733.1 pos:16067795 chunknumber 152800 contains 322 sites
	-> Printing at chr: OZ034733.1 pos:16103514 chunknumber 152900 contains 325 sites
	-> Printing at chr: OZ034733.1 pos:16139018 chunknumber 153000 contains 318 sites
	-> Printing at chr: OZ034733.1 pos:16173295 chunknumber 153100 contains 252 sites
	-> Printing at chr: OZ034733.1 pos:16208080 chunknumber 153200 contains 521 sites
	-> Printing at chr: OZ034733.1 pos:16244258 chunknumber 153300 contains 252 sites
	-> Printing at chr: OZ034733.1 pos:16278911 chunknumber 153400 contains 282 sites
	-> Printing at chr: OZ034733.1 pos:16316992 chunknumber 153500 contains 348 sites
	-> Printing at chr: OZ034733.1 pos:16351963 chunknumber 153600 contains 251 sites
	-> Printing at chr: OZ034733.1 pos:16392625 chunknumber 153700 contains 268 sites
	-> Printing at chr: OZ034733.1 pos:16444114 chunknumber 153800 contains 252 sites
	-> Printing at chr: OZ034733.1 pos:16474674 chunknumber 153900 contains 358 sites
	-> Printing at chr: OZ034733.1 pos:16518743 chunknumber 154000 contains 289 sites
	-> Printing at chr: OZ034733.1 pos:16565652 chunknumber 154100 contains 415 sites
	-> Printing at chr: OZ034733.1 pos:16596095 chunknumber 154200 contains 252 sites
	-> Printing at chr: OZ034733.1 pos:16624762 chunknumber 154300 contains 491 sites
	-> Printing at chr: OZ034733.1 pos:16655036 chunknumber 154400 contains 252 sites
	-> Printing at chr: OZ034733.1 pos:16696378 chunknumber 154500 contains 251 sites
	-> Printing at chr: OZ034733.1 pos:16766357 chunknumber 154600 contains 325 sites
	-> Printing at chr: OZ034733.1 pos:16803563 chunknumber 154700 contains 303 sites
	-> Printing at chr: OZ034733.1 pos:16838101 chunknumber 154800 contains 260 sites
	-> Printing at chr: OZ034733.1 pos:16867811 chunknumber 154900 contains 283 sites
	-> Printing at chr: OZ034733.1 pos:16905394 chunknumber 155000 contains 317 sites
	-> Printing at chr: OZ034733.1 pos:16944669 chunknumber 155100 contains 380 sites
	-> Printing at chr: OZ034733.1 pos:16985065 chunknumber 155200 contains 446 sites
	-> Printing at chr: OZ034733.1 pos:17024500 chunknumber 155300 contains 422 sites
	-> Printing at chr: OZ034733.1 pos:17059712 chunknumber 155400 contains 366 sites
	-> Printing at chr: OZ034733.1 pos:17369993 chunknumber 155500 contains 282 sites
	-> Printing at chr: OZ034733.1 pos:17503206 chunknumber 155600 contains 284 sites
	-> Printing at chr: OZ034733.1 pos:17544965 chunknumber 155700 contains 259 sites
	-> Printing at chr: OZ034733.1 pos:17583401 chunknumber 155800 contains 520 sites
	-> Printing at chr: OZ034733.1 pos:17616166 chunknumber 155900 contains 253 sites
	-> Printing at chr: OZ034733.1 pos:17651837 chunknumber 156000 contains 536 sites
	-> Printing at chr: OZ034733.1 pos:17687879 chunknumber 156100 contains 298 sites
	-> Printing at chr: OZ034733.1 pos:17723457 chunknumber 156200 contains 347 sites
	-> Printing at chr: OZ034733.1 pos:17758174 chunknumber 156300 contains 267 sites
	-> Printing at chr: OZ034733.1 pos:17794461 chunknumber 156400 contains 431 sites
	-> Printing at chr: OZ034733.1 pos:17832018 chunknumber 156500 contains 383 sites
	-> Printing at chr: OZ034733.1 pos:17866535 chunknumber 156600 contains 307 sites
	-> Printing at chr: OZ034733.1 pos:17903564 chunknumber 156700 contains 309 sites
	-> Printing at chr: OZ034733.1 pos:17948533 chunknumber 156800 contains 434 sites
	-> Printing at chr: OZ034733.1 pos:17985707 chunknumber 156900 contains 278 sites
	-> Printing at chr: OZ034733.1 pos:18024282 chunknumber 157000 contains 391 sites
	-> Printing at chr: OZ034733.1 pos:18060557 chunknumber 157100 contains 274 sites
	-> Printing at chr: OZ034733.1 pos:18102155 chunknumber 157200 contains 335 sites
	-> Printing at chr: OZ034733.1 pos:18141240 chunknumber 157300 contains 423 sites
	-> Printing at chr: OZ034733.1 pos:18292178 chunknumber 157400 contains 379 sites
	-> Printing at chr: OZ034733.1 pos:18451729 chunknumber 157500 contains 270 sites
	-> Printing at chr: OZ034733.1 pos:18492213 chunknumber 157600 contains 262 sites
	-> Printing at chr: OZ034733.1 pos:18528465 chunknumber 157700 contains 400 sites
	-> Printing at chr: OZ034733.1 pos:18562817 chunknumber 157800 contains 272 sites
	-> Printing at chr: OZ034733.1 pos:18603580 chunknumber 157900 contains 272 sites
	-> Printing at chr: OZ034733.1 pos:18652796 chunknumber 158000 contains 521 sites
	-> Printing at chr: OZ034733.1 pos:18699031 chunknumber 158100 contains 251 sites
	-> Printing at chr: OZ034733.1 pos:18739552 chunknumber 158200 contains 308 sites
	-> Printing at chr: OZ034733.1 pos:18773773 chunknumber 158300 contains 425 sites
	-> Printing at chr: OZ034733.1 pos:18808362 chunknumber 158400 contains 535 sites
	-> Printing at chr: OZ034733.1 pos:18850270 chunknumber 158500 contains 258 sites
	-> Printing at chr: OZ034733.1 pos:18885341 chunknumber 158600 contains 542 sites
	-> Printing at chr: OZ034733.1 pos:18921165 chunknumber 158700 contains 316 sites
	-> Printing at chr: OZ034733.1 pos:18956998 chunknumber 158800 contains 303 sites
	-> Printing at chr: OZ034733.1 pos:18993007 chunknumber 158900 contains 480 sites
	-> Printing at chr: OZ034733.1 pos:19028349 chunknumber 159000 contains 345 sites
	-> Printing at chr: OZ034733.1 pos:19067022 chunknumber 159100 contains 419 sites
	-> Printing at chr: OZ034733.1 pos:19104124 chunknumber 159200 contains 357 sites
	-> Printing at chr: OZ034733.1 pos:19144802 chunknumber 159300 contains 315 sites
	-> Printing at chr: OZ034733.1 pos:19192561 chunknumber 159400 contains 329 sites
	-> Printing at chr: OZ034733.1 pos:19231256 chunknumber 159500 contains 302 sites
	-> Printing at chr: OZ034733.1 pos:19265836 chunknumber 159600 contains 390 sites
	-> Printing at chr: OZ034733.1 pos:19300228 chunknumber 159700 contains 423 sites
	-> Printing at chr: OZ034733.1 pos:19337427 chunknumber 159800 contains 270 sites
	-> Printing at chr: OZ034733.1 pos:19373076 chunknumber 159900 contains 321 sites
	-> Printing at chr: OZ034733.1 pos:19409111 chunknumber 160000 contains 314 sites
	-> Printing at chr: OZ034733.1 pos:19444158 chunknumber 160100 contains 265 sites
	-> Printing at chr: OZ034733.1 pos:19480778 chunknumber 160200 contains 520 sites
	-> Printing at chr: OZ034733.1 pos:19515909 chunknumber 160300 contains 281 sites
	-> Printing at chr: OZ034733.1 pos:19563450 chunknumber 160400 contains 457 sites
	-> Printing at chr: OZ034733.1 pos:19600704 chunknumber 160500 contains 256 sites
	-> Printing at chr: OZ034733.1 pos:19646566 chunknumber 160600 contains 401 sites
	-> Printing at chr: OZ034733.1 pos:19682145 chunknumber 160700 contains 263 sites
	-> Printing at chr: OZ034733.1 pos:19730284 chunknumber 160800 contains 307 sites
	-> Printing at chr: OZ034733.1 pos:19862641 chunknumber 160900 contains 1325 sites
	-> Printing at chr: OZ034733.1 pos:19909892 chunknumber 161000 contains 448 sites
	-> Printing at chr: OZ034733.1 pos:19946822 chunknumber 161100 contains 364 sites
	-> Printing at chr: OZ034733.1 pos:19980503 chunknumber 161200 contains 556 sites
	-> Printing at chr: OZ034733.1 pos:20018062 chunknumber 161300 contains 273 sites
	-> Printing at chr: OZ034733.1 pos:20056903 chunknumber 161400 contains 263 sites
	-> Printing at chr: OZ034733.1 pos:20092758 chunknumber 161500 contains 252 sites
	-> Printing at chr: OZ034733.1 pos:20139123 chunknumber 161600 contains 514 sites
	-> Printing at chr: OZ034733.1 pos:20175940 chunknumber 161700 contains 427 sites
	-> Printing at chr: OZ034733.1 pos:20209587 chunknumber 161800 contains 259 sites
	-> Printing at chr: OZ034733.1 pos:20244449 chunknumber 161900 contains 455 sites
	-> Printing at chr: OZ034733.1 pos:20278777 chunknumber 162000 contains 252 sites
	-> Printing at chr: OZ034733.1 pos:20312042 chunknumber 162100 contains 265 sites
	-> Printing at chr: OZ034733.1 pos:20344353 chunknumber 162200 contains 290 sites
	-> Printing at chr: OZ034733.1 pos:20377834 chunknumber 162300 contains 253 sites
	-> Printing at chr: OZ034733.1 pos:20437922 chunknumber 162400 contains 363 sites
	-> Printing at chr: OZ034733.1 pos:20476734 chunknumber 162500 contains 393 sites
	-> Printing at chr: OZ034733.1 pos:20530254 chunknumber 162600 contains 323 sites
	-> Printing at chr: OZ034733.1 pos:20611168 chunknumber 162700 contains 1384 sites
	-> Printing at chr: OZ034733.1 pos:20671500 chunknumber 162800 contains 440 sites
	-> Printing at chr: OZ034733.1 pos:20707581 chunknumber 162900 contains 394 sites
	-> Printing at chr: OZ034733.1 pos:20750003 chunknumber 163000 contains 364 sites
	-> Printing at chr: OZ034733.1 pos:20785618 chunknumber 163100 contains 257 sites
	-> Printing at chr: OZ034733.1 pos:20818594 chunknumber 163200 contains 254 sites
	-> Printing at chr: OZ034733.1 pos:20852776 chunknumber 163300 contains 254 sites
	-> Printing at chr: OZ034733.1 pos:20889208 chunknumber 163400 contains 381 sites
	-> Printing at chr: OZ034733.1 pos:20924305 chunknumber 163500 contains 395 sites
	-> Printing at chr: OZ034733.1 pos:20959640 chunknumber 163600 contains 324 sites
	-> Printing at chr: OZ034733.1 pos:20995472 chunknumber 163700 contains 512 sites
	-> Printing at chr: OZ034733.1 pos:21035554 chunknumber 163800 contains 301 sites
	-> Printing at chr: OZ034733.1 pos:21069487 chunknumber 163900 contains 281 sites
	-> Printing at chr: OZ034733.1 pos:21104617 chunknumber 164000 contains 272 sites
	-> Printing at chr: OZ034733.1 pos:21142682 chunknumber 164100 contains 303 sites
	-> Printing at chr: OZ034733.1 pos:21180613 chunknumber 164200 contains 336 sites
	-> Printing at chr: OZ034733.1 pos:21215903 chunknumber 164300 contains 340 sites
	-> Printing at chr: OZ034733.1 pos:21251142 chunknumber 164400 contains 350 sites
	-> Printing at chr: OZ034733.1 pos:21287214 chunknumber 164500 contains 297 sites
	-> Printing at chr: OZ034733.1 pos:21328897 chunknumber 164600 contains 257 sites
	-> Printing at chr: OZ034733.1 pos:21365170 chunknumber 164700 contains 432 sites
	-> Printing at chr: OZ034733.1 pos:21402704 chunknumber 164800 contains 473 sites
	-> Printing at chr: OZ034733.1 pos:21467998 chunknumber 164900 contains 1861 sites
	-> Printing at chr: OZ034733.1 pos:21535064 chunknumber 165000 contains 433 sites
	-> Printing at chr: OZ034733.1 pos:21612011 chunknumber 165100 contains 347 sites
	-> Printing at chr: OZ034733.1 pos:21667211 chunknumber 165200 contains 433 sites
	-> Printing at chr: OZ034733.1 pos:21702947 chunknumber 165300 contains 386 sites
	-> Printing at chr: OZ034733.1 pos:21738700 chunknumber 165400 contains 307 sites
	-> Printing at chr: OZ034733.1 pos:21785306 chunknumber 165500 contains 307 sites
	-> Printing at chr: OZ034733.1 pos:21822902 chunknumber 165600 contains 603 sites
	-> Printing at chr: OZ034733.1 pos:21869367 chunknumber 165700 contains 339 sites
	-> Printing at chr: OZ034733.1 pos:21918751 chunknumber 165800 contains 1351 sites
	-> Printing at chr: OZ034733.1 pos:21967648 chunknumber 165900 contains 451 sites
	-> Printing at chr: OZ034733.1 pos:22004492 chunknumber 166000 contains 302 sites
	-> Printing at chr: OZ034733.1 pos:22048224 chunknumber 166100 contains 497 sites
	-> Printing at chr: OZ034733.1 pos:22082400 chunknumber 166200 contains 319 sites
	-> Printing at chr: OZ034733.1 pos:22118277 chunknumber 166300 contains 326 sites
	-> Printing at chr: OZ034733.1 pos:22155018 chunknumber 166400 contains 330 sites
	-> Printing at chr: OZ034733.1 pos:22197672 chunknumber 166500 contains 326 sites
	-> Printing at chr: OZ034733.1 pos:22232299 chunknumber 166600 contains 259 sites
	-> Printing at chr: OZ034733.1 pos:22266818 chunknumber 166700 contains 342 sites
	-> Printing at chr: OZ034733.1 pos:22305004 chunknumber 166800 contains 260 sites
	-> Printing at chr: OZ034733.1 pos:22339512 chunknumber 166900 contains 252 sites
	-> Printing at chr: OZ034733.1 pos:22375565 chunknumber 167000 contains 320 sites
	-> Printing at chr: OZ034733.1 pos:22411895 chunknumber 167100 contains 288 sites
	-> Printing at chr: OZ034733.1 pos:22446733 chunknumber 167200 contains 324 sites
	-> Printing at chr: OZ034733.1 pos:22481966 chunknumber 167300 contains 452 sites
	-> Printing at chr: OZ034733.1 pos:22517146 chunknumber 167400 contains 436 sites
	-> Printing at chr: OZ034733.1 pos:22554511 chunknumber 167500 contains 359 sites
	-> Printing at chr: OZ034733.1 pos:22590968 chunknumber 167600 contains 396 sites
	-> Printing at chr: OZ034733.1 pos:22665430 chunknumber 167700 contains 529 sites
	-> Printing at chr: OZ034733.1 pos:22702001 chunknumber 167800 contains 354 sites
	-> Printing at chr: OZ034733.1 pos:22736778 chunknumber 167900 contains 297 sites
	-> Printing at chr: OZ034733.1 pos:22779149 chunknumber 168000 contains 321 sites
	-> Printing at chr: OZ034733.1 pos:22814787 chunknumber 168100 contains 349 sites
	-> Printing at chr: OZ034733.1 pos:22860535 chunknumber 168200 contains 363 sites
	-> Printing at chr: OZ034733.1 pos:22904578 chunknumber 168300 contains 251 sites
	-> Printing at chr: OZ034733.1 pos:22939857 chunknumber 168400 contains 373 sites
	-> Printing at chr: OZ034733.1 pos:22977664 chunknumber 168500 contains 513 sites
	-> Printing at chr: OZ034733.1 pos:23079632 chunknumber 168600 contains 571 sites
	-> Printing at chr: OZ034733.1 pos:23203609 chunknumber 168700 contains 261 sites
	-> Printing at chr: OZ034733.1 pos:23242273 chunknumber 168800 contains 409 sites
	-> Printing at chr: OZ034733.1 pos:23284256 chunknumber 168900 contains 392 sites
	-> Printing at chr: OZ034733.1 pos:23348088 chunknumber 169000 contains 1637 sites
	-> Printing at chr: OZ034733.1 pos:23436706 chunknumber 169100 contains 482 sites
	-> Printing at chr: OZ034733.1 pos:23493680 chunknumber 169200 contains 885 sites
	-> Printing at chr: OZ034733.1 pos:23578876 chunknumber 169300 contains 304 sites
	-> Printing at chr: OZ034733.1 pos:23615997 chunknumber 169400 contains 310 sites
	-> Printing at chr: OZ034733.1 pos:23678781 chunknumber 169500 contains 501 sites
	-> Printing at chr: OZ034733.1 pos:23717398 chunknumber 169600 contains 354 sites
	-> Printing at chr: OZ034733.1 pos:23752463 chunknumber 169700 contains 309 sites
	-> Printing at chr: OZ034733.1 pos:23788447 chunknumber 169800 contains 470 sites
	-> Printing at chr: OZ034733.1 pos:23822636 chunknumber 169900 contains 279 sites
	-> Printing at chr: OZ034733.1 pos:23858751 chunknumber 170000 contains 388 sites
	-> Printing at chr: OZ034733.1 pos:23897490 chunknumber 170100 contains 273 sites
	-> Printing at chr: OZ034733.1 pos:23933937 chunknumber 170200 contains 314 sites
	-> Printing at chr: OZ034733.1 pos:23969419 chunknumber 170300 contains 341 sites
	-> Printing at chr: OZ034733.1 pos:24004172 chunknumber 170400 contains 251 sites
	-> Printing at chr: OZ034733.1 pos:24043305 chunknumber 170500 contains 252 sites
	-> Printing at chr: OZ034733.1 pos:24079792 chunknumber 170600 contains 332 sites
	-> Printing at chr: OZ034733.1 pos:24114972 chunknumber 170700 contains 252 sites
	-> Printing at chr: OZ034733.1 pos:24151285 chunknumber 170800 contains 275 sites
	-> Printing at chr: OZ034733.1 pos:24190489 chunknumber 170900 contains 251 sites
	-> Printing at chr: OZ034733.1 pos:24235958 chunknumber 171000 contains 443 sites
	-> Printing at chr: OZ034733.1 pos:24284014 chunknumber 171100 contains 289 sites
	-> Printing at chr: OZ034733.1 pos:24323555 chunknumber 171200 contains 324 sites
	-> Printing at chr: OZ034733.1 pos:24367810 chunknumber 171300 contains 369 sites
	-> Printing at chr: OZ034733.1 pos:24401027 chunknumber 171400 contains 253 sites
	-> Printing at chr: OZ034733.1 pos:24442567 chunknumber 171500 contains 290 sites
	-> Printing at chr: OZ034733.1 pos:24481897 chunknumber 171600 contains 254 sites
	-> Printing at chr: OZ034733.1 pos:24517855 chunknumber 171700 contains 316 sites
	-> Printing at chr: OZ034733.1 pos:24560067 chunknumber 171800 contains 262 sites
	-> Printing at chr: OZ034733.1 pos:24593185 chunknumber 171900 contains 287 sites
	-> Printing at chr: OZ034733.1 pos:24628555 chunknumber 172000 contains 272 sites
	-> Printing at chr: OZ034733.1 pos:24683327 chunknumber 172100 contains 305 sites
	-> Printing at chr: OZ034733.1 pos:24744980 chunknumber 172200 contains 411 sites
	-> Printing at chr: OZ034733.1 pos:24779916 chunknumber 172300 contains 258 sites
	-> Printing at chr: OZ034733.1 pos:24815040 chunknumber 172400 contains 307 sites
	-> Printing at chr: OZ034733.1 pos:24852067 chunknumber 172500 contains 252 sites
	-> Printing at chr: OZ034733.1 pos:24887551 chunknumber 172600 contains 438 sites
	-> Printing at chr: OZ034733.1 pos:24943010 chunknumber 172700 contains 934 sites
	-> Printing at chr: OZ034733.1 pos:24999889 chunknumber 172800 contains 261 sites
	-> Printing at chr: OZ034733.1 pos:25085613 chunknumber 172900 contains 347 sites
	-> Printing at chr: OZ034733.1 pos:25131809 chunknumber 173000 contains 479 sites
	-> Printing at chr: OZ034733.1 pos:25179174 chunknumber 173100 contains 405 sites
	-> Printing at chr: OZ034733.1 pos:25218688 chunknumber 173200 contains 255 sites
	-> Printing at chr: OZ034733.1 pos:25254069 chunknumber 173300 contains 283 sites
	-> Printing at chr: OZ034733.1 pos:25293418 chunknumber 173400 contains 254 sites
	-> Printing at chr: OZ034733.1 pos:25330356 chunknumber 173500 contains 321 sites
	-> Printing at chr: OZ034733.1 pos:25366541 chunknumber 173600 contains 263 sites
	-> Printing at chr: OZ034733.1 pos:25403097 chunknumber 173700 contains 346 sites
	-> Printing at chr: OZ034733.1 pos:25436134 chunknumber 173800 contains 278 sites
	-> Printing at chr: OZ034733.1 pos:25477364 chunknumber 173900 contains 268 sites
	-> Printing at chr: OZ034733.1 pos:25515731 chunknumber 174000 contains 251 sites
	-> Printing at chr: OZ034733.1 pos:25564152 chunknumber 174100 contains 300 sites
	-> Printing at chr: OZ034733.1 pos:25600732 chunknumber 174200 contains 285 sites
	-> Printing at chr: OZ034733.1 pos:25661770 chunknumber 174300 contains 253 sites
	-> Printing at chr: OZ034733.1 pos:25724331 chunknumber 174400 contains 596 sites
	-> Printing at chr: OZ034733.1 pos:25785379 chunknumber 174500 contains 307 sites
	-> Printing at chr: OZ034733.1 pos:25821999 chunknumber 174600 contains 350 sites
	-> Printing at chr: OZ034733.1 pos:25882171 chunknumber 174700 contains 252 sites
	-> Printing at chr: OZ034733.1 pos:25918733 chunknumber 174800 contains 378 sites
	-> Printing at chr: OZ034733.1 pos:25953319 chunknumber 174900 contains 272 sites
	-> Printing at chr: OZ034733.1 pos:25989288 chunknumber 175000 contains 347 sites
	-> Printing at chr: OZ034733.1 pos:26030215 chunknumber 175100 contains 254 sites
	-> Printing at chr: OZ034733.1 pos:26064868 chunknumber 175200 contains 376 sites
	-> Printing at chr: OZ034733.1 pos:26099225 chunknumber 175300 contains 383 sites
	-> Printing at chr: OZ034733.1 pos:26185848 chunknumber 175400 contains 307 sites
	-> Printing at chr: OZ034733.1 pos:26242964 chunknumber 175500 contains 365 sites
	-> Printing at chr: OZ034733.1 pos:26279741 chunknumber 175600 contains 372 sites
	-> Printing at chr: OZ034733.1 pos:26317622 chunknumber 175700 contains 474 sites
	-> Printing at chr: OZ034733.1 pos:26348712 chunknumber 175800 contains 255 sites
	-> Printing at chr: OZ034733.1 pos:26377244 chunknumber 175900 contains 319 sites
	-> Printing at chr: OZ034733.1 pos:26415415 chunknumber 176000 contains 366 sites
	-> Printing at chr: OZ034733.1 pos:26465432 chunknumber 176100 contains 251 sites
	-> Printing at chr: OZ034733.1 pos:26503148 chunknumber 176200 contains 417 sites
	-> Printing at chr: OZ034733.1 pos:26536971 chunknumber 176300 contains 288 sites
	-> Printing at chr: OZ034733.1 pos:26638409 chunknumber 176400 contains 312 sites
	-> Printing at chr: OZ034733.1 pos:26678656 chunknumber 176500 contains 465 sites
	-> Printing at chr: OZ034733.1 pos:26714842 chunknumber 176600 contains 255 sites
	-> Printing at chr: OZ034733.1 pos:26754578 chunknumber 176700 contains 387 sites
	-> Printing at chr: OZ034733.1 pos:26806720 chunknumber 176800 contains 257 sites
	-> Printing at chr: OZ034733.1 pos:26844213 chunknumber 176900 contains 374 sites
	-> Printing at chr: OZ034733.1 pos:26880190 chunknumber 177000 contains 392 sites
	-> Printing at chr: OZ034733.1 pos:26918288 chunknumber 177100 contains 251 sites
	-> Printing at chr: OZ034733.1 pos:26960116 chunknumber 177200 contains 427 sites
	-> Printing at chr: OZ034733.1 pos:27000556 chunknumber 177300 contains 338 sites
	-> Printing at chr: OZ034733.1 pos:27083929 chunknumber 177400 contains 1772 sites
	-> Printing at chr: OZ034733.1 pos:27133910 chunknumber 177500 contains 368 sites
	-> Printing at chr: OZ034733.1 pos:27189986 chunknumber 177600 contains 413 sites
	-> Printing at chr: OZ034733.1 pos:27226169 chunknumber 177700 contains 315 sites
	-> Printing at chr: OZ034733.1 pos:27264448 chunknumber 177800 contains 364 sites
	-> Printing at chr: OZ034733.1 pos:27301143 chunknumber 177900 contains 277 sites
	-> Printing at chr: OZ034733.1 pos:27354281 chunknumber 178000 contains 264 sites
	-> Printing at chr: OZ034733.1 pos:27419153 chunknumber 178100 contains 506 sites
	-> Printing at chr: OZ034733.1 pos:27464538 chunknumber 178200 contains 450 sites
	-> Printing at chr: OZ034733.1 pos:27498722 chunknumber 178300 contains 317 sites
	-> Printing at chr: OZ034733.1 pos:27537488 chunknumber 178400 contains 253 sites
	-> Printing at chr: OZ034733.1 pos:27571817 chunknumber 178500 contains 299 sites
	-> Printing at chr: OZ034733.1 pos:27605696 chunknumber 178600 contains 268 sites
	-> Printing at chr: OZ034733.1 pos:27639236 chunknumber 178700 contains 252 sites
	-> Printing at chr: OZ034733.1 pos:27677458 chunknumber 178800 contains 257 sites
	-> Printing at chr: OZ034733.1 pos:27713827 chunknumber 178900 contains 366 sites
	-> Printing at chr: OZ034733.1 pos:27750706 chunknumber 179000 contains 255 sites
	-> Printing at chr: OZ034733.1 pos:27785669 chunknumber 179100 contains 315 sites
	-> Printing at chr: OZ034733.1 pos:27822184 chunknumber 179200 contains 253 sites
	-> Printing at chr: OZ034733.1 pos:27874372 chunknumber 179300 contains 561 sites
	-> Printing at chr: OZ034733.1 pos:27908678 chunknumber 179400 contains 410 sites
	-> Printing at chr: OZ034733.1 pos:27947467 chunknumber 179500 contains 447 sites
	-> Printing at chr: OZ034733.1 pos:27983322 chunknumber 179600 contains 391 sites
	-> Printing at chr: OZ034733.1 pos:28017975 chunknumber 179700 contains 294 sites
	-> Printing at chr: OZ034733.1 pos:28053952 chunknumber 179800 contains 375 sites
	-> Printing at chr: OZ034733.1 pos:28097080 chunknumber 179900 contains 411 sites
	-> Printing at chr: OZ034733.1 pos:28132879 chunknumber 180000 contains 293 sites
	-> Printing at chr: OZ034733.1 pos:28168053 chunknumber 180100 contains 358 sites
	-> Printing at chr: OZ034733.1 pos:28217111 chunknumber 180200 contains 295 sites
	-> Printing at chr: OZ034733.1 pos:28253182 chunknumber 180300 contains 289 sites
	-> Printing at chr: OZ034733.1 pos:28300323 chunknumber 180400 contains 342 sites
	-> Printing at chr: OZ034733.1 pos:28335588 chunknumber 180500 contains 254 sites
	-> Printing at chr: OZ034733.1 pos:28370313 chunknumber 180600 contains 279 sites
	-> Printing at chr: OZ034733.1 pos:28405006 chunknumber 180700 contains 273 sites
	-> Printing at chr: OZ034733.1 pos:28454888 chunknumber 180800 contains 280 sites
	-> Printing at chr: OZ034733.1 pos:28494966 chunknumber 180900 contains 477 sites
	-> Printing at chr: OZ034733.1 pos:28532865 chunknumber 181000 contains 374 sites
	-> Printing at chr: OZ034733.1 pos:28568840 chunknumber 181100 contains 414 sites
	-> Printing at chr: OZ034733.1 pos:28607020 chunknumber 181200 contains 251 sites
	-> Printing at chr: OZ034733.1 pos:28643663 chunknumber 181300 contains 288 sites
	-> Printing at chr: OZ034733.1 pos:28693907 chunknumber 181400 contains 273 sites
	-> Printing at chr: OZ034733.1 pos:28769669 chunknumber 181500 contains 288 sites
	-> Printing at chr: OZ034733.1 pos:28870008 chunknumber 181600 contains 272 sites
	-> Printing at chr: OZ034733.1 pos:28904739 chunknumber 181700 contains 395 sites
	-> Printing at chr: OZ034733.1 pos:28940731 chunknumber 181800 contains 270 sites
	-> Printing at chr: OZ034733.1 pos:28975420 chunknumber 181900 contains 251 sites
	-> Printing at chr: OZ034733.1 pos:29008860 chunknumber 182000 contains 301 sites
	-> Printing at chr: OZ034733.1 pos:29043745 chunknumber 182100 contains 286 sites
	-> Printing at chr: OZ034733.1 pos:29083987 chunknumber 182200 contains 251 sites
	-> Printing at chr: OZ034733.1 pos:29130108 chunknumber 182300 contains 331 sites
	-> Printing at chr: OZ034733.1 pos:29253186 chunknumber 182400 contains 559 sites
	-> Printing at chr: OZ034733.1 pos:29287342 chunknumber 182500 contains 377 sites
	-> Printing at chr: OZ034733.1 pos:29322559 chunknumber 182600 contains 312 sites
	-> Printing at chr: OZ034733.1 pos:29357931 chunknumber 182700 contains 262 sites
	-> Printing at chr: OZ034733.1 pos:29393154 chunknumber 182800 contains 267 sites
	-> Printing at chr: OZ034733.1 pos:29428408 chunknumber 182900 contains 256 sites
	-> Printing at chr: OZ034733.1 pos:29463664 chunknumber 183000 contains 304 sites
	-> Printing at chr: OZ034733.1 pos:29498130 chunknumber 183100 contains 370 sites
	-> Printing at chr: OZ034733.1 pos:29536411 chunknumber 183200 contains 270 sites
	-> Printing at chr: OZ034733.1 pos:29583014 chunknumber 183300 contains 292 sites
	-> Printing at chr: OZ034733.1 pos:29618518 chunknumber 183400 contains 439 sites
	-> Printing at chr: OZ034733.1 pos:29654950 chunknumber 183500 contains 382 sites
	-> Printing at chr: OZ034733.1 pos:29689478 chunknumber 183600 contains 375 sites
	-> Printing at chr: OZ034733.1 pos:29726527 chunknumber 183700 contains 292 sites
	-> Printing at chr: OZ034733.1 pos:29760585 chunknumber 183800 contains 423 sites
	-> Printing at chr: OZ034733.1 pos:29809184 chunknumber 183900 contains 327 sites
	-> Printing at chr: OZ034733.1 pos:29845719 chunknumber 184000 contains 401 sites
	-> Printing at chr: OZ034733.1 pos:29882354 chunknumber 184100 contains 373 sites
	-> Printing at chr: OZ034733.1 pos:29917048 chunknumber 184200 contains 253 sites
	-> Printing at chr: OZ034733.1 pos:29951479 chunknumber 184300 contains 362 sites
	-> Printing at chr: OZ034733.1 pos:29986047 chunknumber 184400 contains 402 sites
	-> Printing at chr: OZ034733.1 pos:30022637 chunknumber 184500 contains 356 sites
	-> Printing at chr: OZ034733.1 pos:30058132 chunknumber 184600 contains 358 sites
	-> Printing at chr: OZ034733.1 pos:30094732 chunknumber 184700 contains 286 sites
	-> Printing at chr: OZ034733.1 pos:30128235 chunknumber 184800 contains 254 sites
	-> Printing at chr: OZ034733.1 pos:30165154 chunknumber 184900 contains 341 sites
	-> Printing at chr: OZ034733.1 pos:30199735 chunknumber 185000 contains 283 sites
	-> Printing at chr: OZ034733.1 pos:30236341 chunknumber 185100 contains 274 sites
	-> Printing at chr: OZ034733.1 pos:30271218 chunknumber 185200 contains 253 sites
	-> Printing at chr: OZ034733.1 pos:30305218 chunknumber 185300 contains 428 sites
	-> Printing at chr: OZ034733.1 pos:30339986 chunknumber 185400 contains 256 sites
	-> Region lookup 4/142
	-> Printing at chr: OZ034734.1 pos:5571 chunknumber 185500 contains 309 sites
	-> Printing at chr: OZ034734.1 pos:69288 chunknumber 185600 contains 280 sites
	-> Printing at chr: OZ034734.1 pos:105925 chunknumber 185700 contains 259 sites
	-> Printing at chr: OZ034734.1 pos:144591 chunknumber 185800 contains 321 sites
	-> Printing at chr: OZ034734.1 pos:179746 chunknumber 185900 contains 368 sites
	-> Printing at chr: OZ034734.1 pos:216360 chunknumber 186000 contains 397 sites
	-> Printing at chr: OZ034734.1 pos:256063 chunknumber 186100 contains 331 sites
	-> Printing at chr: OZ034734.1 pos:292308 chunknumber 186200 contains 432 sites
	-> Printing at chr: OZ034734.1 pos:328153 chunknumber 186300 contains 354 sites
	-> Printing at chr: OZ034734.1 pos:363405 chunknumber 186400 contains 258 sites
	-> Printing at chr: OZ034734.1 pos:401246 chunknumber 186500 contains 294 sites
	-> Printing at chr: OZ034734.1 pos:435554 chunknumber 186600 contains 332 sites
	-> Printing at chr: OZ034734.1 pos:470535 chunknumber 186700 contains 351 sites
	-> Printing at chr: OZ034734.1 pos:507042 chunknumber 186800 contains 359 sites
	-> Printing at chr: OZ034734.1 pos:543709 chunknumber 186900 contains 508 sites
	-> Printing at chr: OZ034734.1 pos:603173 chunknumber 187000 contains 498 sites
	-> Printing at chr: OZ034734.1 pos:643107 chunknumber 187100 contains 380 sites
	-> Printing at chr: OZ034734.1 pos:677992 chunknumber 187200 contains 264 sites
	-> Printing at chr: OZ034734.1 pos:712686 chunknumber 187300 contains 252 sites
	-> Printing at chr: OZ034734.1 pos:746328 chunknumber 187400 contains 300 sites
	-> Printing at chr: OZ034734.1 pos:782277 chunknumber 187500 contains 291 sites
	-> Printing at chr: OZ034734.1 pos:820350 chunknumber 187600 contains 312 sites
	-> Printing at chr: OZ034734.1 pos:860736 chunknumber 187700 contains 329 sites
	-> Printing at chr: OZ034734.1 pos:898205 chunknumber 187800 contains 377 sites
	-> Printing at chr: OZ034734.1 pos:935321 chunknumber 187900 contains 403 sites
	-> Printing at chr: OZ034734.1 pos:982482 chunknumber 188000 contains 269 sites
	-> Printing at chr: OZ034734.1 pos:1023052 chunknumber 188100 contains 424 sites
	-> Printing at chr: OZ034734.1 pos:1062737 chunknumber 188200 contains 344 sites
	-> Printing at chr: OZ034734.1 pos:1097486 chunknumber 188300 contains 299 sites
	-> Printing at chr: OZ034734.1 pos:1130979 chunknumber 188400 contains 253 sites
	-> Printing at chr: OZ034734.1 pos:1169595 chunknumber 188500 contains 251 sites
	-> Printing at chr: OZ034734.1 pos:1236204 chunknumber 188600 contains 306 sites
	-> Printing at chr: OZ034734.1 pos:1272567 chunknumber 188700 contains 337 sites
	-> Printing at chr: OZ034734.1 pos:1310252 chunknumber 188800 contains 254 sites
	-> Printing at chr: OZ034734.1 pos:1346908 chunknumber 188900 contains 336 sites
	-> Printing at chr: OZ034734.1 pos:1381939 chunknumber 189000 contains 404 sites
	-> Printing at chr: OZ034734.1 pos:1421624 chunknumber 189100 contains 438 sites
	-> Printing at chr: OZ034734.1 pos:1457608 chunknumber 189200 contains 386 sites
	-> Printing at chr: OZ034734.1 pos:1497267 chunknumber 189300 contains 379 sites
	-> Printing at chr: OZ034734.1 pos:1542762 chunknumber 189400 contains 434 sites
	-> Printing at chr: OZ034734.1 pos:1593963 chunknumber 189500 contains 590 sites
	-> Printing at chr: OZ034734.1 pos:1667316 chunknumber 189600 contains 253 sites
	-> Printing at chr: OZ034734.1 pos:1696913 chunknumber 189700 contains 257 sites
	-> Printing at chr: OZ034734.1 pos:1759413 chunknumber 189800 contains 371 sites
	-> Printing at chr: OZ034734.1 pos:1793891 chunknumber 189900 contains 391 sites
	-> Printing at chr: OZ034734.1 pos:1851061 chunknumber 190000 contains 360 sites
	-> Printing at chr: OZ034734.1 pos:1907456 chunknumber 190100 contains 281 sites
	-> Printing at chr: OZ034734.1 pos:2052085 chunknumber 190200 contains 652 sites
	-> Printing at chr: OZ034734.1 pos:2205755 chunknumber 190300 contains 253 sites
	-> Printing at chr: OZ034734.1 pos:2247271 chunknumber 190400 contains 337 sites
	-> Printing at chr: OZ034734.1 pos:2283760 chunknumber 190500 contains 301 sites
	-> Printing at chr: OZ034734.1 pos:2322021 chunknumber 190600 contains 573 sites
	-> Printing at chr: OZ034734.1 pos:2360530 chunknumber 190700 contains 308 sites
	-> Printing at chr: OZ034734.1 pos:2395912 chunknumber 190800 contains 253 sites
	-> Printing at chr: OZ034734.1 pos:2436203 chunknumber 190900 contains 253 sites
	-> Printing at chr: OZ034734.1 pos:2475051 chunknumber 191000 contains 282 sites
	-> Printing at chr: OZ034734.1 pos:2510510 chunknumber 191100 contains 251 sites
	-> Printing at chr: OZ034734.1 pos:2542487 chunknumber 191200 contains 254 sites
	-> Printing at chr: OZ034734.1 pos:2575967 chunknumber 191300 contains 285 sites
	-> Printing at chr: OZ034734.1 pos:2612127 chunknumber 191400 contains 403 sites
	-> Printing at chr: OZ034734.1 pos:2650589 chunknumber 191500 contains 427 sites
	-> Printing at chr: OZ034734.1 pos:2691776 chunknumber 191600 contains 318 sites
	-> Printing at chr: OZ034734.1 pos:2733509 chunknumber 191700 contains 255 sites
	-> Printing at chr: OZ034734.1 pos:2765045 chunknumber 191800 contains 514 sites
	-> Printing at chr: OZ034734.1 pos:2803036 chunknumber 191900 contains 548 sites
	-> Printing at chr: OZ034734.1 pos:2845439 chunknumber 192000 contains 254 sites
	-> Printing at chr: OZ034734.1 pos:2880697 chunknumber 192100 contains 409 sites
	-> Printing at chr: OZ034734.1 pos:2916903 chunknumber 192200 contains 438 sites
	-> Printing at chr: OZ034734.1 pos:2955469 chunknumber 192300 contains 254 sites
	-> Printing at chr: OZ034734.1 pos:2992544 chunknumber 192400 contains 354 sites
	-> Printing at chr: OZ034734.1 pos:3030746 chunknumber 192500 contains 254 sites
	-> Printing at chr: OZ034734.1 pos:3065595 chunknumber 192600 contains 339 sites
	-> Printing at chr: OZ034734.1 pos:3103780 chunknumber 192700 contains 274 sites
	-> Printing at chr: OZ034734.1 pos:3141494 chunknumber 192800 contains 426 sites
	-> Printing at chr: OZ034734.1 pos:3178729 chunknumber 192900 contains 531 sites
	-> Printing at chr: OZ034734.1 pos:3235388 chunknumber 193000 contains 257 sites
	-> Printing at chr: OZ034734.1 pos:3281146 chunknumber 193100 contains 330 sites
	-> Printing at chr: OZ034734.1 pos:3343989 chunknumber 193200 contains 294 sites
	-> Printing at chr: OZ034734.1 pos:3380788 chunknumber 193300 contains 302 sites
	-> Printing at chr: OZ034734.1 pos:3415752 chunknumber 193400 contains 326 sites
	-> Printing at chr: OZ034734.1 pos:3453069 chunknumber 193500 contains 356 sites
	-> Printing at chr: OZ034734.1 pos:3490647 chunknumber 193600 contains 389 sites
	-> Printing at chr: OZ034734.1 pos:3560773 chunknumber 193700 contains 259 sites
	-> Printing at chr: OZ034734.1 pos:3632052 chunknumber 193800 contains 395 sites
	-> Printing at chr: OZ034734.1 pos:3678136 chunknumber 193900 contains 397 sites
	-> Printing at chr: OZ034734.1 pos:3712609 chunknumber 194000 contains 383 sites
	-> Printing at chr: OZ034734.1 pos:3749989 chunknumber 194100 contains 253 sites
	-> Printing at chr: OZ034734.1 pos:3787530 chunknumber 194200 contains 446 sites
	-> Printing at chr: OZ034734.1 pos:3824792 chunknumber 194300 contains 490 sites
	-> Printing at chr: OZ034734.1 pos:3860664 chunknumber 194400 contains 338 sites
	-> Printing at chr: OZ034734.1 pos:3910976 chunknumber 194500 contains 642 sites
	-> Printing at chr: OZ034734.1 pos:4057041 chunknumber 194600 contains 439 sites
	-> Printing at chr: OZ034734.1 pos:4091346 chunknumber 194700 contains 252 sites
	-> Printing at chr: OZ034734.1 pos:4146768 chunknumber 194800 contains 279 sites
	-> Printing at chr: OZ034734.1 pos:4181954 chunknumber 194900 contains 394 sites
	-> Printing at chr: OZ034734.1 pos:4218618 chunknumber 195000 contains 338 sites
	-> Printing at chr: OZ034734.1 pos:4254427 chunknumber 195100 contains 322 sites
	-> Printing at chr: OZ034734.1 pos:4291892 chunknumber 195200 contains 341 sites
	-> Printing at chr: OZ034734.1 pos:4350880 chunknumber 195300 contains 256 sites
	-> Printing at chr: OZ034734.1 pos:4410223 chunknumber 195400 contains 253 sites
	-> Printing at chr: OZ034734.1 pos:4495612 chunknumber 195500 contains 482 sites
	-> Printing at chr: OZ034734.1 pos:4533767 chunknumber 195600 contains 297 sites
	-> Printing at chr: OZ034734.1 pos:4573920 chunknumber 195700 contains 270 sites
	-> Printing at chr: OZ034734.1 pos:4609026 chunknumber 195800 contains 251 sites
	-> Printing at chr: OZ034734.1 pos:4643966 chunknumber 195900 contains 303 sites
	-> Printing at chr: OZ034734.1 pos:4681066 chunknumber 196000 contains 267 sites
	-> Printing at chr: OZ034734.1 pos:4718582 chunknumber 196100 contains 385 sites
	-> Printing at chr: OZ034734.1 pos:4757195 chunknumber 196200 contains 296 sites
	-> Printing at chr: OZ034734.1 pos:4791844 chunknumber 196300 contains 298 sites
	-> Printing at chr: OZ034734.1 pos:4824866 chunknumber 196400 contains 251 sites
	-> Printing at chr: OZ034734.1 pos:4860248 chunknumber 196500 contains 253 sites
	-> Printing at chr: OZ034734.1 pos:4905784 chunknumber 196600 contains 256 sites
	-> Printing at chr: OZ034734.1 pos:4940883 chunknumber 196700 contains 372 sites
	-> Printing at chr: OZ034734.1 pos:4978482 chunknumber 196800 contains 276 sites
	-> Printing at chr: OZ034734.1 pos:5014225 chunknumber 196900 contains 251 sites
	-> Printing at chr: OZ034734.1 pos:5056636 chunknumber 197000 contains 346 sites
	-> Printing at chr: OZ034734.1 pos:5094051 chunknumber 197100 contains 381 sites
	-> Printing at chr: OZ034734.1 pos:5137177 chunknumber 197200 contains 370 sites
	-> Printing at chr: OZ034734.1 pos:5171960 chunknumber 197300 contains 448 sites
	-> Printing at chr: OZ034734.1 pos:5210743 chunknumber 197400 contains 376 sites
	-> Printing at chr: OZ034734.1 pos:5246144 chunknumber 197500 contains 257 sites
	-> Printing at chr: OZ034734.1 pos:5284661 chunknumber 197600 contains 356 sites
	-> Printing at chr: OZ034734.1 pos:5319443 chunknumber 197700 contains 275 sites
	-> Printing at chr: OZ034734.1 pos:5357679 chunknumber 197800 contains 258 sites
	-> Printing at chr: OZ034734.1 pos:5392014 chunknumber 197900 contains 292 sites
	-> Printing at chr: OZ034734.1 pos:5428728 chunknumber 198000 contains 386 sites
	-> Printing at chr: OZ034734.1 pos:5500385 chunknumber 198100 contains 332 sites
	-> Printing at chr: OZ034734.1 pos:5542552 chunknumber 198200 contains 294 sites
	-> Printing at chr: OZ034734.1 pos:5583641 chunknumber 198300 contains 378 sites
	-> Printing at chr: OZ034734.1 pos:5621572 chunknumber 198400 contains 338 sites
	-> Printing at chr: OZ034734.1 pos:5657769 chunknumber 198500 contains 328 sites
	-> Printing at chr: OZ034734.1 pos:5712678 chunknumber 198600 contains 262 sites
	-> Printing at chr: OZ034734.1 pos:5749888 chunknumber 198700 contains 263 sites
	-> Printing at chr: OZ034734.1 pos:5786785 chunknumber 198800 contains 259 sites
	-> Printing at chr: OZ034734.1 pos:5823898 chunknumber 198900 contains 361 sites
	-> Printing at chr: OZ034734.1 pos:5861776 chunknumber 199000 contains 284 sites
	-> Printing at chr: OZ034734.1 pos:5898105 chunknumber 199100 contains 345 sites
	-> Printing at chr: OZ034734.1 pos:5934216 chunknumber 199200 contains 251 sites
	-> Printing at chr: OZ034734.1 pos:5971006 chunknumber 199300 contains 433 sites
	-> Printing at chr: OZ034734.1 pos:6006355 chunknumber 199400 contains 450 sites
	-> Printing at chr: OZ034734.1 pos:6142280 chunknumber 199500 contains 1815 sites
	-> Printing at chr: OZ034734.1 pos:6197500 chunknumber 199600 contains 297 sites
	-> Printing at chr: OZ034734.1 pos:6240238 chunknumber 199700 contains 253 sites
	-> Printing at chr: OZ034734.1 pos:6283113 chunknumber 199800 contains 255 sites
	-> Printing at chr: OZ034734.1 pos:6321050 chunknumber 199900 contains 253 sites
	-> Printing at chr: OZ034734.1 pos:6367483 chunknumber 200000 contains 278 sites
	-> Printing at chr: OZ034734.1 pos:6406031 chunknumber 200100 contains 398 sites
	-> Printing at chr: OZ034734.1 pos:6454822 chunknumber 200200 contains 341 sites
	-> Printing at chr: OZ034734.1 pos:6492737 chunknumber 200300 contains 293 sites
	-> Printing at chr: OZ034734.1 pos:6529981 chunknumber 200400 contains 260 sites
	-> Printing at chr: OZ034734.1 pos:6562227 chunknumber 200500 contains 266 sites
	-> Printing at chr: OZ034734.1 pos:6659813 chunknumber 200600 contains 1011 sites
	-> Printing at chr: OZ034734.1 pos:6697404 chunknumber 200700 contains 684 sites
	-> Printing at chr: OZ034734.1 pos:6733700 chunknumber 200800 contains 578 sites
	-> Printing at chr: OZ034734.1 pos:6767445 chunknumber 200900 contains 350 sites
	-> Printing at chr: OZ034734.1 pos:6828763 chunknumber 201000 contains 251 sites
	-> Printing at chr: OZ034734.1 pos:6865382 chunknumber 201100 contains 381 sites
	-> Printing at chr: OZ034734.1 pos:6907342 chunknumber 201200 contains 290 sites
	-> Printing at chr: OZ034734.1 pos:6972487 chunknumber 201300 contains 539 sites
	-> Printing at chr: OZ034734.1 pos:7013671 chunknumber 201400 contains 316 sites
	-> Printing at chr: OZ034734.1 pos:7051762 chunknumber 201500 contains 381 sites
	-> Printing at chr: OZ034734.1 pos:7088551 chunknumber 201600 contains 358 sites
	-> Printing at chr: OZ034734.1 pos:7159861 chunknumber 201700 contains 316 sites
	-> Printing at chr: OZ034734.1 pos:7215415 chunknumber 201800 contains 253 sites
	-> Printing at chr: OZ034734.1 pos:7262197 chunknumber 201900 contains 559 sites
	-> Printing at chr: OZ034734.1 pos:7344598 chunknumber 202000 contains 259 sites
	-> Printing at chr: OZ034734.1 pos:7383750 chunknumber 202100 contains 273 sites
	-> Printing at chr: OZ034734.1 pos:7419064 chunknumber 202200 contains 401 sites
	-> Printing at chr: OZ034734.1 pos:7471800 chunknumber 202300 contains 466 sites
	-> Printing at chr: OZ034734.1 pos:7523778 chunknumber 202400 contains 399 sites
	-> Printing at chr: OZ034734.1 pos:7560024 chunknumber 202500 contains 320 sites
	-> Printing at chr: OZ034734.1 pos:7596698 chunknumber 202600 contains 430 sites
	-> Printing at chr: OZ034734.1 pos:7629327 chunknumber 202700 contains 306 sites
	-> Printing at chr: OZ034734.1 pos:7728148 chunknumber 202800 contains 263 sites
	-> Printing at chr: OZ034734.1 pos:7792685 chunknumber 202900 contains 379 sites
	-> Printing at chr: OZ034734.1 pos:7840918 chunknumber 203000 contains 480 sites
	-> Printing at chr: OZ034734.1 pos:7878849 chunknumber 203100 contains 309 sites
	-> Printing at chr: OZ034734.1 pos:8003785 chunknumber 203200 contains 320 sites
	-> Printing at chr: OZ034734.1 pos:8040875 chunknumber 203300 contains 357 sites
	-> Printing at chr: OZ034734.1 pos:8089072 chunknumber 203400 contains 1114 sites
	-> Printing at chr: OZ034734.1 pos:8129393 chunknumber 203500 contains 310 sites
	-> Printing at chr: OZ034734.1 pos:8162236 chunknumber 203600 contains 301 sites
	-> Printing at chr: OZ034734.1 pos:8195939 chunknumber 203700 contains 282 sites
	-> Printing at chr: OZ034734.1 pos:8231694 chunknumber 203800 contains 750 sites
	-> Printing at chr: OZ034734.1 pos:8269131 chunknumber 203900 contains 254 sites
	-> Printing at chr: OZ034734.1 pos:8310160 chunknumber 204000 contains 522 sites
	-> Printing at chr: OZ034734.1 pos:8345730 chunknumber 204100 contains 259 sites
	-> Printing at chr: OZ034734.1 pos:8386415 chunknumber 204200 contains 313 sites
	-> Printing at chr: OZ034734.1 pos:8420711 chunknumber 204300 contains 351 sites
	-> Printing at chr: OZ034734.1 pos:8456929 chunknumber 204400 contains 252 sites
	-> Printing at chr: OZ034734.1 pos:8510298 chunknumber 204500 contains 660 sites
	-> Printing at chr: OZ034734.1 pos:8567379 chunknumber 204600 contains 278 sites
	-> Printing at chr: OZ034734.1 pos:8598526 chunknumber 204700 contains 256 sites
	-> Printing at chr: OZ034734.1 pos:8657059 chunknumber 204800 contains 378 sites
	-> Printing at chr: OZ034734.1 pos:8693083 chunknumber 204900 contains 477 sites
	-> Printing at chr: OZ034734.1 pos:8728967 chunknumber 205000 contains 326 sites
	-> Printing at chr: OZ034734.1 pos:8765522 chunknumber 205100 contains 362 sites
	-> Printing at chr: OZ034734.1 pos:8799196 chunknumber 205200 contains 368 sites
	-> Printing at chr: OZ034734.1 pos:8843446 chunknumber 205300 contains 407 sites
	-> Printing at chr: OZ034734.1 pos:8907484 chunknumber 205400 contains 316 sites
	-> Printing at chr: OZ034734.1 pos:8946697 chunknumber 205500 contains 358 sites
	-> Printing at chr: OZ034734.1 pos:8991739 chunknumber 205600 contains 275 sites
	-> Printing at chr: OZ034734.1 pos:9030583 chunknumber 205700 contains 301 sites
	-> Printing at chr: OZ034734.1 pos:9064598 chunknumber 205800 contains 622 sites
	-> Printing at chr: OZ034734.1 pos:9101298 chunknumber 205900 contains 251 sites
	-> Printing at chr: OZ034734.1 pos:9148049 chunknumber 206000 contains 251 sites
	-> Printing at chr: OZ034734.1 pos:9193587 chunknumber 206100 contains 254 sites
	-> Printing at chr: OZ034734.1 pos:9234196 chunknumber 206200 contains 261 sites
	-> Printing at chr: OZ034734.1 pos:9270949 chunknumber 206300 contains 261 sites
	-> Printing at chr: OZ034734.1 pos:9305607 chunknumber 206400 contains 251 sites
	-> Printing at chr: OZ034734.1 pos:9338078 chunknumber 206500 contains 360 sites
	-> Printing at chr: OZ034734.1 pos:9387643 chunknumber 206600 contains 429 sites
	-> Printing at chr: OZ034734.1 pos:9420790 chunknumber 206700 contains 359 sites
	-> Printing at chr: OZ034734.1 pos:9456354 chunknumber 206800 contains 278 sites
	-> Printing at chr: OZ034734.1 pos:9499963 chunknumber 206900 contains 261 sites
	-> Printing at chr: OZ034734.1 pos:9533889 chunknumber 207000 contains 266 sites
	-> Printing at chr: OZ034734.1 pos:9575305 chunknumber 207100 contains 337 sites
	-> Printing at chr: OZ034734.1 pos:9618807 chunknumber 207200 contains 251 sites
	-> Printing at chr: OZ034734.1 pos:9654098 chunknumber 207300 contains 421 sites
	-> Printing at chr: OZ034734.1 pos:9684512 chunknumber 207400 contains 252 sites
	-> Printing at chr: OZ034734.1 pos:9721087 chunknumber 207500 contains 257 sites
	-> Printing at chr: OZ034734.1 pos:9755228 chunknumber 207600 contains 344 sites
	-> Printing at chr: OZ034734.1 pos:9791895 chunknumber 207700 contains 294 sites
	-> Printing at chr: OZ034734.1 pos:9844220 chunknumber 207800 contains 256 sites
	-> Printing at chr: OZ034734.1 pos:9899678 chunknumber 207900 contains 997 sites
	-> Printing at chr: OZ034734.1 pos:9959395 chunknumber 208000 contains 393 sites
	-> Printing at chr: OZ034734.1 pos:10012149 chunknumber 208100 contains 287 sites
	-> Printing at chr: OZ034734.1 pos:10065905 chunknumber 208200 contains 324 sites
	-> Printing at chr: OZ034734.1 pos:10123869 chunknumber 208300 contains 314 sites
	-> Printing at chr: OZ034734.1 pos:10235397 chunknumber 208400 contains 295 sites
	-> Printing at chr: OZ034734.1 pos:10270647 chunknumber 208500 contains 494 sites
	-> Printing at chr: OZ034734.1 pos:10308162 chunknumber 208600 contains 258 sites
	-> Printing at chr: OZ034734.1 pos:10342979 chunknumber 208700 contains 320 sites
	-> Printing at chr: OZ034734.1 pos:10372562 chunknumber 208800 contains 414 sites
	-> Printing at chr: OZ034734.1 pos:10413523 chunknumber 208900 contains 251 sites
	-> Printing at chr: OZ034734.1 pos:10458976 chunknumber 209000 contains 605 sites
	-> Printing at chr: OZ034734.1 pos:10503417 chunknumber 209100 contains 410 sites
	-> Printing at chr: OZ034734.1 pos:10539447 chunknumber 209200 contains 321 sites
	-> Printing at chr: OZ034734.1 pos:10574504 chunknumber 209300 contains 570 sites
	-> Printing at chr: OZ034734.1 pos:10615190 chunknumber 209400 contains 384 sites
	-> Printing at chr: OZ034734.1 pos:10667223 chunknumber 209500 contains 258 sites
	-> Printing at chr: OZ034734.1 pos:10702746 chunknumber 209600 contains 290 sites
	-> Printing at chr: OZ034734.1 pos:10738781 chunknumber 209700 contains 355 sites
	-> Printing at chr: OZ034734.1 pos:10776510 chunknumber 209800 contains 363 sites
	-> Printing at chr: OZ034734.1 pos:10823480 chunknumber 209900 contains 382 sites
	-> Printing at chr: OZ034734.1 pos:10870894 chunknumber 210000 contains 398 sites
	-> Printing at chr: OZ034734.1 pos:10925085 chunknumber 210100 contains 501 sites
	-> Printing at chr: OZ034734.1 pos:10971636 chunknumber 210200 contains 1264 sites
	-> Printing at chr: OZ034734.1 pos:11075064 chunknumber 210300 contains 840 sites
	-> Printing at chr: OZ034734.1 pos:11113144 chunknumber 210400 contains 380 sites
	-> Printing at chr: OZ034734.1 pos:11150101 chunknumber 210500 contains 297 sites
	-> Printing at chr: OZ034734.1 pos:11185808 chunknumber 210600 contains 619 sites
	-> Printing at chr: OZ034734.1 pos:11224347 chunknumber 210700 contains 316 sites
	-> Printing at chr: OZ034734.1 pos:11265766 chunknumber 210800 contains 350 sites
	-> Printing at chr: OZ034734.1 pos:11301697 chunknumber 210900 contains 251 sites
	-> Printing at chr: OZ034734.1 pos:11340982 chunknumber 211000 contains 451 sites
	-> Printing at chr: OZ034734.1 pos:11380183 chunknumber 211100 contains 463 sites
	-> Printing at chr: OZ034734.1 pos:11418177 chunknumber 211200 contains 296 sites
	-> Printing at chr: OZ034734.1 pos:11459849 chunknumber 211300 contains 281 sites
	-> Printing at chr: OZ034734.1 pos:11496052 chunknumber 211400 contains 252 sites
	-> Printing at chr: OZ034734.1 pos:11533548 chunknumber 211500 contains 359 sites
	-> Printing at chr: OZ034734.1 pos:11569203 chunknumber 211600 contains 603 sites
	-> Printing at chr: OZ034734.1 pos:11631776 chunknumber 211700 contains 760 sites
	-> Printing at chr: OZ034734.1 pos:11701809 chunknumber 211800 contains 275 sites
	-> Printing at chr: OZ034734.1 pos:11775094 chunknumber 211900 contains 1216 sites
	-> Printing at chr: OZ034734.1 pos:11881817 chunknumber 212000 contains 277 sites
	-> Printing at chr: OZ034734.1 pos:11944030 chunknumber 212100 contains 331 sites
	-> Printing at chr: OZ034734.1 pos:11981090 chunknumber 212200 contains 385 sites
	-> Printing at chr: OZ034734.1 pos:12019220 chunknumber 212300 contains 252 sites
	-> Printing at chr: OZ034734.1 pos:12065313 chunknumber 212400 contains 289 sites
	-> Printing at chr: OZ034734.1 pos:12108094 chunknumber 212500 contains 398 sites
	-> Printing at chr: OZ034734.1 pos:12146769 chunknumber 212600 contains 267 sites
	-> Printing at chr: OZ034734.1 pos:12181964 chunknumber 212700 contains 412 sites
	-> Printing at chr: OZ034734.1 pos:12257006 chunknumber 212800 contains 264 sites
	-> Printing at chr: OZ034734.1 pos:12300843 chunknumber 212900 contains 428 sites
	-> Printing at chr: OZ034734.1 pos:12376444 chunknumber 213000 contains 258 sites
	-> Printing at chr: OZ034734.1 pos:12418469 chunknumber 213100 contains 252 sites
	-> Printing at chr: OZ034734.1 pos:12499585 chunknumber 213200 contains 2151 sites
	-> Printing at chr: OZ034734.1 pos:12576512 chunknumber 213300 contains 280 sites
	-> Printing at chr: OZ034734.1 pos:12614959 chunknumber 213400 contains 252 sites
	-> Printing at chr: OZ034734.1 pos:12651505 chunknumber 213500 contains 252 sites
	-> Printing at chr: OZ034734.1 pos:12687859 chunknumber 213600 contains 352 sites
	-> Printing at chr: OZ034734.1 pos:12728103 chunknumber 213700 contains 261 sites
	-> Printing at chr: OZ034734.1 pos:12763398 chunknumber 213800 contains 480 sites
	-> Printing at chr: OZ034734.1 pos:12797898 chunknumber 213900 contains 333 sites
	-> Printing at chr: OZ034734.1 pos:12838186 chunknumber 214000 contains 505 sites
	-> Printing at chr: OZ034734.1 pos:12877363 chunknumber 214100 contains 288 sites
	-> Printing at chr: OZ034734.1 pos:12921562 chunknumber 214200 contains 1076 sites
	-> Printing at chr: OZ034734.1 pos:12970723 chunknumber 214300 contains 619 sites
	-> Printing at chr: OZ034734.1 pos:13035037 chunknumber 214400 contains 312 sites
	-> Printing at chr: OZ034734.1 pos:13095660 chunknumber 214500 contains 291 sites
	-> Printing at chr: OZ034734.1 pos:13183551 chunknumber 214600 contains 657 sites
	-> Printing at chr: OZ034734.1 pos:13249342 chunknumber 214700 contains 308 sites
	-> Printing at chr: OZ034734.1 pos:13292395 chunknumber 214800 contains 348 sites
	-> Printing at chr: OZ034734.1 pos:13330071 chunknumber 214900 contains 357 sites
	-> Printing at chr: OZ034734.1 pos:13364791 chunknumber 215000 contains 257 sites
	-> Printing at chr: OZ034734.1 pos:13405492 chunknumber 215100 contains 275 sites
	-> Printing at chr: OZ034734.1 pos:13445785 chunknumber 215200 contains 323 sites
	-> Printing at chr: OZ034734.1 pos:13482519 chunknumber 215300 contains 506 sites
	-> Printing at chr: OZ034734.1 pos:13531459 chunknumber 215400 contains 267 sites
	-> Printing at chr: OZ034734.1 pos:13584291 chunknumber 215500 contains 664 sites
	-> Printing at chr: OZ034734.1 pos:13646831 chunknumber 215600 contains 251 sites
	-> Printing at chr: OZ034734.1 pos:13684834 chunknumber 215700 contains 619 sites
	-> Printing at chr: OZ034734.1 pos:13720472 chunknumber 215800 contains 511 sites
	-> Printing at chr: OZ034734.1 pos:13755582 chunknumber 215900 contains 448 sites
	-> Printing at chr: OZ034734.1 pos:13788624 chunknumber 216000 contains 415 sites
	-> Printing at chr: OZ034734.1 pos:13823852 chunknumber 216100 contains 282 sites
	-> Printing at chr: OZ034734.1 pos:13931034 chunknumber 216200 contains 2065 sites
	-> Printing at chr: OZ034734.1 pos:14210240 chunknumber 216300 contains 262 sites
	-> Printing at chr: OZ034734.1 pos:14245801 chunknumber 216400 contains 368 sites
	-> Printing at chr: OZ034734.1 pos:14286163 chunknumber 216500 contains 904 sites
	-> Printing at chr: OZ034734.1 pos:14330220 chunknumber 216600 contains 330 sites
	-> Printing at chr: OZ034734.1 pos:14389174 chunknumber 216700 contains 418 sites
	-> Printing at chr: OZ034734.1 pos:14504759 chunknumber 216800 contains 699 sites
	-> Printing at chr: OZ034734.1 pos:14539705 chunknumber 216900 contains 253 sites
	-> Printing at chr: OZ034734.1 pos:14578148 chunknumber 217000 contains 545 sites
	-> Printing at chr: OZ034734.1 pos:14615994 chunknumber 217100 contains 421 sites
	-> Printing at chr: OZ034734.1 pos:14653147 chunknumber 217200 contains 296 sites
	-> Printing at chr: OZ034734.1 pos:14689052 chunknumber 217300 contains 434 sites
	-> Printing at chr: OZ034734.1 pos:14724632 chunknumber 217400 contains 629 sites
	-> Printing at chr: OZ034734.1 pos:14763934 chunknumber 217500 contains 353 sites
	-> Printing at chr: OZ034734.1 pos:14800988 chunknumber 217600 contains 332 sites
	-> Printing at chr: OZ034734.1 pos:14837003 chunknumber 217700 contains 278 sites
	-> Printing at chr: OZ034734.1 pos:14891338 chunknumber 217800 contains 252 sites
	-> Printing at chr: OZ034734.1 pos:14928107 chunknumber 217900 contains 317 sites
	-> Printing at chr: OZ034734.1 pos:14962465 chunknumber 218000 contains 321 sites
	-> Printing at chr: OZ034734.1 pos:15000848 chunknumber 218100 contains 310 sites
	-> Printing at chr: OZ034734.1 pos:15034403 chunknumber 218200 contains 303 sites
	-> Printing at chr: OZ034734.1 pos:15066103 chunknumber 218300 contains 446 sites
	-> Printing at chr: OZ034734.1 pos:15104561 chunknumber 218400 contains 637 sites
	-> Printing at chr: OZ034734.1 pos:15145071 chunknumber 218500 contains 328 sites
	-> Printing at chr: OZ034734.1 pos:15190142 chunknumber 218600 contains 458 sites
	-> Printing at chr: OZ034734.1 pos:15250924 chunknumber 218700 contains 728 sites
	-> Printing at chr: OZ034734.1 pos:15372855 chunknumber 218800 contains 326 sites
	-> Printing at chr: OZ034734.1 pos:15410185 chunknumber 218900 contains 264 sites
	-> Printing at chr: OZ034734.1 pos:15454660 chunknumber 219000 contains 503 sites
	-> Printing at chr: OZ034734.1 pos:15490207 chunknumber 219100 contains 287 sites
	-> Printing at chr: OZ034734.1 pos:15588625 chunknumber 219200 contains 1701 sites
	-> Printing at chr: OZ034734.1 pos:15634443 chunknumber 219300 contains 257 sites
	-> Printing at chr: OZ034734.1 pos:15669760 chunknumber 219400 contains 1277 sites
	-> Printing at chr: OZ034734.1 pos:15708159 chunknumber 219500 contains 283 sites
	-> Printing at chr: OZ034734.1 pos:15747469 chunknumber 219600 contains 555 sites
	-> Printing at chr: OZ034734.1 pos:15827779 chunknumber 219700 contains 252 sites
	-> Printing at chr: OZ034734.1 pos:15904493 chunknumber 219800 contains 1742 sites
	-> Printing at chr: OZ034734.1 pos:15987493 chunknumber 219900 contains 973 sites
	-> Printing at chr: OZ034734.1 pos:16076075 chunknumber 220000 contains 502 sites
	-> Printing at chr: OZ034734.1 pos:16112027 chunknumber 220100 contains 268 sites
	-> Printing at chr: OZ034734.1 pos:16147891 chunknumber 220200 contains 349 sites
	-> Printing at chr: OZ034734.1 pos:16185473 chunknumber 220300 contains 340 sites
	-> Printing at chr: OZ034734.1 pos:16245389 chunknumber 220400 contains 465 sites
	-> Printing at chr: OZ034734.1 pos:16278456 chunknumber 220500 contains 453 sites
	-> Printing at chr: OZ034734.1 pos:16317929 chunknumber 220600 contains 439 sites
	-> Printing at chr: OZ034734.1 pos:16352840 chunknumber 220700 contains 403 sites
	-> Printing at chr: OZ034734.1 pos:16389830 chunknumber 220800 contains 339 sites
	-> Printing at chr: OZ034734.1 pos:16424615 chunknumber 220900 contains 254 sites
	-> Printing at chr: OZ034734.1 pos:16458843 chunknumber 221000 contains 282 sites
	-> Printing at chr: OZ034734.1 pos:16494604 chunknumber 221100 contains 335 sites
	-> Printing at chr: OZ034734.1 pos:16531177 chunknumber 221200 contains 409 sites
	-> Printing at chr: OZ034734.1 pos:16568128 chunknumber 221300 contains 288 sites
	-> Printing at chr: OZ034734.1 pos:16606129 chunknumber 221400 contains 385 sites
	-> Printing at chr: OZ034734.1 pos:16641419 chunknumber 221500 contains 260 sites
	-> Printing at chr: OZ034734.1 pos:16678653 chunknumber 221600 contains 290 sites
	-> Printing at chr: OZ034734.1 pos:16742954 chunknumber 221700 contains 253 sites
	-> Printing at chr: OZ034734.1 pos:16779484 chunknumber 221800 contains 421 sites
	-> Printing at chr: OZ034734.1 pos:16816648 chunknumber 221900 contains 466 sites
	-> Printing at chr: OZ034734.1 pos:16851571 chunknumber 222000 contains 260 sites
	-> Printing at chr: OZ034734.1 pos:16885698 chunknumber 222100 contains 251 sites
	-> Printing at chr: OZ034734.1 pos:16924703 chunknumber 222200 contains 298 sites
	-> Printing at chr: OZ034734.1 pos:16961195 chunknumber 222300 contains 281 sites
	-> Printing at chr: OZ034734.1 pos:16997060 chunknumber 222400 contains 458 sites
	-> Printing at chr: OZ034734.1 pos:17033503 chunknumber 222500 contains 254 sites
	-> Printing at chr: OZ034734.1 pos:17069763 chunknumber 222600 contains 303 sites
	-> Printing at chr: OZ034734.1 pos:17103235 chunknumber 222700 contains 251 sites
	-> Printing at chr: OZ034734.1 pos:17138635 chunknumber 222800 contains 451 sites
	-> Printing at chr: OZ034734.1 pos:17173469 chunknumber 222900 contains 370 sites
	-> Printing at chr: OZ034734.1 pos:17209357 chunknumber 223000 contains 261 sites
	-> Printing at chr: OZ034734.1 pos:17245031 chunknumber 223100 contains 320 sites
	-> Printing at chr: OZ034734.1 pos:17282493 chunknumber 223200 contains 257 sites
	-> Printing at chr: OZ034734.1 pos:17315903 chunknumber 223300 contains 251 sites
	-> Printing at chr: OZ034734.1 pos:17352897 chunknumber 223400 contains 362 sites
	-> Printing at chr: OZ034734.1 pos:17415099 chunknumber 223500 contains 464 sites
	-> Printing at chr: OZ034734.1 pos:17555420 chunknumber 223600 contains 472 sites
	-> Printing at chr: OZ034734.1 pos:17596229 chunknumber 223700 contains 251 sites
	-> Printing at chr: OZ034734.1 pos:17632903 chunknumber 223800 contains 665 sites
	-> Printing at chr: OZ034734.1 pos:17668871 chunknumber 223900 contains 298 sites
	-> Printing at chr: OZ034734.1 pos:17705311 chunknumber 224000 contains 253 sites
	-> Printing at chr: OZ034734.1 pos:17741492 chunknumber 224100 contains 253 sites
	-> Printing at chr: OZ034734.1 pos:17778745 chunknumber 224200 contains 259 sites
	-> Printing at chr: OZ034734.1 pos:17812084 chunknumber 224300 contains 436 sites
	-> Printing at chr: OZ034734.1 pos:17849493 chunknumber 224400 contains 734 sites
	-> Printing at chr: OZ034734.1 pos:17913728 chunknumber 224500 contains 555 sites
	-> Printing at chr: OZ034734.1 pos:17959030 chunknumber 224600 contains 320 sites
	-> Printing at chr: OZ034734.1 pos:18146273 chunknumber 224700 contains 342 sites
	-> Printing at chr: OZ034734.1 pos:18181999 chunknumber 224800 contains 463 sites
	-> Printing at chr: OZ034734.1 pos:18217643 chunknumber 224900 contains 266 sites
	-> Printing at chr: OZ034734.1 pos:18253950 chunknumber 225000 contains 258 sites
	-> Printing at chr: OZ034734.1 pos:18286516 chunknumber 225100 contains 1641 sites
	-> Printing at chr: OZ034734.1 pos:18324507 chunknumber 225200 contains 262 sites
	-> Printing at chr: OZ034734.1 pos:18359952 chunknumber 225300 contains 541 sites
	-> Printing at chr: OZ034734.1 pos:18407000 chunknumber 225400 contains 254 sites
	-> Printing at chr: OZ034734.1 pos:18444480 chunknumber 225500 contains 409 sites
	-> Printing at chr: OZ034734.1 pos:18478527 chunknumber 225600 contains 935 sites
	-> Printing at chr: OZ034734.1 pos:18528795 chunknumber 225700 contains 322 sites
	-> Printing at chr: OZ034734.1 pos:18568831 chunknumber 225800 contains 272 sites
	-> Printing at chr: OZ034734.1 pos:18605015 chunknumber 225900 contains 416 sites
	-> Printing at chr: OZ034734.1 pos:18644074 chunknumber 226000 contains 507 sites
	-> Printing at chr: OZ034734.1 pos:18686047 chunknumber 226100 contains 865 sites
	-> Printing at chr: OZ034734.1 pos:18845006 chunknumber 226200 contains 269 sites
	-> Printing at chr: OZ034734.1 pos:18888599 chunknumber 226300 contains 650 sites
	-> Printing at chr: OZ034734.1 pos:18929450 chunknumber 226400 contains 467 sites
	-> Printing at chr: OZ034734.1 pos:18965986 chunknumber 226500 contains 470 sites
	-> Printing at chr: OZ034734.1 pos:19003134 chunknumber 226600 contains 361 sites
	-> Printing at chr: OZ034734.1 pos:19038960 chunknumber 226700 contains 395 sites
	-> Printing at chr: OZ034734.1 pos:19074422 chunknumber 226800 contains 485 sites
	-> Printing at chr: OZ034734.1 pos:19107328 chunknumber 226900 contains 275 sites
	-> Printing at chr: OZ034734.1 pos:19144000 chunknumber 227000 contains 405 sites
	-> Printing at chr: OZ034734.1 pos:19178069 chunknumber 227100 contains 352 sites
	-> Printing at chr: OZ034734.1 pos:19215903 chunknumber 227200 contains 302 sites
	-> Printing at chr: OZ034734.1 pos:19247824 chunknumber 227300 contains 254 sites
	-> Printing at chr: OZ034734.1 pos:19281456 chunknumber 227400 contains 442 sites
	-> Printing at chr: OZ034734.1 pos:19342722 chunknumber 227500 contains 267 sites
	-> Printing at chr: OZ034734.1 pos:19421473 chunknumber 227600 contains 7726 sites
	-> Printing at chr: OZ034734.1 pos:19615625 chunknumber 227700 contains 2041 sites
	-> Printing at chr: OZ034734.1 pos:19802416 chunknumber 227800 contains 401 sites
	-> Printing at chr: OZ034734.1 pos:19892105 chunknumber 227900 contains 443 sites
	-> Printing at chr: OZ034734.1 pos:20008375 chunknumber 228000 contains 382 sites
	-> Printing at chr: OZ034734.1 pos:20042563 chunknumber 228100 contains 344 sites
	-> Printing at chr: OZ034734.1 pos:20080079 chunknumber 228200 contains 459 sites
	-> Printing at chr: OZ034734.1 pos:20116616 chunknumber 228300 contains 376 sites
	-> Printing at chr: OZ034734.1 pos:20175117 chunknumber 228400 contains 298 sites
	-> Printing at chr: OZ034734.1 pos:20217737 chunknumber 228500 contains 385 sites
	-> Printing at chr: OZ034734.1 pos:20252561 chunknumber 228600 contains 486 sites
	-> Printing at chr: OZ034734.1 pos:20290388 chunknumber 228700 contains 340 sites
	-> Printing at chr: OZ034734.1 pos:20327620 chunknumber 228800 contains 373 sites
	-> Printing at chr: OZ034734.1 pos:20372378 chunknumber 228900 contains 299 sites
	-> Printing at chr: OZ034734.1 pos:20410816 chunknumber 229000 contains 305 sites
	-> Printing at chr: OZ034734.1 pos:20447256 chunknumber 229100 contains 544 sites
	-> Printing at chr: OZ034734.1 pos:20484210 chunknumber 229200 contains 263 sites
	-> Printing at chr: OZ034734.1 pos:20524231 chunknumber 229300 contains 270 sites
	-> Printing at chr: OZ034734.1 pos:20559607 chunknumber 229400 contains 261 sites
	-> Printing at chr: OZ034734.1 pos:20597170 chunknumber 229500 contains 253 sites
	-> Printing at chr: OZ034734.1 pos:20635296 chunknumber 229600 contains 262 sites
	-> Printing at chr: OZ034734.1 pos:20678521 chunknumber 229700 contains 258 sites
	-> Printing at chr: OZ034734.1 pos:20731828 chunknumber 229800 contains 428 sites
	-> Printing at chr: OZ034734.1 pos:20783429 chunknumber 229900 contains 315 sites
	-> Printing at chr: OZ034734.1 pos:20817172 chunknumber 230000 contains 416 sites
	-> Printing at chr: OZ034734.1 pos:20854933 chunknumber 230100 contains 294 sites
	-> Printing at chr: OZ034734.1 pos:20892372 chunknumber 230200 contains 256 sites
	-> Printing at chr: OZ034734.1 pos:20928767 chunknumber 230300 contains 255 sites
	-> Printing at chr: OZ034734.1 pos:20961386 chunknumber 230400 contains 368 sites
	-> Printing at chr: OZ034734.1 pos:20996656 chunknumber 230500 contains 400 sites
	-> Printing at chr: OZ034734.1 pos:21031680 chunknumber 230600 contains 306 sites
	-> Printing at chr: OZ034734.1 pos:21068151 chunknumber 230700 contains 258 sites
	-> Printing at chr: OZ034734.1 pos:21101524 chunknumber 230800 contains 289 sites
	-> Printing at chr: OZ034734.1 pos:21137387 chunknumber 230900 contains 327 sites
	-> Printing at chr: OZ034734.1 pos:21202604 chunknumber 231000 contains 408 sites
	-> Printing at chr: OZ034734.1 pos:21239981 chunknumber 231100 contains 258 sites
	-> Printing at chr: OZ034734.1 pos:21281783 chunknumber 231200 contains 572 sites
	-> Printing at chr: OZ034734.1 pos:21335717 chunknumber 231300 contains 263 sites
	-> Printing at chr: OZ034734.1 pos:21373342 chunknumber 231400 contains 323 sites
	-> Printing at chr: OZ034734.1 pos:21409360 chunknumber 231500 contains 394 sites
	-> Printing at chr: OZ034734.1 pos:21445074 chunknumber 231600 contains 321 sites
	-> Printing at chr: OZ034734.1 pos:21480575 chunknumber 231700 contains 333 sites
	-> Printing at chr: OZ034734.1 pos:21515916 chunknumber 231800 contains 254 sites
	-> Printing at chr: OZ034734.1 pos:21552863 chunknumber 231900 contains 259 sites
	-> Printing at chr: OZ034734.1 pos:21588895 chunknumber 232000 contains 281 sites
	-> Printing at chr: OZ034734.1 pos:21622152 chunknumber 232100 contains 338 sites
	-> Printing at chr: OZ034734.1 pos:21656065 chunknumber 232200 contains 256 sites
	-> Printing at chr: OZ034734.1 pos:21692225 chunknumber 232300 contains 393 sites
	-> Printing at chr: OZ034734.1 pos:21734026 chunknumber 232400 contains 441 sites
	-> Printing at chr: OZ034734.1 pos:21772376 chunknumber 232500 contains 335 sites
	-> Printing at chr: OZ034734.1 pos:21806960 chunknumber 232600 contains 389 sites
	-> Printing at chr: OZ034734.1 pos:21845925 chunknumber 232700 contains 3530 sites
	-> Printing at chr: OZ034734.1 pos:21913557 chunknumber 232800 contains 356 sites
	-> Printing at chr: OZ034734.1 pos:21954736 chunknumber 232900 contains 780 sites
	-> Printing at chr: OZ034734.1 pos:22097081 chunknumber 233000 contains 403 sites
	-> Printing at chr: OZ034734.1 pos:22134328 chunknumber 233100 contains 343 sites
	-> Printing at chr: OZ034734.1 pos:22169071 chunknumber 233200 contains 458 sites
	-> Printing at chr: OZ034734.1 pos:22204842 chunknumber 233300 contains 400 sites
	-> Printing at chr: OZ034734.1 pos:22310910 chunknumber 233400 contains 251 sites
	-> Printing at chr: OZ034734.1 pos:22347442 chunknumber 233500 contains 254 sites
	-> Printing at chr: OZ034734.1 pos:22389968 chunknumber 233600 contains 398 sites
	-> Printing at chr: OZ034734.1 pos:22426039 chunknumber 233700 contains 658 sites
	-> Printing at chr: OZ034734.1 pos:22462782 chunknumber 233800 contains 289 sites
	-> Printing at chr: OZ034734.1 pos:22498794 chunknumber 233900 contains 289 sites
	-> Printing at chr: OZ034734.1 pos:22555918 chunknumber 234000 contains 285 sites
	-> Printing at chr: OZ034734.1 pos:22623192 chunknumber 234100 contains 321 sites
	-> Printing at chr: OZ034734.1 pos:22659917 chunknumber 234200 contains 252 sites
	-> Printing at chr: OZ034734.1 pos:22695726 chunknumber 234300 contains 372 sites
	-> Printing at chr: OZ034734.1 pos:22732320 chunknumber 234400 contains 317 sites
	-> Printing at chr: OZ034734.1 pos:22766928 chunknumber 234500 contains 329 sites
	-> Printing at chr: OZ034734.1 pos:22805032 chunknumber 234600 contains 291 sites
	-> Printing at chr: OZ034734.1 pos:22838171 chunknumber 234700 contains 359 sites
	-> Printing at chr: OZ034734.1 pos:22881582 chunknumber 234800 contains 258 sites
	-> Printing at chr: OZ034734.1 pos:22926451 chunknumber 234900 contains 420 sites
	-> Printing at chr: OZ034734.1 pos:22974162 chunknumber 235000 contains 256 sites
	-> Printing at chr: OZ034734.1 pos:23007875 chunknumber 235100 contains 512 sites
	-> Printing at chr: OZ034734.1 pos:23043210 chunknumber 235200 contains 293 sites
	-> Printing at chr: OZ034734.1 pos:23085459 chunknumber 235300 contains 458 sites
	-> Printing at chr: OZ034734.1 pos:23126875 chunknumber 235400 contains 264 sites
	-> Printing at chr: OZ034734.1 pos:23165890 chunknumber 235500 contains 483 sites
	-> Printing at chr: OZ034734.1 pos:23200147 chunknumber 235600 contains 315 sites
	-> Printing at chr: OZ034734.1 pos:23236981 chunknumber 235700 contains 450 sites
	-> Printing at chr: OZ034734.1 pos:23271820 chunknumber 235800 contains 291 sites
	-> Printing at chr: OZ034734.1 pos:23310735 chunknumber 235900 contains 476 sites
	-> Printing at chr: OZ034734.1 pos:23345372 chunknumber 236000 contains 255 sites
	-> Printing at chr: OZ034734.1 pos:23379703 chunknumber 236100 contains 326 sites
	-> Printing at chr: OZ034734.1 pos:23418657 chunknumber 236200 contains 262 sites
	-> Printing at chr: OZ034734.1 pos:23456120 chunknumber 236300 contains 274 sites
	-> Printing at chr: OZ034734.1 pos:23496093 chunknumber 236400 contains 252 sites
	-> Printing at chr: OZ034734.1 pos:23530810 chunknumber 236500 contains 380 sites
	-> Printing at chr: OZ034734.1 pos:23567538 chunknumber 236600 contains 279 sites
	-> Printing at chr: OZ034734.1 pos:23614225 chunknumber 236700 contains 659 sites
	-> Printing at chr: OZ034734.1 pos:23657656 chunknumber 236800 contains 347 sites
	-> Printing at chr: OZ034734.1 pos:23693659 chunknumber 236900 contains 393 sites
	-> Printing at chr: OZ034734.1 pos:23752943 chunknumber 237000 contains 315 sites
	-> Printing at chr: OZ034734.1 pos:23845471 chunknumber 237100 contains 417 sites
	-> Printing at chr: OZ034734.1 pos:23912805 chunknumber 237200 contains 414 sites
	-> Printing at chr: OZ034734.1 pos:23956393 chunknumber 237300 contains 299 sites
	-> Printing at chr: OZ034734.1 pos:23997057 chunknumber 237400 contains 397 sites
	-> Printing at chr: OZ034734.1 pos:24040514 chunknumber 237500 contains 3214 sites
	-> Printing at chr: OZ034734.1 pos:24118743 chunknumber 237600 contains 294 sites
	-> Printing at chr: OZ034734.1 pos:24171620 chunknumber 237700 contains 253 sites
	-> Printing at chr: OZ034734.1 pos:24208042 chunknumber 237800 contains 253 sites
	-> Printing at chr: OZ034734.1 pos:24242677 chunknumber 237900 contains 398 sites
	-> Printing at chr: OZ034734.1 pos:24275332 chunknumber 238000 contains 287 sites
	-> Printing at chr: OZ034734.1 pos:24311353 chunknumber 238100 contains 294 sites
	-> Printing at chr: OZ034734.1 pos:24350508 chunknumber 238200 contains 548 sites
	-> Printing at chr: OZ034734.1 pos:24387793 chunknumber 238300 contains 298 sites
	-> Printing at chr: OZ034734.1 pos:24422193 chunknumber 238400 contains 426 sites
	-> Printing at chr: OZ034734.1 pos:24456941 chunknumber 238500 contains 419 sites
	-> Printing at chr: OZ034734.1 pos:24487891 chunknumber 238600 contains 286 sites
	-> Printing at chr: OZ034734.1 pos:24521386 chunknumber 238700 contains 255 sites
	-> Printing at chr: OZ034734.1 pos:24556660 chunknumber 238800 contains 358 sites
	-> Printing at chr: OZ034734.1 pos:24593639 chunknumber 238900 contains 303 sites
	-> Printing at chr: OZ034734.1 pos:24627722 chunknumber 239000 contains 256 sites
	-> Printing at chr: OZ034734.1 pos:24662274 chunknumber 239100 contains 379 sites
	-> Printing at chr: OZ034734.1 pos:24696472 chunknumber 239200 contains 256 sites
	-> Printing at chr: OZ034734.1 pos:24732334 chunknumber 239300 contains 251 sites
	-> Printing at chr: OZ034734.1 pos:24768378 chunknumber 239400 contains 255 sites
	-> Printing at chr: OZ034734.1 pos:24804077 chunknumber 239500 contains 357 sites
	-> Printing at chr: OZ034734.1 pos:24839460 chunknumber 239600 contains 344 sites
	-> Printing at chr: OZ034734.1 pos:24873106 chunknumber 239700 contains 464 sites
	-> Printing at chr: OZ034734.1 pos:24908116 chunknumber 239800 contains 519 sites
	-> Printing at chr: OZ034734.1 pos:24947521 chunknumber 239900 contains 329 sites
	-> Printing at chr: OZ034734.1 pos:24981581 chunknumber 240000 contains 460 sites
	-> Printing at chr: OZ034734.1 pos:25025478 chunknumber 240100 contains 324 sites
	-> Printing at chr: OZ034734.1 pos:25059669 chunknumber 240200 contains 374 sites
	-> Printing at chr: OZ034734.1 pos:25093480 chunknumber 240300 contains 293 sites
	-> Printing at chr: OZ034734.1 pos:25128541 chunknumber 240400 contains 254 sites
	-> Printing at chr: OZ034734.1 pos:25164250 chunknumber 240500 contains 666 sites
	-> Printing at chr: OZ034734.1 pos:25197272 chunknumber 240600 contains 253 sites
	-> Printing at chr: OZ034734.1 pos:25237552 chunknumber 240700 contains 490 sites
	-> Printing at chr: OZ034734.1 pos:25273530 chunknumber 240800 contains 269 sites
	-> Printing at chr: OZ034734.1 pos:25307765 chunknumber 240900 contains 390 sites
	-> Printing at chr: OZ034734.1 pos:25349208 chunknumber 241000 contains 271 sites
	-> Printing at chr: OZ034734.1 pos:25384183 chunknumber 241100 contains 256 sites
	-> Printing at chr: OZ034734.1 pos:25419678 chunknumber 241200 contains 393 sites
	-> Printing at chr: OZ034734.1 pos:25485968 chunknumber 241300 contains 378 sites
	-> Printing at chr: OZ034734.1 pos:25522313 chunknumber 241400 contains 253 sites
	-> Printing at chr: OZ034734.1 pos:25560263 chunknumber 241500 contains 372 sites
	-> Printing at chr: OZ034734.1 pos:25594176 chunknumber 241600 contains 251 sites
	-> Printing at chr: OZ034734.1 pos:25630869 chunknumber 241700 contains 419 sites
	-> Printing at chr: OZ034734.1 pos:25680368 chunknumber 241800 contains 255 sites
	-> Printing at chr: OZ034734.1 pos:25725273 chunknumber 241900 contains 292 sites
	-> Printing at chr: OZ034734.1 pos:25765369 chunknumber 242000 contains 265 sites
	-> Printing at chr: OZ034734.1 pos:25801086 chunknumber 242100 contains 273 sites
	-> Printing at chr: OZ034734.1 pos:25837924 chunknumber 242200 contains 364 sites
	-> Printing at chr: OZ034734.1 pos:25873475 chunknumber 242300 contains 270 sites
	-> Printing at chr: OZ034734.1 pos:25909254 chunknumber 242400 contains 252 sites
	-> Printing at chr: OZ034734.1 pos:25945490 chunknumber 242500 contains 346 sites
	-> Printing at chr: OZ034734.1 pos:25991029 chunknumber 242600 contains 658 sites
	-> Printing at chr: OZ034734.1 pos:26042162 chunknumber 242700 contains 271 sites
	-> Printing at chr: OZ034734.1 pos:26078983 chunknumber 242800 contains 321 sites
	-> Printing at chr: OZ034734.1 pos:26114507 chunknumber 242900 contains 292 sites
	-> Printing at chr: OZ034734.1 pos:26168466 chunknumber 243000 contains 393 sites
	-> Printing at chr: OZ034734.1 pos:26210332 chunknumber 243100 contains 353 sites
	-> Printing at chr: OZ034734.1 pos:26265648 chunknumber 243200 contains 261 sites
	-> Printing at chr: OZ034734.1 pos:26300412 chunknumber 243300 contains 315 sites
	-> Printing at chr: OZ034734.1 pos:26337874 chunknumber 243400 contains 294 sites
	-> Printing at chr: OZ034734.1 pos:26371654 chunknumber 243500 contains 268 sites
	-> Printing at chr: OZ034734.1 pos:26413656 chunknumber 243600 contains 269 sites
	-> Printing at chr: OZ034734.1 pos:26453138 chunknumber 243700 contains 408 sites
	-> Printing at chr: OZ034734.1 pos:26487199 chunknumber 243800 contains 393 sites
	-> Printing at chr: OZ034734.1 pos:26532123 chunknumber 243900 contains 320 sites
	-> Printing at chr: OZ034734.1 pos:26579711 chunknumber 244000 contains 506 sites
	-> Printing at chr: OZ034734.1 pos:26691549 chunknumber 244100 contains 293 sites
	-> Printing at chr: OZ034734.1 pos:26726653 chunknumber 244200 contains 307 sites
	-> Printing at chr: OZ034734.1 pos:26762304 chunknumber 244300 contains 252 sites
	-> Printing at chr: OZ034734.1 pos:26803071 chunknumber 244400 contains 506 sites
	-> Printing at chr: OZ034734.1 pos:26847495 chunknumber 244500 contains 444 sites
	-> Printing at chr: OZ034734.1 pos:26893275 chunknumber 244600 contains 301 sites
	-> Printing at chr: OZ034734.1 pos:26940853 chunknumber 244700 contains 452 sites
	-> Printing at chr: OZ034734.1 pos:26992097 chunknumber 244800 contains 449 sites
	-> Printing at chr: OZ034734.1 pos:27028603 chunknumber 244900 contains 460 sites
	-> Printing at chr: OZ034734.1 pos:27064160 chunknumber 245000 contains 253 sites
	-> Printing at chr: OZ034734.1 pos:27101506 chunknumber 245100 contains 365 sites
	-> Printing at chr: OZ034734.1 pos:27139694 chunknumber 245200 contains 257 sites
	-> Printing at chr: OZ034734.1 pos:27176575 chunknumber 245300 contains 265 sites
	-> Printing at chr: OZ034734.1 pos:27216259 chunknumber 245400 contains 368 sites
	-> Printing at chr: OZ034734.1 pos:27256509 chunknumber 245500 contains 254 sites
	-> Printing at chr: OZ034734.1 pos:27291958 chunknumber 245600 contains 468 sites
	-> Printing at chr: OZ034734.1 pos:27328089 chunknumber 245700 contains 391 sites
	-> Printing at chr: OZ034734.1 pos:27363966 chunknumber 245800 contains 264 sites
	-> Printing at chr: OZ034734.1 pos:27461637 chunknumber 245900 contains 260 sites
	-> Printing at chr: OZ034734.1 pos:27557086 chunknumber 246000 contains 436 sites
	-> Printing at chr: OZ034734.1 pos:27597898 chunknumber 246100 contains 384 sites
	-> Printing at chr: OZ034734.1 pos:27680367 chunknumber 246200 contains 292 sites
	-> Printing at chr: OZ034734.1 pos:27736261 chunknumber 246300 contains 419 sites
	-> Printing at chr: OZ034734.1 pos:27807159 chunknumber 246400 contains 411 sites
	-> Printing at chr: OZ034734.1 pos:27844351 chunknumber 246500 contains 359 sites
	-> Printing at chr: OZ034734.1 pos:27881660 chunknumber 246600 contains 333 sites
	-> Printing at chr: OZ034734.1 pos:27921159 chunknumber 246700 contains 330 sites
	-> Printing at chr: OZ034734.1 pos:27955350 chunknumber 246800 contains 407 sites
	-> Printing at chr: OZ034734.1 pos:27992093 chunknumber 246900 contains 10013 sites
	-> Printing at chr: OZ034734.1 pos:28049220 chunknumber 247000 contains 364 sites
	-> Printing at chr: OZ034734.1 pos:28097238 chunknumber 247100 contains 357 sites
	-> Printing at chr: OZ034734.1 pos:28135671 chunknumber 247200 contains 300 sites
	-> Printing at chr: OZ034734.1 pos:28169766 chunknumber 247300 contains 265 sites
	-> Printing at chr: OZ034734.1 pos:28204286 chunknumber 247400 contains 282 sites
	-> Printing at chr: OZ034734.1 pos:28241368 chunknumber 247500 contains 259 sites
	-> Printing at chr: OZ034734.1 pos:28275732 chunknumber 247600 contains 294 sites
	-> Printing at chr: OZ034734.1 pos:28312259 chunknumber 247700 contains 516 sites
	-> Printing at chr: OZ034734.1 pos:28356161 chunknumber 247800 contains 626 sites
	-> Printing at chr: OZ034734.1 pos:28438087 chunknumber 247900 contains 306 sites
	-> Printing at chr: OZ034734.1 pos:28480156 chunknumber 248000 contains 345 sites
	-> Printing at chr: OZ034734.1 pos:28516946 chunknumber 248100 contains 260 sites
	-> Printing at chr: OZ034734.1 pos:28550909 chunknumber 248200 contains 255 sites
	-> Printing at chr: OZ034734.1 pos:28587997 chunknumber 248300 contains 251 sites
	-> Printing at chr: OZ034734.1 pos:28625015 chunknumber 248400 contains 421 sites
	-> Printing at chr: OZ034734.1 pos:28685821 chunknumber 248500 contains 584 sites
	-> Printing at chr: OZ034734.1 pos:28722117 chunknumber 248600 contains 290 sites
	-> Printing at chr: OZ034734.1 pos:28763145 chunknumber 248700 contains 372 sites
	-> Printing at chr: OZ034734.1 pos:28799609 chunknumber 248800 contains 320 sites
	-> Printing at chr: OZ034734.1 pos:28834936 chunknumber 248900 contains 284 sites
	-> Printing at chr: OZ034734.1 pos:28872825 chunknumber 249000 contains 276 sites
	-> Printing at chr: OZ034734.1 pos:28917832 chunknumber 249100 contains 414 sites
	-> Printing at chr: OZ034734.1 pos:28966808 chunknumber 249200 contains 345 sites
	-> Printing at chr: OZ034734.1 pos:29010648 chunknumber 249300 contains 267 sites
	-> Printing at chr: OZ034734.1 pos:29047490 chunknumber 249400 contains 253 sites
	-> Printing at chr: OZ034734.1 pos:29082319 chunknumber 249500 contains 333 sites
	-> Printing at chr: OZ034734.1 pos:29121252 chunknumber 249600 contains 468 sites
	-> Printing at chr: OZ034734.1 pos:29156337 chunknumber 249700 contains 450 sites
	-> Printing at chr: OZ034734.1 pos:29192007 chunknumber 249800 contains 251 sites
	-> Printing at chr: OZ034734.1 pos:29227392 chunknumber 249900 contains 252 sites
	-> Printing at chr: OZ034734.1 pos:29266184 chunknumber 250000 contains 577 sites
	-> Printing at chr: OZ034734.1 pos:29302357 chunknumber 250100 contains 389 sites
	-> Printing at chr: OZ034734.1 pos:29339621 chunknumber 250200 contains 329 sites
	-> Region lookup 5/142
	-> Printing at chr: OZ034735.1 pos:12700 chunknumber 250300 contains 326 sites
	-> Printing at chr: OZ034735.1 pos:47738 chunknumber 250400 contains 399 sites
	-> Printing at chr: OZ034735.1 pos:82920 chunknumber 250500 contains 254 sites
	-> Printing at chr: OZ034735.1 pos:122108 chunknumber 250600 contains 415 sites
	-> Printing at chr: OZ034735.1 pos:158350 chunknumber 250700 contains 272 sites
	-> Printing at chr: OZ034735.1 pos:210895 chunknumber 250800 contains 331 sites
	-> Printing at chr: OZ034735.1 pos:248885 chunknumber 250900 contains 444 sites
	-> Printing at chr: OZ034735.1 pos:287526 chunknumber 251000 contains 340 sites
	-> Printing at chr: OZ034735.1 pos:324190 chunknumber 251100 contains 305 sites
	-> Printing at chr: OZ034735.1 pos:358357 chunknumber 251200 contains 363 sites
	-> Printing at chr: OZ034735.1 pos:393265 chunknumber 251300 contains 487 sites
	-> Printing at chr: OZ034735.1 pos:483330 chunknumber 251400 contains 524 sites
	-> Printing at chr: OZ034735.1 pos:544772 chunknumber 251500 contains 319 sites
	-> Printing at chr: OZ034735.1 pos:580439 chunknumber 251600 contains 367 sites
	-> Printing at chr: OZ034735.1 pos:617213 chunknumber 251700 contains 425 sites
	-> Printing at chr: OZ034735.1 pos:654766 chunknumber 251800 contains 450 sites
	-> Printing at chr: OZ034735.1 pos:695608 chunknumber 251900 contains 270 sites
	-> Printing at chr: OZ034735.1 pos:774807 chunknumber 252000 contains 258 sites
	-> Printing at chr: OZ034735.1 pos:818535 chunknumber 252100 contains 366 sites
	-> Printing at chr: OZ034735.1 pos:854343 chunknumber 252200 contains 447 sites
	-> Printing at chr: OZ034735.1 pos:890255 chunknumber 252300 contains 397 sites
	-> Printing at chr: OZ034735.1 pos:928606 chunknumber 252400 contains 304 sites
	-> Printing at chr: OZ034735.1 pos:987689 chunknumber 252500 contains 442 sites
	-> Printing at chr: OZ034735.1 pos:1029058 chunknumber 252600 contains 394 sites
	-> Printing at chr: OZ034735.1 pos:1070136 chunknumber 252700 contains 256 sites
	-> Printing at chr: OZ034735.1 pos:1104072 chunknumber 252800 contains 345 sites
	-> Printing at chr: OZ034735.1 pos:1141374 chunknumber 252900 contains 361 sites
	-> Printing at chr: OZ034735.1 pos:1183652 chunknumber 253000 contains 343 sites
	-> Printing at chr: OZ034735.1 pos:1242045 chunknumber 253100 contains 664 sites
	-> Printing at chr: OZ034735.1 pos:1282119 chunknumber 253200 contains 252 sites
	-> Printing at chr: OZ034735.1 pos:1324574 chunknumber 253300 contains 253 sites
	-> Printing at chr: OZ034735.1 pos:1362039 chunknumber 253400 contains 1219 sites
	-> Printing at chr: OZ034735.1 pos:1423529 chunknumber 253500 contains 427 sites
	-> Printing at chr: OZ034735.1 pos:1465846 chunknumber 253600 contains 385 sites
	-> Printing at chr: OZ034735.1 pos:1502795 chunknumber 253700 contains 536 sites
	-> Printing at chr: OZ034735.1 pos:1538221 chunknumber 253800 contains 361 sites
	-> Printing at chr: OZ034735.1 pos:1574100 chunknumber 253900 contains 556 sites
	-> Printing at chr: OZ034735.1 pos:1610304 chunknumber 254000 contains 425 sites
	-> Printing at chr: OZ034735.1 pos:1646750 chunknumber 254100 contains 296 sites
	-> Printing at chr: OZ034735.1 pos:1749037 chunknumber 254200 contains 3651 sites
	-> Printing at chr: OZ034735.1 pos:1804748 chunknumber 254300 contains 364 sites
	-> Printing at chr: OZ034735.1 pos:1839585 chunknumber 254400 contains 319 sites
	-> Printing at chr: OZ034735.1 pos:1878727 chunknumber 254500 contains 316 sites
	-> Printing at chr: OZ034735.1 pos:1945789 chunknumber 254600 contains 294 sites
	-> Printing at chr: OZ034735.1 pos:1982578 chunknumber 254700 contains 452 sites
	-> Printing at chr: OZ034735.1 pos:2018303 chunknumber 254800 contains 254 sites
	-> Printing at chr: OZ034735.1 pos:2055705 chunknumber 254900 contains 312 sites
	-> Printing at chr: OZ034735.1 pos:2102265 chunknumber 255000 contains 264 sites
	-> Printing at chr: OZ034735.1 pos:2137418 chunknumber 255100 contains 251 sites
	-> Printing at chr: OZ034735.1 pos:2174969 chunknumber 255200 contains 431 sites
	-> Printing at chr: OZ034735.1 pos:2213740 chunknumber 255300 contains 447 sites
	-> Printing at chr: OZ034735.1 pos:2249645 chunknumber 255400 contains 540 sites
	-> Printing at chr: OZ034735.1 pos:2284074 chunknumber 255500 contains 344 sites
	-> Printing at chr: OZ034735.1 pos:2335012 chunknumber 255600 contains 1003 sites
	-> Printing at chr: OZ034735.1 pos:2373254 chunknumber 255700 contains 476 sites
	-> Printing at chr: OZ034735.1 pos:2414556 chunknumber 255800 contains 350 sites
	-> Printing at chr: OZ034735.1 pos:2451063 chunknumber 255900 contains 426 sites
	-> Printing at chr: OZ034735.1 pos:2486325 chunknumber 256000 contains 543 sites
	-> Printing at chr: OZ034735.1 pos:2523089 chunknumber 256100 contains 288 sites
	-> Printing at chr: OZ034735.1 pos:2561315 chunknumber 256200 contains 345 sites
	-> Printing at chr: OZ034735.1 pos:2599931 chunknumber 256300 contains 320 sites
	-> Printing at chr: OZ034735.1 pos:2639255 chunknumber 256400 contains 253 sites
	-> Printing at chr: OZ034735.1 pos:2679563 chunknumber 256500 contains 542 sites
	-> Printing at chr: OZ034735.1 pos:2721908 chunknumber 256600 contains 319 sites
	-> Printing at chr: OZ034735.1 pos:2773971 chunknumber 256700 contains 276 sites
	-> Printing at chr: OZ034735.1 pos:2810131 chunknumber 256800 contains 340 sites
	-> Printing at chr: OZ034735.1 pos:2850202 chunknumber 256900 contains 431 sites
	-> Printing at chr: OZ034735.1 pos:2886226 chunknumber 257000 contains 436 sites
	-> Printing at chr: OZ034735.1 pos:2921275 chunknumber 257100 contains 356 sites
	-> Printing at chr: OZ034735.1 pos:2963869 chunknumber 257200 contains 347 sites
	-> Printing at chr: OZ034735.1 pos:3027968 chunknumber 257300 contains 251 sites
	-> Printing at chr: OZ034735.1 pos:3062081 chunknumber 257400 contains 356 sites
	-> Printing at chr: OZ034735.1 pos:3097946 chunknumber 257500 contains 476 sites
	-> Printing at chr: OZ034735.1 pos:3140135 chunknumber 257600 contains 453 sites
	-> Printing at chr: OZ034735.1 pos:3175192 chunknumber 257700 contains 471 sites
	-> Printing at chr: OZ034735.1 pos:3214137 chunknumber 257800 contains 266 sites
	-> Printing at chr: OZ034735.1 pos:3246499 chunknumber 257900 contains 255 sites
	-> Printing at chr: OZ034735.1 pos:3307720 chunknumber 258000 contains 528 sites
	-> Printing at chr: OZ034735.1 pos:3352413 chunknumber 258100 contains 251 sites
	-> Printing at chr: OZ034735.1 pos:3387627 chunknumber 258200 contains 315 sites
	-> Printing at chr: OZ034735.1 pos:3426285 chunknumber 258300 contains 389 sites
	-> Printing at chr: OZ034735.1 pos:3464278 chunknumber 258400 contains 407 sites
	-> Printing at chr: OZ034735.1 pos:3499753 chunknumber 258500 contains 323 sites
	-> Printing at chr: OZ034735.1 pos:3535704 chunknumber 258600 contains 530 sites
	-> Printing at chr: OZ034735.1 pos:3569863 chunknumber 258700 contains 554 sites
	-> Printing at chr: OZ034735.1 pos:3605133 chunknumber 258800 contains 442 sites
	-> Printing at chr: OZ034735.1 pos:3641633 chunknumber 258900 contains 293 sites
	-> Printing at chr: OZ034735.1 pos:3696428 chunknumber 259000 contains 599 sites
	-> Printing at chr: OZ034735.1 pos:3733444 chunknumber 259100 contains 708 sites
	-> Printing at chr: OZ034735.1 pos:3771124 chunknumber 259200 contains 310 sites
	-> Printing at chr: OZ034735.1 pos:3805491 chunknumber 259300 contains 376 sites
	-> Printing at chr: OZ034735.1 pos:3862860 chunknumber 259400 contains 902 sites
	-> Printing at chr: OZ034735.1 pos:3900349 chunknumber 259500 contains 253 sites
	-> Printing at chr: OZ034735.1 pos:3935707 chunknumber 259600 contains 460 sites
	-> Printing at chr: OZ034735.1 pos:3971773 chunknumber 259700 contains 251 sites
	-> Printing at chr: OZ034735.1 pos:4020089 chunknumber 259800 contains 329 sites
	-> Printing at chr: OZ034735.1 pos:4056174 chunknumber 259900 contains 487 sites
	-> Printing at chr: OZ034735.1 pos:4097442 chunknumber 260000 contains 390 sites
	-> Printing at chr: OZ034735.1 pos:4137739 chunknumber 260100 contains 348 sites
	-> Printing at chr: OZ034735.1 pos:4173360 chunknumber 260200 contains 256 sites
	-> Printing at chr: OZ034735.1 pos:4208729 chunknumber 260300 contains 368 sites
	-> Printing at chr: OZ034735.1 pos:4243544 chunknumber 260400 contains 267 sites
	-> Printing at chr: OZ034735.1 pos:4278262 chunknumber 260500 contains 262 sites
	-> Printing at chr: OZ034735.1 pos:4394650 chunknumber 260600 contains 5433 sites
	-> Printing at chr: OZ034735.1 pos:4695956 chunknumber 260700 contains 3413 sites
	-> Printing at chr: OZ034735.1 pos:4744820 chunknumber 260800 contains 345 sites
	-> Printing at chr: OZ034735.1 pos:4782278 chunknumber 260900 contains 323 sites
	-> Printing at chr: OZ034735.1 pos:4821221 chunknumber 261000 contains 283 sites
	-> Printing at chr: OZ034735.1 pos:4857253 chunknumber 261100 contains 521 sites
	-> Printing at chr: OZ034735.1 pos:4895400 chunknumber 261200 contains 464 sites
	-> Printing at chr: OZ034735.1 pos:4938021 chunknumber 261300 contains 319 sites
	-> Printing at chr: OZ034735.1 pos:4975226 chunknumber 261400 contains 313 sites
	-> Printing at chr: OZ034735.1 pos:5018077 chunknumber 261500 contains 251 sites
	-> Printing at chr: OZ034735.1 pos:5071458 chunknumber 261600 contains 300 sites
	-> Printing at chr: OZ034735.1 pos:5108144 chunknumber 261700 contains 426 sites
	-> Printing at chr: OZ034735.1 pos:5144317 chunknumber 261800 contains 262 sites
	-> Printing at chr: OZ034735.1 pos:5199960 chunknumber 261900 contains 277 sites
	-> Printing at chr: OZ034735.1 pos:5241897 chunknumber 262000 contains 327 sites
	-> Printing at chr: OZ034735.1 pos:5282872 chunknumber 262100 contains 255 sites
	-> Printing at chr: OZ034735.1 pos:5328083 chunknumber 262200 contains 318 sites
	-> Printing at chr: OZ034735.1 pos:5372727 chunknumber 262300 contains 287 sites
	-> Printing at chr: OZ034735.1 pos:5407784 chunknumber 262400 contains 354 sites
	-> Printing at chr: OZ034735.1 pos:5442359 chunknumber 262500 contains 517 sites
	-> Printing at chr: OZ034735.1 pos:5486174 chunknumber 262600 contains 323 sites
	-> Printing at chr: OZ034735.1 pos:5587798 chunknumber 262700 contains 337 sites
	-> Printing at chr: OZ034735.1 pos:5621976 chunknumber 262800 contains 422 sites
	-> Printing at chr: OZ034735.1 pos:5658322 chunknumber 262900 contains 268 sites
	-> Printing at chr: OZ034735.1 pos:5714712 chunknumber 263000 contains 348 sites
	-> Printing at chr: OZ034735.1 pos:5750436 chunknumber 263100 contains 443 sites
	-> Printing at chr: OZ034735.1 pos:5786963 chunknumber 263200 contains 329 sites
	-> Printing at chr: OZ034735.1 pos:5842839 chunknumber 263300 contains 634 sites
	-> Printing at chr: OZ034735.1 pos:5896707 chunknumber 263400 contains 329 sites
	-> Printing at chr: OZ034735.1 pos:5939049 chunknumber 263500 contains 305 sites
	-> Printing at chr: OZ034735.1 pos:5975712 chunknumber 263600 contains 371 sites
	-> Printing at chr: OZ034735.1 pos:6019797 chunknumber 263700 contains 290 sites
	-> Printing at chr: OZ034735.1 pos:6102498 chunknumber 263800 contains 3028 sites
	-> Printing at chr: OZ034735.1 pos:6165941 chunknumber 263900 contains 406 sites
	-> Printing at chr: OZ034735.1 pos:6202923 chunknumber 264000 contains 253 sites
	-> Printing at chr: OZ034735.1 pos:6247136 chunknumber 264100 contains 255 sites
	-> Printing at chr: OZ034735.1 pos:6288502 chunknumber 264200 contains 316 sites
	-> Printing at chr: OZ034735.1 pos:6322772 chunknumber 264300 contains 474 sites
	-> Printing at chr: OZ034735.1 pos:6357899 chunknumber 264400 contains 445 sites
	-> Printing at chr: OZ034735.1 pos:6440155 chunknumber 264500 contains 298 sites
	-> Printing at chr: OZ034735.1 pos:6474784 chunknumber 264600 contains 415 sites
	-> Printing at chr: OZ034735.1 pos:6510646 chunknumber 264700 contains 368 sites
	-> Printing at chr: OZ034735.1 pos:6544549 chunknumber 264800 contains 434 sites
	-> Printing at chr: OZ034735.1 pos:6587683 chunknumber 264900 contains 447 sites
	-> Printing at chr: OZ034735.1 pos:6631146 chunknumber 265000 contains 348 sites
	-> Printing at chr: OZ034735.1 pos:6667276 chunknumber 265100 contains 478 sites
	-> Printing at chr: OZ034735.1 pos:6703694 chunknumber 265200 contains 419 sites
	-> Printing at chr: OZ034735.1 pos:6758671 chunknumber 265300 contains 279 sites
	-> Printing at chr: OZ034735.1 pos:6795007 chunknumber 265400 contains 277 sites
	-> Printing at chr: OZ034735.1 pos:6858907 chunknumber 265500 contains 427 sites
	-> Printing at chr: OZ034735.1 pos:6895228 chunknumber 265600 contains 306 sites
	-> Printing at chr: OZ034735.1 pos:6929815 chunknumber 265700 contains 434 sites
	-> Printing at chr: OZ034735.1 pos:6966732 chunknumber 265800 contains 304 sites
	-> Printing at chr: OZ034735.1 pos:7005068 chunknumber 265900 contains 255 sites
	-> Printing at chr: OZ034735.1 pos:7050273 chunknumber 266000 contains 361 sites
	-> Printing at chr: OZ034735.1 pos:7094068 chunknumber 266100 contains 252 sites
	-> Printing at chr: OZ034735.1 pos:7133172 chunknumber 266200 contains 331 sites
	-> Printing at chr: OZ034735.1 pos:7213682 chunknumber 266300 contains 255 sites
	-> Printing at chr: OZ034735.1 pos:7321740 chunknumber 266400 contains 252 sites
	-> Printing at chr: OZ034735.1 pos:7394032 chunknumber 266500 contains 1876 sites
	-> Printing at chr: OZ034735.1 pos:7445886 chunknumber 266600 contains 432 sites
	-> Printing at chr: OZ034735.1 pos:7488252 chunknumber 266700 contains 296 sites
	-> Printing at chr: OZ034735.1 pos:7523905 chunknumber 266800 contains 348 sites
	-> Printing at chr: OZ034735.1 pos:7563251 chunknumber 266900 contains 352 sites
	-> Printing at chr: OZ034735.1 pos:7601137 chunknumber 267000 contains 718 sites
	-> Printing at chr: OZ034735.1 pos:7638454 chunknumber 267100 contains 353 sites
	-> Printing at chr: OZ034735.1 pos:7672903 chunknumber 267200 contains 280 sites
	-> Printing at chr: OZ034735.1 pos:7708066 chunknumber 267300 contains 415 sites
	-> Printing at chr: OZ034735.1 pos:7743971 chunknumber 267400 contains 253 sites
	-> Printing at chr: OZ034735.1 pos:7787222 chunknumber 267500 contains 266 sites
	-> Printing at chr: OZ034735.1 pos:7816802 chunknumber 267600 contains 398 sites
	-> Printing at chr: OZ034735.1 pos:7856511 chunknumber 267700 contains 275 sites
	-> Printing at chr: OZ034735.1 pos:7895163 chunknumber 267800 contains 367 sites
	-> Printing at chr: OZ034735.1 pos:7942915 chunknumber 267900 contains 324 sites
	-> Printing at chr: OZ034735.1 pos:7980373 chunknumber 268000 contains 341 sites
	-> Printing at chr: OZ034735.1 pos:8027218 chunknumber 268100 contains 362 sites
	-> Printing at chr: OZ034735.1 pos:8075556 chunknumber 268200 contains 353 sites
	-> Printing at chr: OZ034735.1 pos:8113223 chunknumber 268300 contains 508 sites
	-> Printing at chr: OZ034735.1 pos:8169961 chunknumber 268400 contains 261 sites
	-> Printing at chr: OZ034735.1 pos:8205676 chunknumber 268500 contains 265 sites
	-> Printing at chr: OZ034735.1 pos:8240867 chunknumber 268600 contains 265 sites
	-> Printing at chr: OZ034735.1 pos:8290151 chunknumber 268700 contains 311 sites
	-> Printing at chr: OZ034735.1 pos:8326022 chunknumber 268800 contains 442 sites
	-> Printing at chr: OZ034735.1 pos:8363681 chunknumber 268900 contains 292 sites
	-> Printing at chr: OZ034735.1 pos:8397558 chunknumber 269000 contains 297 sites
	-> Printing at chr: OZ034735.1 pos:8435277 chunknumber 269100 contains 291 sites
	-> Printing at chr: OZ034735.1 pos:8475479 chunknumber 269200 contains 760 sites
	-> Printing at chr: OZ034735.1 pos:8517550 chunknumber 269300 contains 346 sites
	-> Printing at chr: OZ034735.1 pos:8560119 chunknumber 269400 contains 1251 sites
	-> Printing at chr: OZ034735.1 pos:8739123 chunknumber 269500 contains 534 sites
	-> Printing at chr: OZ034735.1 pos:8781784 chunknumber 269600 contains 1533 sites
	-> Printing at chr: OZ034735.1 pos:8822749 chunknumber 269700 contains 388 sites
	-> Printing at chr: OZ034735.1 pos:8859126 chunknumber 269800 contains 354 sites
	-> Printing at chr: OZ034735.1 pos:8892455 chunknumber 269900 contains 402 sites
	-> Printing at chr: OZ034735.1 pos:8928184 chunknumber 270000 contains 376 sites
	-> Printing at chr: OZ034735.1 pos:8964769 chunknumber 270100 contains 420 sites
	-> Printing at chr: OZ034735.1 pos:9030365 chunknumber 270200 contains 417 sites
	-> Printing at chr: OZ034735.1 pos:9107884 chunknumber 270300 contains 623 sites
	-> Printing at chr: OZ034735.1 pos:9158600 chunknumber 270400 contains 260 sites
	-> Printing at chr: OZ034735.1 pos:9458861 chunknumber 270500 contains 478 sites
	-> Printing at chr: OZ034735.1 pos:9493746 chunknumber 270600 contains 255 sites
	-> Printing at chr: OZ034735.1 pos:9529265 chunknumber 270700 contains 404 sites
	-> Printing at chr: OZ034735.1 pos:9564727 chunknumber 270800 contains 500 sites
	-> Printing at chr: OZ034735.1 pos:9609074 chunknumber 270900 contains 344 sites
	-> Printing at chr: OZ034735.1 pos:9667261 chunknumber 271000 contains 292 sites
	-> Printing at chr: OZ034735.1 pos:9791935 chunknumber 271100 contains 462 sites
	-> Printing at chr: OZ034735.1 pos:9911873 chunknumber 271200 contains 420 sites
	-> Printing at chr: OZ034735.1 pos:9997451 chunknumber 271300 contains 474 sites
	-> Printing at chr: OZ034735.1 pos:10069029 chunknumber 271400 contains 376 sites
	-> Printing at chr: OZ034735.1 pos:10110750 chunknumber 271500 contains 334 sites
	-> Printing at chr: OZ034735.1 pos:10146711 chunknumber 271600 contains 316 sites
	-> Printing at chr: OZ034735.1 pos:10185622 chunknumber 271700 contains 266 sites
	-> Printing at chr: OZ034735.1 pos:10223848 chunknumber 271800 contains 328 sites
	-> Printing at chr: OZ034735.1 pos:10261310 chunknumber 271900 contains 251 sites
	-> Printing at chr: OZ034735.1 pos:10295052 chunknumber 272000 contains 252 sites
	-> Printing at chr: OZ034735.1 pos:10328593 chunknumber 272100 contains 325 sites
	-> Printing at chr: OZ034735.1 pos:10397720 chunknumber 272200 contains 1137 sites
	-> Printing at chr: OZ034735.1 pos:10473595 chunknumber 272300 contains 462 sites
	-> Printing at chr: OZ034735.1 pos:10583649 chunknumber 272400 contains 265 sites
	-> Printing at chr: OZ034735.1 pos:10643149 chunknumber 272500 contains 257 sites
	-> Printing at chr: OZ034735.1 pos:10711388 chunknumber 272600 contains 553 sites
	-> Printing at chr: OZ034735.1 pos:10758312 chunknumber 272700 contains 947 sites
	-> Printing at chr: OZ034735.1 pos:10799101 chunknumber 272800 contains 256 sites
	-> Printing at chr: OZ034735.1 pos:10847812 chunknumber 272900 contains 280 sites
	-> Printing at chr: OZ034735.1 pos:10878132 chunknumber 273000 contains 475 sites
	-> Printing at chr: OZ034735.1 pos:10910534 chunknumber 273100 contains 251 sites
	-> Printing at chr: OZ034735.1 pos:10951326 chunknumber 273200 contains 254 sites
	-> Printing at chr: OZ034735.1 pos:10986578 chunknumber 273300 contains 251 sites
	-> Printing at chr: OZ034735.1 pos:11016695 chunknumber 273400 contains 253 sites
	-> Printing at chr: OZ034735.1 pos:11087788 chunknumber 273500 contains 256 sites
	-> Printing at chr: OZ034735.1 pos:11203987 chunknumber 273600 contains 912 sites
	-> Printing at chr: OZ034735.1 pos:11294289 chunknumber 273700 contains 254 sites
	-> Printing at chr: OZ034735.1 pos:11329836 chunknumber 273800 contains 493 sites
	-> Printing at chr: OZ034735.1 pos:11365407 chunknumber 273900 contains 518 sites
	-> Printing at chr: OZ034735.1 pos:11404610 chunknumber 274000 contains 264 sites
	-> Printing at chr: OZ034735.1 pos:11465098 chunknumber 274100 contains 462 sites
	-> Printing at chr: OZ034735.1 pos:11520502 chunknumber 274200 contains 736 sites
	-> Printing at chr: OZ034735.1 pos:11561375 chunknumber 274300 contains 497 sites
	-> Printing at chr: OZ034735.1 pos:11605743 chunknumber 274400 contains 333 sites
	-> Printing at chr: OZ034735.1 pos:11641646 chunknumber 274500 contains 341 sites
	-> Printing at chr: OZ034735.1 pos:11836438 chunknumber 274600 contains 905 sites
	-> Printing at chr: OZ034735.1 pos:12039522 chunknumber 274700 contains 1233 sites
	-> Printing at chr: OZ034735.1 pos:12107373 chunknumber 274800 contains 261 sites
	-> Printing at chr: OZ034735.1 pos:12323585 chunknumber 274900 contains 386 sites
	-> Printing at chr: OZ034735.1 pos:12365328 chunknumber 275000 contains 263 sites
	-> Printing at chr: OZ034735.1 pos:12406727 chunknumber 275100 contains 266 sites
	-> Printing at chr: OZ034735.1 pos:12561729 chunknumber 275200 contains 273 sites
	-> Printing at chr: OZ034735.1 pos:12792310 chunknumber 275300 contains 6273 sites
	-> Printing at chr: OZ034735.1 pos:12898203 chunknumber 275400 contains 258 sites
	-> Printing at chr: OZ034735.1 pos:12937319 chunknumber 275500 contains 338 sites
	-> Printing at chr: OZ034735.1 pos:12987015 chunknumber 275600 contains 259 sites
	-> Printing at chr: OZ034735.1 pos:13017053 chunknumber 275700 contains 255 sites
	-> Printing at chr: OZ034735.1 pos:13209279 chunknumber 275800 contains 8011 sites
	-> Printing at chr: OZ034735.1 pos:13447179 chunknumber 275900 contains 453 sites
	-> Printing at chr: OZ034735.1 pos:13700207 chunknumber 276000 contains 4946 sites
	-> Printing at chr: OZ034735.1 pos:14001979 chunknumber 276100 contains 1470 sites
	-> Printing at chr: OZ034735.1 pos:14261871 chunknumber 276200 contains 251 sites
	-> Printing at chr: OZ034735.1 pos:14405824 chunknumber 276300 contains 286 sites
	-> Printing at chr: OZ034735.1 pos:14458744 chunknumber 276400 contains 1852 sites
	-> Printing at chr: OZ034735.1 pos:14713014 chunknumber 276500 contains 435 sites
	-> Printing at chr: OZ034735.1 pos:14892450 chunknumber 276600 contains 495 sites
	-> Printing at chr: OZ034735.1 pos:15059592 chunknumber 276700 contains 1725 sites
	-> Printing at chr: OZ034735.1 pos:15226510 chunknumber 276800 contains 457 sites
	-> Printing at chr: OZ034735.1 pos:15260295 chunknumber 276900 contains 565 sites
	-> Printing at chr: OZ034735.1 pos:15302539 chunknumber 277000 contains 254 sites
	-> Printing at chr: OZ034735.1 pos:15337048 chunknumber 277100 contains 255 sites
	-> Printing at chr: OZ034735.1 pos:15385676 chunknumber 277200 contains 253 sites
	-> Printing at chr: OZ034735.1 pos:15423181 chunknumber 277300 contains 354 sites
	-> Printing at chr: OZ034735.1 pos:15459186 chunknumber 277400 contains 271 sites
	-> Printing at chr: OZ034735.1 pos:15495523 chunknumber 277500 contains 252 sites
	-> Printing at chr: OZ034735.1 pos:15531217 chunknumber 277600 contains 423 sites
	-> Printing at chr: OZ034735.1 pos:15577055 chunknumber 277700 contains 298 sites
	-> Printing at chr: OZ034735.1 pos:15611808 chunknumber 277800 contains 1305 sites
	-> Printing at chr: OZ034735.1 pos:15657988 chunknumber 277900 contains 486 sites
	-> Printing at chr: OZ034735.1 pos:15696339 chunknumber 278000 contains 257 sites
	-> Printing at chr: OZ034735.1 pos:15790336 chunknumber 278100 contains 609 sites
	-> Printing at chr: OZ034735.1 pos:15951898 chunknumber 278200 contains 332 sites
	-> Printing at chr: OZ034735.1 pos:16031956 chunknumber 278300 contains 946 sites
	-> Printing at chr: OZ034735.1 pos:16068451 chunknumber 278400 contains 551 sites
	-> Printing at chr: OZ034735.1 pos:16109673 chunknumber 278500 contains 307 sites
	-> Printing at chr: OZ034735.1 pos:16138507 chunknumber 278600 contains 261 sites
	-> Printing at chr: OZ034735.1 pos:16209099 chunknumber 278700 contains 796 sites
	-> Printing at chr: OZ034735.1 pos:16347784 chunknumber 278800 contains 385 sites
	-> Printing at chr: OZ034735.1 pos:16455075 chunknumber 278900 contains 296 sites
	-> Printing at chr: OZ034735.1 pos:16519431 chunknumber 279000 contains 518 sites
	-> Printing at chr: OZ034735.1 pos:16557017 chunknumber 279100 contains 257 sites
	-> Printing at chr: OZ034735.1 pos:17093263 chunknumber 279200 contains 1237 sites
	-> Printing at chr: OZ034735.1 pos:18217231 chunknumber 279300 contains 10062 sites
	-> Printing at chr: OZ034735.1 pos:18710449 chunknumber 279400 contains 311 sites
	-> Printing at chr: OZ034735.1 pos:18752221 chunknumber 279500 contains 415 sites
	-> Printing at chr: OZ034735.1 pos:18846861 chunknumber 279600 contains 1404 sites
	-> Printing at chr: OZ034735.1 pos:18940201 chunknumber 279700 contains 251 sites
	-> Printing at chr: OZ034735.1 pos:18983784 chunknumber 279800 contains 253 sites
	-> Printing at chr: OZ034735.1 pos:19145895 chunknumber 279900 contains 544 sites
	-> Printing at chr: OZ034735.1 pos:19211582 chunknumber 280000 contains 421 sites
	-> Printing at chr: OZ034735.1 pos:19251468 chunknumber 280100 contains 404 sites
	-> Printing at chr: OZ034735.1 pos:19290749 chunknumber 280200 contains 458 sites
	-> Printing at chr: OZ034735.1 pos:19330368 chunknumber 280300 contains 353 sites
	-> Printing at chr: OZ034735.1 pos:19368466 chunknumber 280400 contains 371 sites
	-> Printing at chr: OZ034735.1 pos:19405136 chunknumber 280500 contains 339 sites
	-> Printing at chr: OZ034735.1 pos:19445142 chunknumber 280600 contains 351 sites
	-> Printing at chr: OZ034735.1 pos:19480434 chunknumber 280700 contains 401 sites
	-> Printing at chr: OZ034735.1 pos:19517393 chunknumber 280800 contains 342 sites
	-> Printing at chr: OZ034735.1 pos:19577532 chunknumber 280900 contains 308 sites
	-> Printing at chr: OZ034735.1 pos:19641435 chunknumber 281000 contains 325 sites
	-> Printing at chr: OZ034735.1 pos:19674792 chunknumber 281100 contains 358 sites
	-> Printing at chr: OZ034735.1 pos:19719979 chunknumber 281200 contains 257 sites
	-> Printing at chr: OZ034735.1 pos:19781766 chunknumber 281300 contains 312 sites
	-> Printing at chr: OZ034735.1 pos:19814864 chunknumber 281400 contains 298 sites
	-> Printing at chr: OZ034735.1 pos:19852505 chunknumber 281500 contains 450 sites
	-> Printing at chr: OZ034735.1 pos:19891228 chunknumber 281600 contains 252 sites
	-> Printing at chr: OZ034735.1 pos:19985664 chunknumber 281700 contains 253 sites
	-> Printing at chr: OZ034735.1 pos:20032593 chunknumber 281800 contains 253 sites
	-> Printing at chr: OZ034735.1 pos:20073037 chunknumber 281900 contains 686 sites
	-> Printing at chr: OZ034735.1 pos:20172302 chunknumber 282000 contains 2037 sites
	-> Printing at chr: OZ034735.1 pos:20208712 chunknumber 282100 contains 271 sites
	-> Printing at chr: OZ034735.1 pos:20251124 chunknumber 282200 contains 419 sites
	-> Printing at chr: OZ034735.1 pos:20313517 chunknumber 282300 contains 252 sites
	-> Printing at chr: OZ034735.1 pos:20353909 chunknumber 282400 contains 253 sites
	-> Printing at chr: OZ034735.1 pos:20424378 chunknumber 282500 contains 318 sites
	-> Printing at chr: OZ034735.1 pos:20475792 chunknumber 282600 contains 295 sites
	-> Printing at chr: OZ034735.1 pos:20513204 chunknumber 282700 contains 618 sites
	-> Printing at chr: OZ034735.1 pos:20583433 chunknumber 282800 contains 696 sites
	-> Printing at chr: OZ034735.1 pos:20621087 chunknumber 282900 contains 307 sites
	-> Printing at chr: OZ034735.1 pos:20659625 chunknumber 283000 contains 307 sites
	-> Printing at chr: OZ034735.1 pos:20693559 chunknumber 283100 contains 337 sites
	-> Printing at chr: OZ034735.1 pos:20728236 chunknumber 283200 contains 326 sites
	-> Printing at chr: OZ034735.1 pos:20776551 chunknumber 283300 contains 253 sites
	-> Printing at chr: OZ034735.1 pos:20863834 chunknumber 283400 contains 252 sites
	-> Printing at chr: OZ034735.1 pos:20917964 chunknumber 283500 contains 467 sites
	-> Printing at chr: OZ034735.1 pos:20950694 chunknumber 283600 contains 263 sites
	-> Printing at chr: OZ034735.1 pos:20986370 chunknumber 283700 contains 310 sites
	-> Printing at chr: OZ034735.1 pos:21026160 chunknumber 283800 contains 347 sites
	-> Printing at chr: OZ034735.1 pos:21061861 chunknumber 283900 contains 383 sites
	-> Printing at chr: OZ034735.1 pos:21146536 chunknumber 284000 contains 1501 sites
	-> Printing at chr: OZ034735.1 pos:21237714 chunknumber 284100 contains 253 sites
	-> Printing at chr: OZ034735.1 pos:21312586 chunknumber 284200 contains 377 sites
	-> Printing at chr: OZ034735.1 pos:21378995 chunknumber 284300 contains 252 sites
	-> Printing at chr: OZ034735.1 pos:21503155 chunknumber 284400 contains 566 sites
	-> Printing at chr: OZ034735.1 pos:21566003 chunknumber 284500 contains 258 sites
	-> Printing at chr: OZ034735.1 pos:21596491 chunknumber 284600 contains 262 sites
	-> Printing at chr: OZ034735.1 pos:21684183 chunknumber 284700 contains 283 sites
	-> Printing at chr: OZ034735.1 pos:21805099 chunknumber 284800 contains 252 sites
	-> Printing at chr: OZ034735.1 pos:21845474 chunknumber 284900 contains 274 sites
	-> Printing at chr: OZ034735.1 pos:21884668 chunknumber 285000 contains 337 sites
	-> Printing at chr: OZ034735.1 pos:21918016 chunknumber 285100 contains 326 sites
	-> Printing at chr: OZ034735.1 pos:21960980 chunknumber 285200 contains 307 sites
	-> Printing at chr: OZ034735.1 pos:21999271 chunknumber 285300 contains 251 sites
	-> Printing at chr: OZ034735.1 pos:22041764 chunknumber 285400 contains 4062 sites
	-> Printing at chr: OZ034735.1 pos:22080891 chunknumber 285500 contains 286 sites
	-> Printing at chr: OZ034735.1 pos:22117540 chunknumber 285600 contains 386 sites
	-> Printing at chr: OZ034735.1 pos:22151533 chunknumber 285700 contains 431 sites
	-> Printing at chr: OZ034735.1 pos:22189181 chunknumber 285800 contains 303 sites
	-> Printing at chr: OZ034735.1 pos:22245864 chunknumber 285900 contains 1042 sites
	-> Printing at chr: OZ034735.1 pos:22479596 chunknumber 286000 contains 7959 sites
	-> Printing at chr: OZ034735.1 pos:22681320 chunknumber 286100 contains 289 sites
	-> Printing at chr: OZ034735.1 pos:22720305 chunknumber 286200 contains 262 sites
	-> Printing at chr: OZ034735.1 pos:22838722 chunknumber 286300 contains 2877 sites
	-> Printing at chr: OZ034735.1 pos:23164690 chunknumber 286400 contains 3865 sites
	-> Printing at chr: OZ034735.1 pos:23422263 chunknumber 286500 contains 3151 sites
	-> Printing at chr: OZ034735.1 pos:23643978 chunknumber 286600 contains 3764 sites
	-> Printing at chr: OZ034735.1 pos:23719720 chunknumber 286700 contains 389 sites
	-> Printing at chr: OZ034735.1 pos:23758909 chunknumber 286800 contains 336 sites
	-> Printing at chr: OZ034735.1 pos:23794936 chunknumber 286900 contains 362 sites
	-> Printing at chr: OZ034735.1 pos:23832653 chunknumber 287000 contains 370 sites
	-> Printing at chr: OZ034735.1 pos:23881668 chunknumber 287100 contains 308 sites
	-> Printing at chr: OZ034735.1 pos:23916870 chunknumber 287200 contains 284 sites
	-> Printing at chr: OZ034735.1 pos:23955871 chunknumber 287300 contains 252 sites
	-> Printing at chr: OZ034735.1 pos:24007737 chunknumber 287400 contains 566 sites
	-> Printing at chr: OZ034735.1 pos:24044926 chunknumber 287500 contains 537 sites
	-> Printing at chr: OZ034735.1 pos:24082404 chunknumber 287600 contains 252 sites
	-> Printing at chr: OZ034735.1 pos:24119641 chunknumber 287700 contains 379 sites
	-> Printing at chr: OZ034735.1 pos:24228025 chunknumber 287800 contains 657 sites
	-> Printing at chr: OZ034735.1 pos:24271734 chunknumber 287900 contains 255 sites
	-> Printing at chr: OZ034735.1 pos:24306676 chunknumber 288000 contains 343 sites
	-> Printing at chr: OZ034735.1 pos:24342581 chunknumber 288100 contains 286 sites
	-> Region lookup 6/142
	-> Printing at chr: OZ034736.1 pos:994 chunknumber 288200 contains 276 sites
	-> Printing at chr: OZ034736.1 pos:37648 chunknumber 288300 contains 319 sites
	-> Printing at chr: OZ034736.1 pos:140688 chunknumber 288400 contains 319 sites
	-> Printing at chr: OZ034736.1 pos:177160 chunknumber 288500 contains 346 sites
	-> Printing at chr: OZ034736.1 pos:212826 chunknumber 288600 contains 257 sites
	-> Printing at chr: OZ034736.1 pos:247149 chunknumber 288700 contains 353 sites
	-> Printing at chr: OZ034736.1 pos:286812 chunknumber 288800 contains 284 sites
	-> Printing at chr: OZ034736.1 pos:320209 chunknumber 288900 contains 469 sites
	-> Printing at chr: OZ034736.1 pos:356338 chunknumber 289000 contains 260 sites
	-> Printing at chr: OZ034736.1 pos:403789 chunknumber 289100 contains 337 sites
	-> Printing at chr: OZ034736.1 pos:441273 chunknumber 289200 contains 329 sites
	-> Printing at chr: OZ034736.1 pos:483296 chunknumber 289300 contains 363 sites
	-> Printing at chr: OZ034736.1 pos:518852 chunknumber 289400 contains 290 sites
	-> Printing at chr: OZ034736.1 pos:563803 chunknumber 289500 contains 447 sites
	-> Printing at chr: OZ034736.1 pos:600274 chunknumber 289600 contains 253 sites
	-> Printing at chr: OZ034736.1 pos:635136 chunknumber 289700 contains 251 sites
	-> Printing at chr: OZ034736.1 pos:682801 chunknumber 289800 contains 251 sites
	-> Printing at chr: OZ034736.1 pos:762387 chunknumber 289900 contains 375 sites
	-> Printing at chr: OZ034736.1 pos:798151 chunknumber 290000 contains 359 sites
	-> Printing at chr: OZ034736.1 pos:831629 chunknumber 290100 contains 251 sites
	-> Printing at chr: OZ034736.1 pos:867439 chunknumber 290200 contains 330 sites
	-> Printing at chr: OZ034736.1 pos:914506 chunknumber 290300 contains 645 sites
	-> Printing at chr: OZ034736.1 pos:960772 chunknumber 290400 contains 291 sites
	-> Printing at chr: OZ034736.1 pos:995588 chunknumber 290500 contains 434 sites
	-> Printing at chr: OZ034736.1 pos:1032413 chunknumber 290600 contains 506 sites
	-> Printing at chr: OZ034736.1 pos:1067406 chunknumber 290700 contains 269 sites
	-> Printing at chr: OZ034736.1 pos:1104592 chunknumber 290800 contains 364 sites
	-> Printing at chr: OZ034736.1 pos:1139638 chunknumber 290900 contains 337 sites
	-> Printing at chr: OZ034736.1 pos:1175321 chunknumber 291000 contains 421 sites
	-> Printing at chr: OZ034736.1 pos:1210585 chunknumber 291100 contains 415 sites
	-> Printing at chr: OZ034736.1 pos:1255211 chunknumber 291200 contains 581 sites
	-> Printing at chr: OZ034736.1 pos:1367569 chunknumber 291300 contains 488 sites
	-> Printing at chr: OZ034736.1 pos:1404728 chunknumber 291400 contains 252 sites
	-> Printing at chr: OZ034736.1 pos:1443928 chunknumber 291500 contains 463 sites
	-> Printing at chr: OZ034736.1 pos:1479526 chunknumber 291600 contains 380 sites
	-> Printing at chr: OZ034736.1 pos:1516584 chunknumber 291700 contains 363 sites
	-> Printing at chr: OZ034736.1 pos:1555271 chunknumber 291800 contains 1236 sites
	-> Printing at chr: OZ034736.1 pos:1689036 chunknumber 291900 contains 363 sites
	-> Printing at chr: OZ034736.1 pos:1721715 chunknumber 292000 contains 675 sites
	-> Printing at chr: OZ034736.1 pos:1755836 chunknumber 292100 contains 256 sites
	-> Printing at chr: OZ034736.1 pos:1791590 chunknumber 292200 contains 415 sites
	-> Printing at chr: OZ034736.1 pos:1825555 chunknumber 292300 contains 678 sites
	-> Printing at chr: OZ034736.1 pos:1865796 chunknumber 292400 contains 252 sites
	-> Printing at chr: OZ034736.1 pos:1903392 chunknumber 292500 contains 254 sites
	-> Printing at chr: OZ034736.1 pos:1943651 chunknumber 292600 contains 251 sites
	-> Printing at chr: OZ034736.1 pos:1977661 chunknumber 292700 contains 403 sites
	-> Printing at chr: OZ034736.1 pos:2032251 chunknumber 292800 contains 445 sites
	-> Printing at chr: OZ034736.1 pos:2071682 chunknumber 292900 contains 393 sites
	-> Printing at chr: OZ034736.1 pos:2120215 chunknumber 293000 contains 340 sites
	-> Printing at chr: OZ034736.1 pos:2161992 chunknumber 293100 contains 255 sites
	-> Printing at chr: OZ034736.1 pos:2197017 chunknumber 293200 contains 256 sites
	-> Printing at chr: OZ034736.1 pos:2233509 chunknumber 293300 contains 385 sites
	-> Printing at chr: OZ034736.1 pos:2272549 chunknumber 293400 contains 251 sites
	-> Printing at chr: OZ034736.1 pos:2310903 chunknumber 293500 contains 281 sites
	-> Printing at chr: OZ034736.1 pos:2378637 chunknumber 293600 contains 254 sites
	-> Printing at chr: OZ034736.1 pos:2422142 chunknumber 293700 contains 659 sites
	-> Printing at chr: OZ034736.1 pos:2468123 chunknumber 293800 contains 442 sites
	-> Printing at chr: OZ034736.1 pos:2505667 chunknumber 293900 contains 288 sites
	-> Printing at chr: OZ034736.1 pos:2569980 chunknumber 294000 contains 326 sites
	-> Printing at chr: OZ034736.1 pos:2609452 chunknumber 294100 contains 376 sites
	-> Printing at chr: OZ034736.1 pos:2659780 chunknumber 294200 contains 327 sites
	-> Printing at chr: OZ034736.1 pos:2699850 chunknumber 294300 contains 275 sites
	-> Printing at chr: OZ034736.1 pos:2737800 chunknumber 294400 contains 398 sites
	-> Printing at chr: OZ034736.1 pos:2774018 chunknumber 294500 contains 297 sites
	-> Printing at chr: OZ034736.1 pos:2811348 chunknumber 294600 contains 333 sites
	-> Printing at chr: OZ034736.1 pos:2859570 chunknumber 294700 contains 393 sites
	-> Printing at chr: OZ034736.1 pos:2940765 chunknumber 294800 contains 276 sites
	-> Printing at chr: OZ034736.1 pos:2976609 chunknumber 294900 contains 278 sites
	-> Printing at chr: OZ034736.1 pos:3015755 chunknumber 295000 contains 437 sites
	-> Printing at chr: OZ034736.1 pos:3050891 chunknumber 295100 contains 272 sites
	-> Printing at chr: OZ034736.1 pos:3089584 chunknumber 295200 contains 251 sites
	-> Printing at chr: OZ034736.1 pos:3122887 chunknumber 295300 contains 310 sites
	-> Printing at chr: OZ034736.1 pos:3159840 chunknumber 295400 contains 410 sites
	-> Printing at chr: OZ034736.1 pos:3197414 chunknumber 295500 contains 266 sites
	-> Printing at chr: OZ034736.1 pos:3232425 chunknumber 295600 contains 443 sites
	-> Printing at chr: OZ034736.1 pos:3271445 chunknumber 295700 contains 259 sites
	-> Printing at chr: OZ034736.1 pos:3357976 chunknumber 295800 contains 255 sites
	-> Printing at chr: OZ034736.1 pos:3407755 chunknumber 295900 contains 323 sites
	-> Printing at chr: OZ034736.1 pos:3584094 chunknumber 296000 contains 265 sites
	-> Printing at chr: OZ034736.1 pos:3665261 chunknumber 296100 contains 259 sites
	-> Printing at chr: OZ034736.1 pos:3727681 chunknumber 296200 contains 304 sites
	-> Printing at chr: OZ034736.1 pos:3827192 chunknumber 296300 contains 403 sites
	-> Printing at chr: OZ034736.1 pos:3884008 chunknumber 296400 contains 266 sites
	-> Printing at chr: OZ034736.1 pos:3940408 chunknumber 296500 contains 492 sites
	-> Printing at chr: OZ034736.1 pos:3977666 chunknumber 296600 contains 280 sites
	-> Printing at chr: OZ034736.1 pos:4012051 chunknumber 296700 contains 437 sites
	-> Printing at chr: OZ034736.1 pos:4049084 chunknumber 296800 contains 579 sites
	-> Printing at chr: OZ034736.1 pos:4083986 chunknumber 296900 contains 253 sites
	-> Printing at chr: OZ034736.1 pos:4110130 chunknumber 297000 contains 252 sites
	-> Printing at chr: OZ034736.1 pos:4144004 chunknumber 297100 contains 345 sites
	-> Printing at chr: OZ034736.1 pos:4187915 chunknumber 297200 contains 366 sites
	-> Printing at chr: OZ034736.1 pos:4232569 chunknumber 297300 contains 271 sites
	-> Printing at chr: OZ034736.1 pos:4262057 chunknumber 297400 contains 254 sites
	-> Printing at chr: OZ034736.1 pos:4294314 chunknumber 297500 contains 448 sites
	-> Printing at chr: OZ034736.1 pos:4337228 chunknumber 297600 contains 255 sites
	-> Printing at chr: OZ034736.1 pos:4371525 chunknumber 297700 contains 251 sites
	-> Printing at chr: OZ034736.1 pos:4407259 chunknumber 297800 contains 361 sites
	-> Printing at chr: OZ034736.1 pos:4455615 chunknumber 297900 contains 402 sites
	-> Printing at chr: OZ034736.1 pos:4499447 chunknumber 298000 contains 519 sites
	-> Printing at chr: OZ034736.1 pos:4533874 chunknumber 298100 contains 330 sites
	-> Printing at chr: OZ034736.1 pos:4572489 chunknumber 298200 contains 301 sites
	-> Printing at chr: OZ034736.1 pos:4636938 chunknumber 298300 contains 252 sites
	-> Printing at chr: OZ034736.1 pos:4674373 chunknumber 298400 contains 251 sites
	-> Printing at chr: OZ034736.1 pos:4710029 chunknumber 298500 contains 485 sites
	-> Printing at chr: OZ034736.1 pos:4745178 chunknumber 298600 contains 466 sites
	-> Printing at chr: OZ034736.1 pos:4778326 chunknumber 298700 contains 395 sites
	-> Printing at chr: OZ034736.1 pos:4813279 chunknumber 298800 contains 262 sites
	-> Printing at chr: OZ034736.1 pos:4857631 chunknumber 298900 contains 255 sites
	-> Printing at chr: OZ034736.1 pos:4923461 chunknumber 299000 contains 1719 sites
	-> Printing at chr: OZ034736.1 pos:4983059 chunknumber 299100 contains 311 sites
	-> Printing at chr: OZ034736.1 pos:5015728 chunknumber 299200 contains 436 sites
	-> Printing at chr: OZ034736.1 pos:5049868 chunknumber 299300 contains 708 sites
	-> Printing at chr: OZ034736.1 pos:5105009 chunknumber 299400 contains 839 sites
	-> Printing at chr: OZ034736.1 pos:5202687 chunknumber 299500 contains 327 sites
	-> Printing at chr: OZ034736.1 pos:5242820 chunknumber 299600 contains 303 sites
	-> Printing at chr: OZ034736.1 pos:5278783 chunknumber 299700 contains 391 sites
	-> Printing at chr: OZ034736.1 pos:5315870 chunknumber 299800 contains 313 sites
	-> Printing at chr: OZ034736.1 pos:5348697 chunknumber 299900 contains 302 sites
	-> Printing at chr: OZ034736.1 pos:5475307 chunknumber 300000 contains 273 sites
	-> Printing at chr: OZ034736.1 pos:5532882 chunknumber 300100 contains 327 sites
	-> Printing at chr: OZ034736.1 pos:5762745 chunknumber 300200 contains 14598 sites
	-> Printing at chr: OZ034736.1 pos:5838180 chunknumber 300300 contains 280 sites
	-> Printing at chr: OZ034736.1 pos:5876781 chunknumber 300400 contains 295 sites
	-> Printing at chr: OZ034736.1 pos:5947288 chunknumber 300500 contains 3253 sites
	-> Printing at chr: OZ034736.1 pos:6017891 chunknumber 300600 contains 326 sites
	-> Printing at chr: OZ034736.1 pos:6054133 chunknumber 300700 contains 281 sites
	-> Printing at chr: OZ034736.1 pos:6093748 chunknumber 300800 contains 330 sites
	-> Printing at chr: OZ034736.1 pos:6150169 chunknumber 300900 contains 396 sites
	-> Printing at chr: OZ034736.1 pos:6182574 chunknumber 301000 contains 251 sites
	-> Printing at chr: OZ034736.1 pos:6211497 chunknumber 301100 contains 358 sites
	-> Printing at chr: OZ034736.1 pos:6243826 chunknumber 301200 contains 283 sites
	-> Printing at chr: OZ034736.1 pos:6289918 chunknumber 301300 contains 361 sites
	-> Printing at chr: OZ034736.1 pos:6325704 chunknumber 301400 contains 394 sites
	-> Printing at chr: OZ034736.1 pos:6362183 chunknumber 301500 contains 251 sites
	-> Printing at chr: OZ034736.1 pos:6399350 chunknumber 301600 contains 401 sites
	-> Printing at chr: OZ034736.1 pos:6435298 chunknumber 301700 contains 381 sites
	-> Printing at chr: OZ034736.1 pos:6468208 chunknumber 301800 contains 336 sites
	-> Printing at chr: OZ034736.1 pos:6516877 chunknumber 301900 contains 332 sites
	-> Printing at chr: OZ034736.1 pos:6552394 chunknumber 302000 contains 395 sites
	-> Printing at chr: OZ034736.1 pos:6593872 chunknumber 302100 contains 302 sites
	-> Printing at chr: OZ034736.1 pos:6626514 chunknumber 302200 contains 318 sites
	-> Printing at chr: OZ034736.1 pos:6684299 chunknumber 302300 contains 437 sites
	-> Printing at chr: OZ034736.1 pos:6915340 chunknumber 302400 contains 1452 sites
	-> Printing at chr: OZ034736.1 pos:6970626 chunknumber 302500 contains 269 sites
	-> Printing at chr: OZ034736.1 pos:7020651 chunknumber 302600 contains 310 sites
	-> Printing at chr: OZ034736.1 pos:7070210 chunknumber 302700 contains 276 sites
	-> Printing at chr: OZ034736.1 pos:7120416 chunknumber 302800 contains 407 sites
	-> Printing at chr: OZ034736.1 pos:7165219 chunknumber 302900 contains 414 sites
	-> Printing at chr: OZ034736.1 pos:7201560 chunknumber 303000 contains 253 sites
	-> Printing at chr: OZ034736.1 pos:7238697 chunknumber 303100 contains 326 sites
	-> Printing at chr: OZ034736.1 pos:7273414 chunknumber 303200 contains 435 sites
	-> Printing at chr: OZ034736.1 pos:7307761 chunknumber 303300 contains 584 sites
	-> Printing at chr: OZ034736.1 pos:7343049 chunknumber 303400 contains 444 sites
	-> Printing at chr: OZ034736.1 pos:7403742 chunknumber 303500 contains 308 sites
	-> Printing at chr: OZ034736.1 pos:7456881 chunknumber 303600 contains 463 sites
	-> Printing at chr: OZ034736.1 pos:7502456 chunknumber 303700 contains 625 sites
	-> Printing at chr: OZ034736.1 pos:7541881 chunknumber 303800 contains 386 sites
	-> Printing at chr: OZ034736.1 pos:7578335 chunknumber 303900 contains 378 sites
	-> Printing at chr: OZ034736.1 pos:7642032 chunknumber 304000 contains 255 sites
	-> Printing at chr: OZ034736.1 pos:7680230 chunknumber 304100 contains 413 sites
	-> Printing at chr: OZ034736.1 pos:7714663 chunknumber 304200 contains 268 sites
	-> Printing at chr: OZ034736.1 pos:7751793 chunknumber 304300 contains 363 sites
	-> Printing at chr: OZ034736.1 pos:7787775 chunknumber 304400 contains 291 sites
	-> Printing at chr: OZ034736.1 pos:7822178 chunknumber 304500 contains 316 sites
	-> Printing at chr: OZ034736.1 pos:7855679 chunknumber 304600 contains 251 sites
	-> Printing at chr: OZ034736.1 pos:7896349 chunknumber 304700 contains 258 sites
	-> Printing at chr: OZ034736.1 pos:7937588 chunknumber 304800 contains 1692 sites
	-> Printing at chr: OZ034736.1 pos:7986162 chunknumber 304900 contains 317 sites
	-> Printing at chr: OZ034736.1 pos:8026596 chunknumber 305000 contains 441 sites
	-> Printing at chr: OZ034736.1 pos:8161381 chunknumber 305100 contains 1087 sites
	-> Printing at chr: OZ034736.1 pos:8200863 chunknumber 305200 contains 326 sites
	-> Printing at chr: OZ034736.1 pos:8245697 chunknumber 305300 contains 267 sites
	-> Printing at chr: OZ034736.1 pos:8316968 chunknumber 305400 contains 971 sites
	-> Printing at chr: OZ034736.1 pos:8480358 chunknumber 305500 contains 3040 sites
	-> Printing at chr: OZ034736.1 pos:8837840 chunknumber 305600 contains 539 sites
	-> Printing at chr: OZ034736.1 pos:9089120 chunknumber 305700 contains 363 sites
	-> Printing at chr: OZ034736.1 pos:9130619 chunknumber 305800 contains 317 sites
	-> Printing at chr: OZ034736.1 pos:9168201 chunknumber 305900 contains 254 sites
	-> Printing at chr: OZ034736.1 pos:9204325 chunknumber 306000 contains 253 sites
	-> Printing at chr: OZ034736.1 pos:9242783 chunknumber 306100 contains 276 sites
	-> Printing at chr: OZ034736.1 pos:9280505 chunknumber 306200 contains 278 sites
	-> Printing at chr: OZ034736.1 pos:9317775 chunknumber 306300 contains 295 sites
	-> Printing at chr: OZ034736.1 pos:9369203 chunknumber 306400 contains 252 sites
	-> Printing at chr: OZ034736.1 pos:9425793 chunknumber 306500 contains 265 sites
	-> Printing at chr: OZ034736.1 pos:9468334 chunknumber 306600 contains 256 sites
	-> Printing at chr: OZ034736.1 pos:9507889 chunknumber 306700 contains 422 sites
	-> Printing at chr: OZ034736.1 pos:9545280 chunknumber 306800 contains 427 sites
	-> Printing at chr: OZ034736.1 pos:9585444 chunknumber 306900 contains 321 sites
	-> Printing at chr: OZ034736.1 pos:9620719 chunknumber 307000 contains 469 sites
	-> Printing at chr: OZ034736.1 pos:9657905 chunknumber 307100 contains 278 sites
	-> Printing at chr: OZ034736.1 pos:9693232 chunknumber 307200 contains 256 sites
	-> Printing at chr: OZ034736.1 pos:9731621 chunknumber 307300 contains 533 sites
	-> Printing at chr: OZ034736.1 pos:9769943 chunknumber 307400 contains 495 sites
	-> Printing at chr: OZ034736.1 pos:9805045 chunknumber 307500 contains 304 sites
	-> Printing at chr: OZ034736.1 pos:9843693 chunknumber 307600 contains 404 sites
	-> Printing at chr: OZ034736.1 pos:9882711 chunknumber 307700 contains 281 sites
	-> Printing at chr: OZ034736.1 pos:9933861 chunknumber 307800 contains 629 sites
	-> Printing at chr: OZ034736.1 pos:9992587 chunknumber 307900 contains 450 sites
	-> Printing at chr: OZ034736.1 pos:10049639 chunknumber 308000 contains 460 sites
	-> Printing at chr: OZ034736.1 pos:10137173 chunknumber 308100 contains 363 sites

	-> Allocated ~ 330 million nodes to the nodepool, this is not an estimate of the memory usage

	-> Allocated ~ 340 million nodes to the nodepool, this is not an estimate of the memory usage

	-> Allocated ~ 350 million nodes to the nodepool, this is not an estimate of the memory usage

	-> Allocated ~ 360 million nodes to the nodepool, this is not an estimate of the memory usage

	-> Allocated ~ 370 million nodes to the nodepool, this is not an estimate of the memory usage

	-> Allocated ~ 380 million nodes to the nodepool, this is not an estimate of the memory usage

	-> Allocated ~ 390 million nodes to the nodepool, this is not an estimate of the memory usage

	-> Allocated ~ 400 million nodes to the nodepool, this is not an estimate of the memory usage
	-> Printing at chr: OZ034736.1 pos:10354819 chunknumber 308200 contains 313 sites
	-> Printing at chr: OZ034736.1 pos:10392476 chunknumber 308300 contains 334 sites
	-> Printing at chr: OZ034736.1 pos:10439503 chunknumber 308400 contains 1043 sites
	-> Printing at chr: OZ034736.1 pos:10483497 chunknumber 308500 contains 251 sites
	-> Printing at chr: OZ034736.1 pos:10520947 chunknumber 308600 contains 756 sites
	-> Printing at chr: OZ034736.1 pos:10559791 chunknumber 308700 contains 340 sites
	-> Printing at chr: OZ034736.1 pos:10631476 chunknumber 308800 contains 254 sites
	-> Printing at chr: OZ034736.1 pos:10666571 chunknumber 308900 contains 373 sites
	-> Printing at chr: OZ034736.1 pos:10743301 chunknumber 309000 contains 383 sites
	-> Printing at chr: OZ034736.1 pos:10782248 chunknumber 309100 contains 326 sites
	-> Printing at chr: OZ034736.1 pos:10828238 chunknumber 309200 contains 286 sites
	-> Printing at chr: OZ034736.1 pos:10871170 chunknumber 309300 contains 261 sites
	-> Printing at chr: OZ034736.1 pos:10918176 chunknumber 309400 contains 487 sites
	-> Printing at chr: OZ034736.1 pos:10973911 chunknumber 309500 contains 251 sites
	-> Printing at chr: OZ034736.1 pos:11008681 chunknumber 309600 contains 559 sites
	-> Printing at chr: OZ034736.1 pos:11048622 chunknumber 309700 contains 251 sites
	-> Printing at chr: OZ034736.1 pos:11094870 chunknumber 309800 contains 1107 sites
	-> Printing at chr: OZ034736.1 pos:11135270 chunknumber 309900 contains 400 sites
	-> Printing at chr: OZ034736.1 pos:11173983 chunknumber 310000 contains 259 sites
	-> Printing at chr: OZ034736.1 pos:11241071 chunknumber 310100 contains 444 sites
	-> Printing at chr: OZ034736.1 pos:11306964 chunknumber 310200 contains 350 sites
	-> Printing at chr: OZ034736.1 pos:11336956 chunknumber 310300 contains 251 sites
	-> Printing at chr: OZ034736.1 pos:11372741 chunknumber 310400 contains 985 sites
	-> Printing at chr: OZ034736.1 pos:11415451 chunknumber 310500 contains 275 sites
	-> Printing at chr: OZ034736.1 pos:11453180 chunknumber 310600 contains 431 sites
	-> Printing at chr: OZ034736.1 pos:11497228 chunknumber 310700 contains 318 sites
	-> Printing at chr: OZ034736.1 pos:11544084 chunknumber 310800 contains 443 sites
	-> Printing at chr: OZ034736.1 pos:11580209 chunknumber 310900 contains 328 sites
	-> Printing at chr: OZ034736.1 pos:11615922 chunknumber 311000 contains 366 sites
	-> Printing at chr: OZ034736.1 pos:11650235 chunknumber 311100 contains 302 sites
	-> Printing at chr: OZ034736.1 pos:11759083 chunknumber 311200 contains 714 sites
	-> Printing at chr: OZ034736.1 pos:11808233 chunknumber 311300 contains 254 sites
	-> Printing at chr: OZ034736.1 pos:11853078 chunknumber 311400 contains 666 sites
	-> Printing at chr: OZ034736.1 pos:11902758 chunknumber 311500 contains 329 sites
	-> Printing at chr: OZ034736.1 pos:11938121 chunknumber 311600 contains 433 sites
	-> Printing at chr: OZ034736.1 pos:11971753 chunknumber 311700 contains 378 sites
	-> Printing at chr: OZ034736.1 pos:12003711 chunknumber 311800 contains 492 sites
	-> Printing at chr: OZ034736.1 pos:12052284 chunknumber 311900 contains 455 sites
	-> Printing at chr: OZ034736.1 pos:12088218 chunknumber 312000 contains 365 sites
	-> Printing at chr: OZ034736.1 pos:12123419 chunknumber 312100 contains 346 sites
	-> Printing at chr: OZ034736.1 pos:12169089 chunknumber 312200 contains 438 sites
	-> Printing at chr: OZ034736.1 pos:12205724 chunknumber 312300 contains 252 sites
	-> Printing at chr: OZ034736.1 pos:12244562 chunknumber 312400 contains 261 sites
	-> Printing at chr: OZ034736.1 pos:12292379 chunknumber 312500 contains 446 sites
	-> Printing at chr: OZ034736.1 pos:12324751 chunknumber 312600 contains 348 sites
	-> Printing at chr: OZ034736.1 pos:12364066 chunknumber 312700 contains 251 sites
	-> Printing at chr: OZ034736.1 pos:12411531 chunknumber 312800 contains 438 sites
	-> Printing at chr: OZ034736.1 pos:12443566 chunknumber 312900 contains 457 sites
	-> Printing at chr: OZ034736.1 pos:12479359 chunknumber 313000 contains 354 sites
	-> Printing at chr: OZ034736.1 pos:12521112 chunknumber 313100 contains 379 sites
	-> Printing at chr: OZ034736.1 pos:12563726 chunknumber 313200 contains 370 sites
	-> Printing at chr: OZ034736.1 pos:12598314 chunknumber 313300 contains 390 sites
	-> Printing at chr: OZ034736.1 pos:12662053 chunknumber 313400 contains 338 sites
	-> Printing at chr: OZ034736.1 pos:12703609 chunknumber 313500 contains 351 sites
	-> Printing at chr: OZ034736.1 pos:12743359 chunknumber 313600 contains 254 sites
	-> Printing at chr: OZ034736.1 pos:12801623 chunknumber 313700 contains 459 sites
	-> Printing at chr: OZ034736.1 pos:12871016 chunknumber 313800 contains 252 sites
	-> Printing at chr: OZ034736.1 pos:12955682 chunknumber 313900 contains 263 sites
	-> Printing at chr: OZ034736.1 pos:13066676 chunknumber 314000 contains 280 sites
	-> Printing at chr: OZ034736.1 pos:13148891 chunknumber 314100 contains 354 sites
	-> Printing at chr: OZ034736.1 pos:13211393 chunknumber 314200 contains 372 sites
	-> Printing at chr: OZ034736.1 pos:13244732 chunknumber 314300 contains 387 sites
	-> Printing at chr: OZ034736.1 pos:13278984 chunknumber 314400 contains 252 sites
	-> Printing at chr: OZ034736.1 pos:13314680 chunknumber 314500 contains 340 sites
	-> Printing at chr: OZ034736.1 pos:13349725 chunknumber 314600 contains 360 sites
	-> Printing at chr: OZ034736.1 pos:13387473 chunknumber 314700 contains 406 sites
	-> Printing at chr: OZ034736.1 pos:13428362 chunknumber 314800 contains 334 sites
	-> Printing at chr: OZ034736.1 pos:13476788 chunknumber 314900 contains 659 sites
	-> Printing at chr: OZ034736.1 pos:13515291 chunknumber 315000 contains 304 sites
	-> Printing at chr: OZ034736.1 pos:13562134 chunknumber 315100 contains 522 sites
	-> Printing at chr: OZ034736.1 pos:13599264 chunknumber 315200 contains 414 sites
	-> Printing at chr: OZ034736.1 pos:13644110 chunknumber 315300 contains 253 sites
	-> Printing at chr: OZ034736.1 pos:13695181 chunknumber 315400 contains 362 sites
	-> Printing at chr: OZ034736.1 pos:13736469 chunknumber 315500 contains 265 sites
	-> Printing at chr: OZ034736.1 pos:14070884 chunknumber 315600 contains 1222 sites
	-> Printing at chr: OZ034736.1 pos:14109260 chunknumber 315700 contains 423 sites
	-> Printing at chr: OZ034736.1 pos:14150380 chunknumber 315800 contains 291 sites
	-> Printing at chr: OZ034736.1 pos:14183482 chunknumber 315900 contains 254 sites
	-> Printing at chr: OZ034736.1 pos:14218452 chunknumber 316000 contains 253 sites
	-> Printing at chr: OZ034736.1 pos:14252406 chunknumber 316100 contains 315 sites
	-> Printing at chr: OZ034736.1 pos:14289229 chunknumber 316200 contains 353 sites
	-> Printing at chr: OZ034736.1 pos:14332474 chunknumber 316300 contains 446 sites
	-> Printing at chr: OZ034736.1 pos:14376753 chunknumber 316400 contains 303 sites
	-> Printing at chr: OZ034736.1 pos:14445665 chunknumber 316500 contains 410 sites
	-> Printing at chr: OZ034736.1 pos:14488089 chunknumber 316600 contains 508 sites
	-> Printing at chr: OZ034736.1 pos:14529686 chunknumber 316700 contains 294 sites
	-> Printing at chr: OZ034736.1 pos:14571309 chunknumber 316800 contains 451 sites
	-> Printing at chr: OZ034736.1 pos:14610648 chunknumber 316900 contains 343 sites
	-> Printing at chr: OZ034736.1 pos:14647497 chunknumber 317000 contains 311 sites
	-> Printing at chr: OZ034736.1 pos:14683725 chunknumber 317100 contains 257 sites
	-> Printing at chr: OZ034736.1 pos:14718837 chunknumber 317200 contains 269 sites
	-> Printing at chr: OZ034736.1 pos:14763710 chunknumber 317300 contains 327 sites
	-> Printing at chr: OZ034736.1 pos:14806462 chunknumber 317400 contains 348 sites
	-> Printing at chr: OZ034736.1 pos:14841896 chunknumber 317500 contains 255 sites
	-> Printing at chr: OZ034736.1 pos:14877804 chunknumber 317600 contains 613 sites
	-> Printing at chr: OZ034736.1 pos:14915911 chunknumber 317700 contains 331 sites
	-> Printing at chr: OZ034736.1 pos:14949046 chunknumber 317800 contains 303 sites
	-> Printing at chr: OZ034736.1 pos:14986315 chunknumber 317900 contains 418 sites
	-> Printing at chr: OZ034736.1 pos:15021023 chunknumber 318000 contains 256 sites
	-> Printing at chr: OZ034736.1 pos:15091314 chunknumber 318100 contains 306 sites
	-> Printing at chr: OZ034736.1 pos:15134808 chunknumber 318200 contains 559 sites
	-> Printing at chr: OZ034736.1 pos:15224954 chunknumber 318300 contains 546 sites
	-> Printing at chr: OZ034736.1 pos:15262391 chunknumber 318400 contains 344 sites
	-> Printing at chr: OZ034736.1 pos:15298366 chunknumber 318500 contains 262 sites
	-> Printing at chr: OZ034736.1 pos:15334545 chunknumber 318600 contains 251 sites
	-> Printing at chr: OZ034736.1 pos:15370504 chunknumber 318700 contains 403 sites
	-> Printing at chr: OZ034736.1 pos:15405857 chunknumber 318800 contains 251 sites
	-> Printing at chr: OZ034736.1 pos:15444776 chunknumber 318900 contains 271 sites
	-> Printing at chr: OZ034736.1 pos:15483037 chunknumber 319000 contains 254 sites
	-> Printing at chr: OZ034736.1 pos:15518827 chunknumber 319100 contains 276 sites
	-> Printing at chr: OZ034736.1 pos:15553443 chunknumber 319200 contains 284 sites
	-> Printing at chr: OZ034736.1 pos:15597519 chunknumber 319300 contains 311 sites
	-> Printing at chr: OZ034736.1 pos:15648547 chunknumber 319400 contains 292 sites
	-> Printing at chr: OZ034736.1 pos:15681464 chunknumber 319500 contains 255 sites
	-> Printing at chr: OZ034736.1 pos:15715434 chunknumber 319600 contains 441 sites
	-> Printing at chr: OZ034736.1 pos:15763408 chunknumber 319700 contains 273 sites
	-> Printing at chr: OZ034736.1 pos:15825006 chunknumber 319800 contains 381 sites
	-> Printing at chr: OZ034736.1 pos:15876518 chunknumber 319900 contains 251 sites
	-> Printing at chr: OZ034736.1 pos:15933092 chunknumber 320000 contains 257 sites
	-> Printing at chr: OZ034736.1 pos:15968842 chunknumber 320100 contains 304 sites
	-> Printing at chr: OZ034736.1 pos:16004748 chunknumber 320200 contains 252 sites
	-> Printing at chr: OZ034736.1 pos:16061403 chunknumber 320300 contains 299 sites
	-> Printing at chr: OZ034736.1 pos:16095342 chunknumber 320400 contains 358 sites
	-> Printing at chr: OZ034736.1 pos:16132961 chunknumber 320500 contains 496 sites
	-> Printing at chr: OZ034736.1 pos:16168898 chunknumber 320600 contains 271 sites
	-> Printing at chr: OZ034736.1 pos:16204742 chunknumber 320700 contains 484 sites
	-> Printing at chr: OZ034736.1 pos:16259720 chunknumber 320800 contains 255 sites
	-> Printing at chr: OZ034736.1 pos:16309976 chunknumber 320900 contains 5755 sites
	-> Printing at chr: OZ034736.1 pos:16394381 chunknumber 321000 contains 661 sites
	-> Printing at chr: OZ034736.1 pos:16438852 chunknumber 321100 contains 264 sites
	-> Printing at chr: OZ034736.1 pos:16477221 chunknumber 321200 contains 409 sites
	-> Printing at chr: OZ034736.1 pos:16516148 chunknumber 321300 contains 252 sites
	-> Printing at chr: OZ034736.1 pos:16643451 chunknumber 321400 contains 416 sites
	-> Printing at chr: OZ034736.1 pos:16686373 chunknumber 321500 contains 416 sites
	-> Printing at chr: OZ034736.1 pos:16761034 chunknumber 321600 contains 373 sites
	-> Printing at chr: OZ034736.1 pos:16815545 chunknumber 321700 contains 310 sites
	-> Printing at chr: OZ034736.1 pos:16865250 chunknumber 321800 contains 261 sites
	-> Printing at chr: OZ034736.1 pos:16915584 chunknumber 321900 contains 253 sites
	-> Printing at chr: OZ034736.1 pos:16963319 chunknumber 322000 contains 251 sites
	-> Printing at chr: OZ034736.1 pos:17000883 chunknumber 322100 contains 251 sites
	-> Printing at chr: OZ034736.1 pos:17084843 chunknumber 322200 contains 918 sites
	-> Printing at chr: OZ034736.1 pos:17193167 chunknumber 322300 contains 255 sites
	-> Printing at chr: OZ034736.1 pos:17227961 chunknumber 322400 contains 255 sites
	-> Printing at chr: OZ034736.1 pos:17265221 chunknumber 322500 contains 434 sites
	-> Printing at chr: OZ034736.1 pos:17325042 chunknumber 322600 contains 428 sites
	-> Printing at chr: OZ034736.1 pos:17362365 chunknumber 322700 contains 332 sites
	-> Printing at chr: OZ034736.1 pos:17408310 chunknumber 322800 contains 3587 sites
	-> Printing at chr: OZ034736.1 pos:17548090 chunknumber 322900 contains 252 sites
	-> Printing at chr: OZ034736.1 pos:17584284 chunknumber 323000 contains 349 sites
	-> Printing at chr: OZ034736.1 pos:17621298 chunknumber 323100 contains 521 sites
	-> Printing at chr: OZ034736.1 pos:17692276 chunknumber 323200 contains 254 sites
	-> Printing at chr: OZ034736.1 pos:17731223 chunknumber 323300 contains 315 sites
	-> Printing at chr: OZ034736.1 pos:17767054 chunknumber 323400 contains 420 sites
	-> Printing at chr: OZ034736.1 pos:17804052 chunknumber 323500 contains 373 sites
	-> Printing at chr: OZ034736.1 pos:17852995 chunknumber 323600 contains 641 sites
	-> Printing at chr: OZ034736.1 pos:17981201 chunknumber 323700 contains 319 sites
	-> Printing at chr: OZ034736.1 pos:18019190 chunknumber 323800 contains 277 sites
	-> Printing at chr: OZ034736.1 pos:18053733 chunknumber 323900 contains 333 sites
	-> Printing at chr: OZ034736.1 pos:18088960 chunknumber 324000 contains 318 sites
	-> Printing at chr: OZ034736.1 pos:18124804 chunknumber 324100 contains 291 sites
	-> Printing at chr: OZ034736.1 pos:18159134 chunknumber 324200 contains 329 sites
	-> Printing at chr: OZ034736.1 pos:18196210 chunknumber 324300 contains 472 sites
	-> Printing at chr: OZ034736.1 pos:18231390 chunknumber 324400 contains 345 sites
	-> Printing at chr: OZ034736.1 pos:18272418 chunknumber 324500 contains 590 sites
	-> Printing at chr: OZ034736.1 pos:18308866 chunknumber 324600 contains 255 sites
	-> Printing at chr: OZ034736.1 pos:18368914 chunknumber 324700 contains 291 sites
	-> Printing at chr: OZ034736.1 pos:18405491 chunknumber 324800 contains 384 sites
	-> Printing at chr: OZ034736.1 pos:18441189 chunknumber 324900 contains 261 sites
	-> Printing at chr: OZ034736.1 pos:18475882 chunknumber 325000 contains 545 sites
	-> Printing at chr: OZ034736.1 pos:18512916 chunknumber 325100 contains 401 sites
	-> Printing at chr: OZ034736.1 pos:18548647 chunknumber 325200 contains 291 sites
	-> Printing at chr: OZ034736.1 pos:18583465 chunknumber 325300 contains 296 sites
	-> Printing at chr: OZ034736.1 pos:18622391 chunknumber 325400 contains 457 sites
	-> Printing at chr: OZ034736.1 pos:18659674 chunknumber 325500 contains 300 sites
	-> Printing at chr: OZ034736.1 pos:18699939 chunknumber 325600 contains 369 sites
	-> Printing at chr: OZ034736.1 pos:18734606 chunknumber 325700 contains 372 sites
	-> Printing at chr: OZ034736.1 pos:18772807 chunknumber 325800 contains 271 sites
	-> Printing at chr: OZ034736.1 pos:18808437 chunknumber 325900 contains 300 sites
	-> Printing at chr: OZ034736.1 pos:18847193 chunknumber 326000 contains 390 sites
	-> Printing at chr: OZ034736.1 pos:18881409 chunknumber 326100 contains 257 sites
	-> Printing at chr: OZ034736.1 pos:18944052 chunknumber 326200 contains 259 sites
	-> Printing at chr: OZ034736.1 pos:18979687 chunknumber 326300 contains 553 sites
	-> Printing at chr: OZ034736.1 pos:19015758 chunknumber 326400 contains 447 sites
	-> Printing at chr: OZ034736.1 pos:19049903 chunknumber 326500 contains 251 sites
	-> Printing at chr: OZ034736.1 pos:19084833 chunknumber 326600 contains 372 sites
	-> Printing at chr: OZ034736.1 pos:19121366 chunknumber 326700 contains 261 sites
	-> Printing at chr: OZ034736.1 pos:19158865 chunknumber 326800 contains 378 sites
	-> Printing at chr: OZ034736.1 pos:19216507 chunknumber 326900 contains 395 sites
	-> Printing at chr: OZ034736.1 pos:19309401 chunknumber 327000 contains 410 sites
	-> Printing at chr: OZ034736.1 pos:19345693 chunknumber 327100 contains 287 sites
	-> Printing at chr: OZ034736.1 pos:19383423 chunknumber 327200 contains 259 sites
	-> Printing at chr: OZ034736.1 pos:19417389 chunknumber 327300 contains 256 sites
	-> Printing at chr: OZ034736.1 pos:19455294 chunknumber 327400 contains 411 sites
	-> Printing at chr: OZ034736.1 pos:19490660 chunknumber 327500 contains 465 sites
	-> Printing at chr: OZ034736.1 pos:19526467 chunknumber 327600 contains 678 sites
	-> Printing at chr: OZ034736.1 pos:19563650 chunknumber 327700 contains 371 sites
	-> Printing at chr: OZ034736.1 pos:19601472 chunknumber 327800 contains 405 sites
	-> Printing at chr: OZ034736.1 pos:19650077 chunknumber 327900 contains 594 sites
	-> Printing at chr: OZ034736.1 pos:19697190 chunknumber 328000 contains 695 sites
	-> Printing at chr: OZ034736.1 pos:19779964 chunknumber 328100 contains 671 sites
	-> Printing at chr: OZ034736.1 pos:19817324 chunknumber 328200 contains 401 sites
	-> Printing at chr: OZ034736.1 pos:19854046 chunknumber 328300 contains 307 sites
	-> Printing at chr: OZ034736.1 pos:19888576 chunknumber 328400 contains 259 sites
	-> Printing at chr: OZ034736.1 pos:19926643 chunknumber 328500 contains 330 sites
	-> Printing at chr: OZ034736.1 pos:19973499 chunknumber 328600 contains 251 sites
	-> Printing at chr: OZ034736.1 pos:20003797 chunknumber 328700 contains 271 sites
	-> Printing at chr: OZ034736.1 pos:20039435 chunknumber 328800 contains 446 sites
	-> Printing at chr: OZ034736.1 pos:20074210 chunknumber 328900 contains 288 sites
	-> Printing at chr: OZ034736.1 pos:20109558 chunknumber 329000 contains 293 sites
	-> Printing at chr: OZ034736.1 pos:20145534 chunknumber 329100 contains 260 sites
	-> Printing at chr: OZ034736.1 pos:20199124 chunknumber 329200 contains 446 sites
	-> Printing at chr: OZ034736.1 pos:20262882 chunknumber 329300 contains 251 sites
	-> Printing at chr: OZ034736.1 pos:20298711 chunknumber 329400 contains 511 sites
	-> Printing at chr: OZ034736.1 pos:20332956 chunknumber 329500 contains 410 sites
	-> Printing at chr: OZ034736.1 pos:20371800 chunknumber 329600 contains 668 sites
	-> Printing at chr: OZ034736.1 pos:20437079 chunknumber 329700 contains 251 sites
	-> Printing at chr: OZ034736.1 pos:20487859 chunknumber 329800 contains 253 sites
	-> Printing at chr: OZ034736.1 pos:20582761 chunknumber 329900 contains 377 sites
	-> Printing at chr: OZ034736.1 pos:20621144 chunknumber 330000 contains 261 sites
	-> Printing at chr: OZ034736.1 pos:20655490 chunknumber 330100 contains 251 sites
	-> Printing at chr: OZ034736.1 pos:20698128 chunknumber 330200 contains 255 sites
	-> Printing at chr: OZ034736.1 pos:20778561 chunknumber 330300 contains 513 sites
	-> Printing at chr: OZ034736.1 pos:20856268 chunknumber 330400 contains 275 sites
	-> Printing at chr: OZ034736.1 pos:20890334 chunknumber 330500 contains 365 sites
	-> Printing at chr: OZ034736.1 pos:20931128 chunknumber 330600 contains 255 sites
	-> Printing at chr: OZ034736.1 pos:20968322 chunknumber 330700 contains 429 sites
	-> Printing at chr: OZ034736.1 pos:21025119 chunknumber 330800 contains 820 sites
	-> Printing at chr: OZ034736.1 pos:21121701 chunknumber 330900 contains 1468 sites
	-> Printing at chr: OZ034736.1 pos:21214466 chunknumber 331000 contains 254 sites
	-> Printing at chr: OZ034736.1 pos:21269488 chunknumber 331100 contains 285 sites
	-> Printing at chr: OZ034736.1 pos:21310319 chunknumber 331200 contains 420 sites
	-> Printing at chr: OZ034736.1 pos:21347082 chunknumber 331300 contains 497 sites
	-> Printing at chr: OZ034736.1 pos:21384930 chunknumber 331400 contains 252 sites
	-> Printing at chr: OZ034736.1 pos:21426059 chunknumber 331500 contains 292 sites
	-> Printing at chr: OZ034736.1 pos:21464351 chunknumber 331600 contains 276 sites
	-> Printing at chr: OZ034736.1 pos:21501245 chunknumber 331700 contains 429 sites
	-> Printing at chr: OZ034736.1 pos:21535526 chunknumber 331800 contains 350 sites
	-> Printing at chr: OZ034736.1 pos:21564114 chunknumber 331900 contains 258 sites
	-> Printing at chr: OZ034736.1 pos:21638367 chunknumber 332000 contains 257 sites
	-> Printing at chr: OZ034736.1 pos:21688652 chunknumber 332100 contains 352 sites
	-> Printing at chr: OZ034736.1 pos:21725151 chunknumber 332200 contains 349 sites
	-> Printing at chr: OZ034736.1 pos:21765062 chunknumber 332300 contains 1332 sites
	-> Printing at chr: OZ034736.1 pos:21813676 chunknumber 332400 contains 338 sites
	-> Printing at chr: OZ034736.1 pos:21861873 chunknumber 332500 contains 410 sites
	-> Printing at chr: OZ034736.1 pos:21898758 chunknumber 332600 contains 388 sites
	-> Printing at chr: OZ034736.1 pos:21936651 chunknumber 332700 contains 296 sites
	-> Printing at chr: OZ034736.1 pos:21977238 chunknumber 332800 contains 499 sites
	-> Printing at chr: OZ034736.1 pos:22012235 chunknumber 332900 contains 261 sites
	-> Printing at chr: OZ034736.1 pos:22048355 chunknumber 333000 contains 506 sites
	-> Printing at chr: OZ034736.1 pos:22143389 chunknumber 333100 contains 273 sites
	-> Printing at chr: OZ034736.1 pos:22263818 chunknumber 333200 contains 1058 sites
	-> Printing at chr: OZ034736.1 pos:22322988 chunknumber 333300 contains 432 sites
	-> Printing at chr: OZ034736.1 pos:22388014 chunknumber 333400 contains 251 sites
	-> Printing at chr: OZ034736.1 pos:22432616 chunknumber 333500 contains 332 sites
	-> Printing at chr: OZ034736.1 pos:22483645 chunknumber 333600 contains 534 sites
	-> Printing at chr: OZ034736.1 pos:22519333 chunknumber 333700 contains 310 sites
	-> Printing at chr: OZ034736.1 pos:22572063 chunknumber 333800 contains 403 sites
	-> Printing at chr: OZ034736.1 pos:22606466 chunknumber 333900 contains 251 sites
	-> Printing at chr: OZ034736.1 pos:22640595 chunknumber 334000 contains 255 sites
	-> Printing at chr: OZ034736.1 pos:22675678 chunknumber 334100 contains 347 sites
	-> Printing at chr: OZ034736.1 pos:22709658 chunknumber 334200 contains 497 sites
	-> Printing at chr: OZ034736.1 pos:22823277 chunknumber 334300 contains 284 sites
	-> Printing at chr: OZ034736.1 pos:22857220 chunknumber 334400 contains 380 sites
	-> Printing at chr: OZ034736.1 pos:22891021 chunknumber 334500 contains 323 sites
	-> Printing at chr: OZ034736.1 pos:22932907 chunknumber 334600 contains 314 sites
	-> Printing at chr: OZ034736.1 pos:22973123 chunknumber 334700 contains 252 sites
	-> Printing at chr: OZ034736.1 pos:23008497 chunknumber 334800 contains 265 sites
	-> Printing at chr: OZ034736.1 pos:23075574 chunknumber 334900 contains 273 sites
	-> Printing at chr: OZ034736.1 pos:23111575 chunknumber 335000 contains 366 sites
	-> Printing at chr: OZ034736.1 pos:23156262 chunknumber 335100 contains 252 sites
	-> Printing at chr: OZ034736.1 pos:23191749 chunknumber 335200 contains 329 sites
	-> Printing at chr: OZ034736.1 pos:23224522 chunknumber 335300 contains 335 sites
	-> Printing at chr: OZ034736.1 pos:23267599 chunknumber 335400 contains 325 sites
	-> Printing at chr: OZ034736.1 pos:23304383 chunknumber 335500 contains 369 sites
	-> Printing at chr: OZ034736.1 pos:23339059 chunknumber 335600 contains 379 sites
	-> Printing at chr: OZ034736.1 pos:23372355 chunknumber 335700 contains 369 sites
	-> Printing at chr: OZ034736.1 pos:23407999 chunknumber 335800 contains 333 sites
	-> Printing at chr: OZ034736.1 pos:23439993 chunknumber 335900 contains 364 sites
	-> Printing at chr: OZ034736.1 pos:23484750 chunknumber 336000 contains 1064 sites
	-> Printing at chr: OZ034736.1 pos:23521939 chunknumber 336100 contains 395 sites
	-> Printing at chr: OZ034736.1 pos:23555986 chunknumber 336200 contains 353 sites
	-> Printing at chr: OZ034736.1 pos:23591315 chunknumber 336300 contains 462 sites
	-> Printing at chr: OZ034736.1 pos:23638648 chunknumber 336400 contains 412 sites
	-> Printing at chr: OZ034736.1 pos:23673925 chunknumber 336500 contains 375 sites
	-> Printing at chr: OZ034736.1 pos:23711175 chunknumber 336600 contains 254 sites
	-> Printing at chr: OZ034736.1 pos:23744846 chunknumber 336700 contains 495 sites
	-> Printing at chr: OZ034736.1 pos:23781439 chunknumber 336800 contains 289 sites
	-> Printing at chr: OZ034736.1 pos:23819595 chunknumber 336900 contains 348 sites
	-> Printing at chr: OZ034736.1 pos:23856435 chunknumber 337000 contains 515 sites
	-> Printing at chr: OZ034736.1 pos:23914755 chunknumber 337100 contains 271 sites
	-> Printing at chr: OZ034736.1 pos:23955946 chunknumber 337200 contains 476 sites
	-> Printing at chr: OZ034736.1 pos:24015898 chunknumber 337300 contains 340 sites
	-> Printing at chr: OZ034736.1 pos:24067111 chunknumber 337400 contains 491 sites
	-> Printing at chr: OZ034736.1 pos:24107942 chunknumber 337500 contains 312 sites
	-> Printing at chr: OZ034736.1 pos:24150788 chunknumber 337600 contains 251 sites
	-> Region lookup 7/142
	-> Printing at chr: OZ034737.1 pos:10141 chunknumber 337700 contains 330 sites
	-> Printing at chr: OZ034737.1 pos:59692 chunknumber 337800 contains 251 sites
	-> Printing at chr: OZ034737.1 pos:97364 chunknumber 337900 contains 454 sites
	-> Printing at chr: OZ034737.1 pos:132191 chunknumber 338000 contains 451 sites
	-> Printing at chr: OZ034737.1 pos:166384 chunknumber 338100 contains 289 sites
	-> Printing at chr: OZ034737.1 pos:206113 chunknumber 338200 contains 413 sites
	-> Printing at chr: OZ034737.1 pos:294284 chunknumber 338300 contains 1107 sites
	-> Printing at chr: OZ034737.1 pos:331166 chunknumber 338400 contains 499 sites
	-> Printing at chr: OZ034737.1 pos:366449 chunknumber 338500 contains 352 sites
	-> Printing at chr: OZ034737.1 pos:404334 chunknumber 338600 contains 386 sites
	-> Printing at chr: OZ034737.1 pos:438212 chunknumber 338700 contains 311 sites
	-> Printing at chr: OZ034737.1 pos:473114 chunknumber 338800 contains 344 sites
	-> Printing at chr: OZ034737.1 pos:509524 chunknumber 338900 contains 327 sites
	-> Printing at chr: OZ034737.1 pos:546997 chunknumber 339000 contains 381 sites
	-> Printing at chr: OZ034737.1 pos:591318 chunknumber 339100 contains 294 sites
	-> Printing at chr: OZ034737.1 pos:626420 chunknumber 339200 contains 360 sites
	-> Printing at chr: OZ034737.1 pos:662941 chunknumber 339300 contains 411 sites
	-> Printing at chr: OZ034737.1 pos:699546 chunknumber 339400 contains 322 sites
	-> Printing at chr: OZ034737.1 pos:737692 chunknumber 339500 contains 379 sites
	-> Printing at chr: OZ034737.1 pos:775216 chunknumber 339600 contains 294 sites
	-> Printing at chr: OZ034737.1 pos:811801 chunknumber 339700 contains 427 sites
	-> Printing at chr: OZ034737.1 pos:847336 chunknumber 339800 contains 325 sites
	-> Printing at chr: OZ034737.1 pos:885650 chunknumber 339900 contains 297 sites
	-> Printing at chr: OZ034737.1 pos:945196 chunknumber 340000 contains 272 sites
	-> Printing at chr: OZ034737.1 pos:1051843 chunknumber 340100 contains 461 sites
	-> Printing at chr: OZ034737.1 pos:1088762 chunknumber 340200 contains 285 sites
	-> Printing at chr: OZ034737.1 pos:1126470 chunknumber 340300 contains 414 sites
	-> Printing at chr: OZ034737.1 pos:1161259 chunknumber 340400 contains 252 sites
	-> Printing at chr: OZ034737.1 pos:1281196 chunknumber 340500 contains 1833 sites
	-> Printing at chr: OZ034737.1 pos:1404759 chunknumber 340600 contains 329 sites
	-> Printing at chr: OZ034737.1 pos:1466462 chunknumber 340700 contains 309 sites
	-> Printing at chr: OZ034737.1 pos:1530456 chunknumber 340800 contains 357 sites
	-> Printing at chr: OZ034737.1 pos:1589050 chunknumber 340900 contains 438 sites
	-> Printing at chr: OZ034737.1 pos:1635342 chunknumber 341000 contains 2799 sites
	-> Printing at chr: OZ034737.1 pos:1695651 chunknumber 341100 contains 314 sites
	-> Printing at chr: OZ034737.1 pos:1729381 chunknumber 341200 contains 280 sites
	-> Printing at chr: OZ034737.1 pos:1763019 chunknumber 341300 contains 349 sites
	-> Printing at chr: OZ034737.1 pos:1800196 chunknumber 341400 contains 285 sites
	-> Printing at chr: OZ034737.1 pos:1865300 chunknumber 341500 contains 1124 sites
	-> Printing at chr: OZ034737.1 pos:1923704 chunknumber 341600 contains 344 sites
	-> Printing at chr: OZ034737.1 pos:1960423 chunknumber 341700 contains 284 sites
	-> Printing at chr: OZ034737.1 pos:1994535 chunknumber 341800 contains 282 sites
	-> Printing at chr: OZ034737.1 pos:2031551 chunknumber 341900 contains 355 sites
	-> Printing at chr: OZ034737.1 pos:2068763 chunknumber 342000 contains 339 sites
	-> Printing at chr: OZ034737.1 pos:2116967 chunknumber 342100 contains 410 sites
	-> Printing at chr: OZ034737.1 pos:2255522 chunknumber 342200 contains 277 sites
	-> Printing at chr: OZ034737.1 pos:2293237 chunknumber 342300 contains 366 sites
	-> Printing at chr: OZ034737.1 pos:2336939 chunknumber 342400 contains 370 sites
	-> Printing at chr: OZ034737.1 pos:2390297 chunknumber 342500 contains 368 sites
	-> Printing at chr: OZ034737.1 pos:2443445 chunknumber 342600 contains 296 sites
	-> Printing at chr: OZ034737.1 pos:2480298 chunknumber 342700 contains 312 sites
	-> Printing at chr: OZ034737.1 pos:2517799 chunknumber 342800 contains 285 sites
	-> Printing at chr: OZ034737.1 pos:2553346 chunknumber 342900 contains 367 sites
	-> Printing at chr: OZ034737.1 pos:2589815 chunknumber 343000 contains 336 sites
	-> Printing at chr: OZ034737.1 pos:2628382 chunknumber 343100 contains 432 sites
	-> Printing at chr: OZ034737.1 pos:2663750 chunknumber 343200 contains 351 sites
	-> Printing at chr: OZ034737.1 pos:2702782 chunknumber 343300 contains 460 sites
	-> Printing at chr: OZ034737.1 pos:2739328 chunknumber 343400 contains 481 sites
	-> Printing at chr: OZ034737.1 pos:2775318 chunknumber 343500 contains 397 sites
	-> Printing at chr: OZ034737.1 pos:2810218 chunknumber 343600 contains 453 sites
	-> Printing at chr: OZ034737.1 pos:2853031 chunknumber 343700 contains 391 sites
	-> Printing at chr: OZ034737.1 pos:2895036 chunknumber 343800 contains 756 sites
	-> Printing at chr: OZ034737.1 pos:2976330 chunknumber 343900 contains 350 sites
	-> Printing at chr: OZ034737.1 pos:3014476 chunknumber 344000 contains 260 sites
	-> Printing at chr: OZ034737.1 pos:3050922 chunknumber 344100 contains 325 sites
	-> Printing at chr: OZ034737.1 pos:3087720 chunknumber 344200 contains 260 sites
	-> Printing at chr: OZ034737.1 pos:3123542 chunknumber 344300 contains 490 sites
	-> Printing at chr: OZ034737.1 pos:3159907 chunknumber 344400 contains 426 sites
	-> Printing at chr: OZ034737.1 pos:3194124 chunknumber 344500 contains 421 sites
	-> Printing at chr: OZ034737.1 pos:3250371 chunknumber 344600 contains 373 sites
	-> Printing at chr: OZ034737.1 pos:3284424 chunknumber 344700 contains 338 sites
	-> Printing at chr: OZ034737.1 pos:3325330 chunknumber 344800 contains 254 sites
	-> Printing at chr: OZ034737.1 pos:3368510 chunknumber 344900 contains 294 sites
	-> Printing at chr: OZ034737.1 pos:3413524 chunknumber 345000 contains 445 sites
	-> Printing at chr: OZ034737.1 pos:3450253 chunknumber 345100 contains 256 sites
	-> Printing at chr: OZ034737.1 pos:3492837 chunknumber 345200 contains 359 sites
	-> Printing at chr: OZ034737.1 pos:3533948 chunknumber 345300 contains 511 sites
	-> Printing at chr: OZ034737.1 pos:3570797 chunknumber 345400 contains 355 sites
	-> Printing at chr: OZ034737.1 pos:3609577 chunknumber 345500 contains 292 sites
	-> Printing at chr: OZ034737.1 pos:3649641 chunknumber 345600 contains 368 sites
	-> Printing at chr: OZ034737.1 pos:3682911 chunknumber 345700 contains 385 sites
	-> Printing at chr: OZ034737.1 pos:3719928 chunknumber 345800 contains 251 sites
	-> Printing at chr: OZ034737.1 pos:3757931 chunknumber 345900 contains 313 sites
	-> Printing at chr: OZ034737.1 pos:3797624 chunknumber 346000 contains 466 sites
	-> Printing at chr: OZ034737.1 pos:3833202 chunknumber 346100 contains 337 sites
	-> Printing at chr: OZ034737.1 pos:3870036 chunknumber 346200 contains 390 sites
	-> Printing at chr: OZ034737.1 pos:3951547 chunknumber 346300 contains 623 sites
	-> Printing at chr: OZ034737.1 pos:3992146 chunknumber 346400 contains 395 sites
	-> Printing at chr: OZ034737.1 pos:4027874 chunknumber 346500 contains 731 sites
	-> Printing at chr: OZ034737.1 pos:4158177 chunknumber 346600 contains 1065 sites
	-> Printing at chr: OZ034737.1 pos:4370936 chunknumber 346700 contains 9432 sites
	-> Printing at chr: OZ034737.1 pos:4704384 chunknumber 346800 contains 1347 sites
	-> Printing at chr: OZ034737.1 pos:4938163 chunknumber 346900 contains 7553 sites
	-> Printing at chr: OZ034737.1 pos:5055677 chunknumber 347000 contains 257 sites
	-> Printing at chr: OZ034737.1 pos:5131826 chunknumber 347100 contains 456 sites
	-> Printing at chr: OZ034737.1 pos:5170018 chunknumber 347200 contains 251 sites
	-> Printing at chr: OZ034737.1 pos:5220636 chunknumber 347300 contains 566 sites
	-> Printing at chr: OZ034737.1 pos:5291268 chunknumber 347400 contains 375 sites
	-> Printing at chr: OZ034737.1 pos:5342741 chunknumber 347500 contains 8000 sites
	-> Printing at chr: OZ034737.1 pos:5502604 chunknumber 347600 contains 1752 sites
	-> Printing at chr: OZ034737.1 pos:5596745 chunknumber 347700 contains 308 sites
	-> Printing at chr: OZ034737.1 pos:5667851 chunknumber 347800 contains 301 sites
	-> Printing at chr: OZ034737.1 pos:5700934 chunknumber 347900 contains 364 sites
	-> Printing at chr: OZ034737.1 pos:5732729 chunknumber 348000 contains 327 sites
	-> Printing at chr: OZ034737.1 pos:5765011 chunknumber 348100 contains 325 sites
	-> Printing at chr: OZ034737.1 pos:5799847 chunknumber 348200 contains 454 sites
	-> Printing at chr: OZ034737.1 pos:5860379 chunknumber 348300 contains 449 sites
	-> Printing at chr: OZ034737.1 pos:5968956 chunknumber 348400 contains 262 sites
	-> Printing at chr: OZ034737.1 pos:6074852 chunknumber 348500 contains 627 sites
	-> Printing at chr: OZ034737.1 pos:6111850 chunknumber 348600 contains 287 sites
	-> Printing at chr: OZ034737.1 pos:6149384 chunknumber 348700 contains 282 sites
	-> Printing at chr: OZ034737.1 pos:6188898 chunknumber 348800 contains 295 sites
	-> Printing at chr: OZ034737.1 pos:6224471 chunknumber 348900 contains 350 sites
	-> Printing at chr: OZ034737.1 pos:6260235 chunknumber 349000 contains 300 sites
	-> Printing at chr: OZ034737.1 pos:6293758 chunknumber 349100 contains 311 sites
	-> Printing at chr: OZ034737.1 pos:6440251 chunknumber 349200 contains 339 sites
	-> Printing at chr: OZ034737.1 pos:6646411 chunknumber 349300 contains 1329 sites
	-> Printing at chr: OZ034737.1 pos:6738157 chunknumber 349400 contains 252 sites
	-> Printing at chr: OZ034737.1 pos:6784170 chunknumber 349500 contains 638 sites
	-> Printing at chr: OZ034737.1 pos:6832426 chunknumber 349600 contains 291 sites
	-> Printing at chr: OZ034737.1 pos:6883789 chunknumber 349700 contains 330 sites
	-> Printing at chr: OZ034737.1 pos:6918756 chunknumber 349800 contains 260 sites
	-> Printing at chr: OZ034737.1 pos:6954358 chunknumber 349900 contains 453 sites
	-> Printing at chr: OZ034737.1 pos:6990207 chunknumber 350000 contains 406 sites
	-> Printing at chr: OZ034737.1 pos:7023398 chunknumber 350100 contains 336 sites
	-> Printing at chr: OZ034737.1 pos:7089929 chunknumber 350200 contains 253 sites
	-> Printing at chr: OZ034737.1 pos:7145998 chunknumber 350300 contains 285 sites
	-> Printing at chr: OZ034737.1 pos:7181137 chunknumber 350400 contains 252 sites
	-> Printing at chr: OZ034737.1 pos:7226464 chunknumber 350500 contains 314 sites
	-> Printing at chr: OZ034737.1 pos:7256659 chunknumber 350600 contains 251 sites
	-> Printing at chr: OZ034737.1 pos:7315673 chunknumber 350700 contains 289 sites
	-> Printing at chr: OZ034737.1 pos:7355943 chunknumber 350800 contains 259 sites
	-> Printing at chr: OZ034737.1 pos:7415031 chunknumber 350900 contains 316 sites
	-> Printing at chr: OZ034737.1 pos:7472079 chunknumber 351000 contains 256 sites
	-> Printing at chr: OZ034737.1 pos:7504568 chunknumber 351100 contains 300 sites
	-> Printing at chr: OZ034737.1 pos:7538300 chunknumber 351200 contains 567 sites
	-> Printing at chr: OZ034737.1 pos:7597751 chunknumber 351300 contains 252 sites
	-> Printing at chr: OZ034737.1 pos:7648167 chunknumber 351400 contains 646 sites
	-> Printing at chr: OZ034737.1 pos:7712427 chunknumber 351500 contains 332 sites
	-> Printing at chr: OZ034737.1 pos:7760857 chunknumber 351600 contains 266 sites
	-> Printing at chr: OZ034737.1 pos:7816178 chunknumber 351700 contains 273 sites
	-> Printing at chr: OZ034737.1 pos:7851760 chunknumber 351800 contains 420 sites
	-> Printing at chr: OZ034737.1 pos:7890079 chunknumber 351900 contains 282 sites
	-> Printing at chr: OZ034737.1 pos:7928098 chunknumber 352000 contains 254 sites
	-> Printing at chr: OZ034737.1 pos:7970461 chunknumber 352100 contains 287 sites
	-> Printing at chr: OZ034737.1 pos:8052127 chunknumber 352200 contains 359 sites
	-> Printing at chr: OZ034737.1 pos:8086069 chunknumber 352300 contains 425 sites
	-> Printing at chr: OZ034737.1 pos:8122260 chunknumber 352400 contains 338 sites
	-> Printing at chr: OZ034737.1 pos:8164601 chunknumber 352500 contains 413 sites
	-> Printing at chr: OZ034737.1 pos:8234080 chunknumber 352600 contains 1119 sites
	-> Printing at chr: OZ034737.1 pos:8294724 chunknumber 352700 contains 251 sites
	-> Printing at chr: OZ034737.1 pos:8351867 chunknumber 352800 contains 280 sites
	-> Printing at chr: OZ034737.1 pos:8397711 chunknumber 352900 contains 252 sites
	-> Printing at chr: OZ034737.1 pos:8433724 chunknumber 353000 contains 492 sites
	-> Printing at chr: OZ034737.1 pos:8476637 chunknumber 353100 contains 391 sites
	-> Printing at chr: OZ034737.1 pos:8511435 chunknumber 353200 contains 277 sites
	-> Printing at chr: OZ034737.1 pos:8555995 chunknumber 353300 contains 335 sites
	-> Printing at chr: OZ034737.1 pos:8591061 chunknumber 353400 contains 253 sites
	-> Printing at chr: OZ034737.1 pos:8627199 chunknumber 353500 contains 385 sites
	-> Printing at chr: OZ034737.1 pos:8664574 chunknumber 353600 contains 297 sites
	-> Printing at chr: OZ034737.1 pos:8698984 chunknumber 353700 contains 329 sites
	-> Printing at chr: OZ034737.1 pos:8764950 chunknumber 353800 contains 288 sites
	-> Printing at chr: OZ034737.1 pos:8798585 chunknumber 353900 contains 361 sites
	-> Printing at chr: OZ034737.1 pos:8853098 chunknumber 354000 contains 530 sites
	-> Printing at chr: OZ034737.1 pos:8921222 chunknumber 354100 contains 297 sites
	-> Printing at chr: OZ034737.1 pos:8967706 chunknumber 354200 contains 267 sites
	-> Printing at chr: OZ034737.1 pos:9007068 chunknumber 354300 contains 287 sites
	-> Printing at chr: OZ034737.1 pos:9043225 chunknumber 354400 contains 404 sites
	-> Printing at chr: OZ034737.1 pos:9096013 chunknumber 354500 contains 266 sites
	-> Printing at chr: OZ034737.1 pos:9131076 chunknumber 354600 contains 254 sites
	-> Printing at chr: OZ034737.1 pos:9166054 chunknumber 354700 contains 367 sites
	-> Printing at chr: OZ034737.1 pos:9205956 chunknumber 354800 contains 252 sites
	-> Printing at chr: OZ034737.1 pos:9243026 chunknumber 354900 contains 254 sites
	-> Printing at chr: OZ034737.1 pos:9281871 chunknumber 355000 contains 387 sites
	-> Printing at chr: OZ034737.1 pos:9318108 chunknumber 355100 contains 305 sites
	-> Printing at chr: OZ034737.1 pos:9357508 chunknumber 355200 contains 276 sites
	-> Printing at chr: OZ034737.1 pos:9390340 chunknumber 355300 contains 263 sites
	-> Printing at chr: OZ034737.1 pos:9427913 chunknumber 355400 contains 391 sites
	-> Printing at chr: OZ034737.1 pos:9462981 chunknumber 355500 contains 254 sites
	-> Printing at chr: OZ034737.1 pos:9516185 chunknumber 355600 contains 477 sites
	-> Printing at chr: OZ034737.1 pos:9704442 chunknumber 355700 contains 373 sites
	-> Printing at chr: OZ034737.1 pos:9743382 chunknumber 355800 contains 304 sites
	-> Printing at chr: OZ034737.1 pos:9777648 chunknumber 355900 contains 331 sites
	-> Printing at chr: OZ034737.1 pos:9814409 chunknumber 356000 contains 444 sites
	-> Printing at chr: OZ034737.1 pos:9855792 chunknumber 356100 contains 338 sites
	-> Printing at chr: OZ034737.1 pos:9897530 chunknumber 356200 contains 252 sites
	-> Printing at chr: OZ034737.1 pos:9935568 chunknumber 356300 contains 291 sites
	-> Printing at chr: OZ034737.1 pos:9971593 chunknumber 356400 contains 270 sites
	-> Printing at chr: OZ034737.1 pos:10008168 chunknumber 356500 contains 647 sites
	-> Printing at chr: OZ034737.1 pos:10043569 chunknumber 356600 contains 302 sites
	-> Printing at chr: OZ034737.1 pos:10077664 chunknumber 356700 contains 393 sites
	-> Printing at chr: OZ034737.1 pos:10114123 chunknumber 356800 contains 421 sites
	-> Printing at chr: OZ034737.1 pos:10147660 chunknumber 356900 contains 294 sites
	-> Printing at chr: OZ034737.1 pos:10182419 chunknumber 357000 contains 517 sites
	-> Printing at chr: OZ034737.1 pos:10217757 chunknumber 357100 contains 258 sites
	-> Printing at chr: OZ034737.1 pos:10254889 chunknumber 357200 contains 374 sites
	-> Printing at chr: OZ034737.1 pos:10290775 chunknumber 357300 contains 318 sites
	-> Printing at chr: OZ034737.1 pos:10328668 chunknumber 357400 contains 342 sites
	-> Printing at chr: OZ034737.1 pos:10363908 chunknumber 357500 contains 353 sites
	-> Printing at chr: OZ034737.1 pos:10401914 chunknumber 357600 contains 257 sites
	-> Printing at chr: OZ034737.1 pos:10450819 chunknumber 357700 contains 704 sites
	-> Printing at chr: OZ034737.1 pos:10530248 chunknumber 357800 contains 556 sites
	-> Printing at chr: OZ034737.1 pos:10602181 chunknumber 357900 contains 320 sites
	-> Printing at chr: OZ034737.1 pos:10635447 chunknumber 358000 contains 371 sites
	-> Printing at chr: OZ034737.1 pos:10669024 chunknumber 358100 contains 432 sites
	-> Printing at chr: OZ034737.1 pos:10706137 chunknumber 358200 contains 454 sites
	-> Printing at chr: OZ034737.1 pos:10742703 chunknumber 358300 contains 346 sites
	-> Printing at chr: OZ034737.1 pos:10779591 chunknumber 358400 contains 339 sites
	-> Printing at chr: OZ034737.1 pos:10818552 chunknumber 358500 contains 300 sites
	-> Printing at chr: OZ034737.1 pos:10853667 chunknumber 358600 contains 490 sites
	-> Printing at chr: OZ034737.1 pos:10906713 chunknumber 358700 contains 553 sites
	-> Printing at chr: OZ034737.1 pos:10951108 chunknumber 358800 contains 261 sites
	-> Printing at chr: OZ034737.1 pos:10994082 chunknumber 358900 contains 349 sites
	-> Printing at chr: OZ034737.1 pos:11055960 chunknumber 359000 contains 258 sites
	-> Printing at chr: OZ034737.1 pos:11109207 chunknumber 359100 contains 252 sites
	-> Printing at chr: OZ034737.1 pos:11146905 chunknumber 359200 contains 253 sites
	-> Printing at chr: OZ034737.1 pos:11185944 chunknumber 359300 contains 597 sites
	-> Printing at chr: OZ034737.1 pos:11236994 chunknumber 359400 contains 270 sites
	-> Printing at chr: OZ034737.1 pos:11276531 chunknumber 359500 contains 311 sites
	-> Printing at chr: OZ034737.1 pos:11312636 chunknumber 359600 contains 322 sites
	-> Printing at chr: OZ034737.1 pos:11357844 chunknumber 359700 contains 256 sites
	-> Printing at chr: OZ034737.1 pos:11392900 chunknumber 359800 contains 428 sites
	-> Printing at chr: OZ034737.1 pos:11429085 chunknumber 359900 contains 399 sites
	-> Printing at chr: OZ034737.1 pos:11463246 chunknumber 360000 contains 425 sites
	-> Printing at chr: OZ034737.1 pos:11512498 chunknumber 360100 contains 257 sites
	-> Printing at chr: OZ034737.1 pos:11549966 chunknumber 360200 contains 356 sites
	-> Printing at chr: OZ034737.1 pos:11588658 chunknumber 360300 contains 470 sites
	-> Printing at chr: OZ034737.1 pos:11633170 chunknumber 360400 contains 317 sites
	-> Printing at chr: OZ034737.1 pos:11669670 chunknumber 360500 contains 482 sites
	-> Printing at chr: OZ034737.1 pos:11709110 chunknumber 360600 contains 480 sites
	-> Printing at chr: OZ034737.1 pos:11747832 chunknumber 360700 contains 263 sites
	-> Printing at chr: OZ034737.1 pos:11782901 chunknumber 360800 contains 285 sites
	-> Printing at chr: OZ034737.1 pos:11820879 chunknumber 360900 contains 262 sites
	-> Printing at chr: OZ034737.1 pos:11857768 chunknumber 361000 contains 379 sites
	-> Printing at chr: OZ034737.1 pos:11904460 chunknumber 361100 contains 1827 sites
	-> Printing at chr: OZ034737.1 pos:11951065 chunknumber 361200 contains 259 sites
	-> Printing at chr: OZ034737.1 pos:11987013 chunknumber 361300 contains 339 sites
	-> Printing at chr: OZ034737.1 pos:12021006 chunknumber 361400 contains 269 sites
	-> Printing at chr: OZ034737.1 pos:12056557 chunknumber 361500 contains 331 sites
	-> Printing at chr: OZ034737.1 pos:12093195 chunknumber 361600 contains 920 sites
	-> Printing at chr: OZ034737.1 pos:12130707 chunknumber 361700 contains 303 sites
	-> Printing at chr: OZ034737.1 pos:12178026 chunknumber 361800 contains 449 sites
	-> Printing at chr: OZ034737.1 pos:12220766 chunknumber 361900 contains 496 sites
	-> Printing at chr: OZ034737.1 pos:12261363 chunknumber 362000 contains 332 sites
	-> Printing at chr: OZ034737.1 pos:12298158 chunknumber 362100 contains 280 sites
	-> Printing at chr: OZ034737.1 pos:12342114 chunknumber 362200 contains 332 sites
	-> Printing at chr: OZ034737.1 pos:12377715 chunknumber 362300 contains 254 sites
	-> Printing at chr: OZ034737.1 pos:12411212 chunknumber 362400 contains 501 sites
	-> Printing at chr: OZ034737.1 pos:12445866 chunknumber 362500 contains 254 sites
	-> Printing at chr: OZ034737.1 pos:12480390 chunknumber 362600 contains 253 sites
	-> Printing at chr: OZ034737.1 pos:12515945 chunknumber 362700 contains 409 sites
	-> Printing at chr: OZ034737.1 pos:12552028 chunknumber 362800 contains 385 sites
	-> Printing at chr: OZ034737.1 pos:12586996 chunknumber 362900 contains 255 sites
	-> Printing at chr: OZ034737.1 pos:12622374 chunknumber 363000 contains 740 sites
	-> Printing at chr: OZ034737.1 pos:12666294 chunknumber 363100 contains 971 sites
	-> Printing at chr: OZ034737.1 pos:12708274 chunknumber 363200 contains 505 sites
	-> Printing at chr: OZ034737.1 pos:12744627 chunknumber 363300 contains 366 sites
	-> Printing at chr: OZ034737.1 pos:12778310 chunknumber 363400 contains 290 sites
	-> Printing at chr: OZ034737.1 pos:12811669 chunknumber 363500 contains 252 sites
	-> Printing at chr: OZ034737.1 pos:12847347 chunknumber 363600 contains 256 sites
	-> Printing at chr: OZ034737.1 pos:12883085 chunknumber 363700 contains 408 sites
	-> Printing at chr: OZ034737.1 pos:12920135 chunknumber 363800 contains 371 sites
	-> Printing at chr: OZ034737.1 pos:12965382 chunknumber 363900 contains 432 sites
	-> Printing at chr: OZ034737.1 pos:12994663 chunknumber 364000 contains 253 sites
	-> Printing at chr: OZ034737.1 pos:13023491 chunknumber 364100 contains 258 sites
	-> Printing at chr: OZ034737.1 pos:13058869 chunknumber 364200 contains 256 sites
	-> Printing at chr: OZ034737.1 pos:13093879 chunknumber 364300 contains 359 sites
	-> Printing at chr: OZ034737.1 pos:13130526 chunknumber 364400 contains 414 sites
	-> Printing at chr: OZ034737.1 pos:13165860 chunknumber 364500 contains 324 sites
	-> Printing at chr: OZ034737.1 pos:13200645 chunknumber 364600 contains 264 sites
	-> Printing at chr: OZ034737.1 pos:13249582 chunknumber 364700 contains 280 sites
	-> Printing at chr: OZ034737.1 pos:13288637 chunknumber 364800 contains 288 sites
	-> Printing at chr: OZ034737.1 pos:13326106 chunknumber 364900 contains 416 sites
	-> Printing at chr: OZ034737.1 pos:13362953 chunknumber 365000 contains 497 sites
	-> Printing at chr: OZ034737.1 pos:13398967 chunknumber 365100 contains 282 sites
	-> Printing at chr: OZ034737.1 pos:13435197 chunknumber 365200 contains 297 sites
	-> Printing at chr: OZ034737.1 pos:13470391 chunknumber 365300 contains 318 sites
	-> Printing at chr: OZ034737.1 pos:13512688 chunknumber 365400 contains 574 sites
	-> Printing at chr: OZ034737.1 pos:13553194 chunknumber 365500 contains 301 sites
	-> Printing at chr: OZ034737.1 pos:13592188 chunknumber 365600 contains 255 sites
	-> Printing at chr: OZ034737.1 pos:13627531 chunknumber 365700 contains 254 sites
	-> Printing at chr: OZ034737.1 pos:13662451 chunknumber 365800 contains 325 sites
	-> Printing at chr: OZ034737.1 pos:13697787 chunknumber 365900 contains 493 sites
	-> Printing at chr: OZ034737.1 pos:13735093 chunknumber 366000 contains 340 sites
	-> Printing at chr: OZ034737.1 pos:13789528 chunknumber 366100 contains 370 sites
	-> Printing at chr: OZ034737.1 pos:13836563 chunknumber 366200 contains 416 sites
	-> Printing at chr: OZ034737.1 pos:13874597 chunknumber 366300 contains 448 sites
	-> Printing at chr: OZ034737.1 pos:13903662 chunknumber 366400 contains 253 sites
	-> Printing at chr: OZ034737.1 pos:13936035 chunknumber 366500 contains 255 sites
	-> Printing at chr: OZ034737.1 pos:13986621 chunknumber 366600 contains 417 sites
	-> Printing at chr: OZ034737.1 pos:14023142 chunknumber 366700 contains 421 sites
	-> Printing at chr: OZ034737.1 pos:14061825 chunknumber 366800 contains 447 sites
	-> Printing at chr: OZ034737.1 pos:14115871 chunknumber 366900 contains 565 sites
	-> Printing at chr: OZ034737.1 pos:14166757 chunknumber 367000 contains 836 sites
	-> Printing at chr: OZ034737.1 pos:14214556 chunknumber 367100 contains 254 sites
	-> Printing at chr: OZ034737.1 pos:14253660 chunknumber 367200 contains 511 sites
	-> Printing at chr: OZ034737.1 pos:14290137 chunknumber 367300 contains 278 sites
	-> Printing at chr: OZ034737.1 pos:14338775 chunknumber 367400 contains 251 sites
	-> Printing at chr: OZ034737.1 pos:14375506 chunknumber 367500 contains 325 sites
	-> Printing at chr: OZ034737.1 pos:14413311 chunknumber 367600 contains 336 sites
	-> Printing at chr: OZ034737.1 pos:14455104 chunknumber 367700 contains 300 sites
	-> Printing at chr: OZ034737.1 pos:14493341 chunknumber 367800 contains 1086 sites
	-> Printing at chr: OZ034737.1 pos:14528250 chunknumber 367900 contains 272 sites
	-> Printing at chr: OZ034737.1 pos:14562771 chunknumber 368000 contains 307 sites
	-> Printing at chr: OZ034737.1 pos:14599446 chunknumber 368100 contains 365 sites
	-> Printing at chr: OZ034737.1 pos:14635708 chunknumber 368200 contains 422 sites
	-> Printing at chr: OZ034737.1 pos:14671512 chunknumber 368300 contains 341 sites
	-> Printing at chr: OZ034737.1 pos:14767182 chunknumber 368400 contains 484 sites
	-> Printing at chr: OZ034737.1 pos:14801937 chunknumber 368500 contains 251 sites
	-> Printing at chr: OZ034737.1 pos:14831352 chunknumber 368600 contains 251 sites
	-> Printing at chr: OZ034737.1 pos:14867010 chunknumber 368700 contains 254 sites
	-> Printing at chr: OZ034737.1 pos:14904937 chunknumber 368800 contains 251 sites
	-> Printing at chr: OZ034737.1 pos:14939442 chunknumber 368900 contains 295 sites
	-> Printing at chr: OZ034737.1 pos:15006156 chunknumber 369000 contains 251 sites
	-> Printing at chr: OZ034737.1 pos:15060038 chunknumber 369100 contains 251 sites
	-> Printing at chr: OZ034737.1 pos:15109619 chunknumber 369200 contains 260 sites
	-> Printing at chr: OZ034737.1 pos:15167525 chunknumber 369300 contains 309 sites
	-> Printing at chr: OZ034737.1 pos:15208950 chunknumber 369400 contains 257 sites
	-> Printing at chr: OZ034737.1 pos:15251492 chunknumber 369500 contains 381 sites
	-> Printing at chr: OZ034737.1 pos:15287336 chunknumber 369600 contains 278 sites
	-> Printing at chr: OZ034737.1 pos:15321659 chunknumber 369700 contains 422 sites
	-> Printing at chr: OZ034737.1 pos:15356236 chunknumber 369800 contains 265 sites
	-> Printing at chr: OZ034737.1 pos:15391418 chunknumber 369900 contains 271 sites
	-> Printing at chr: OZ034737.1 pos:15428068 chunknumber 370000 contains 362 sites
	-> Printing at chr: OZ034737.1 pos:15474047 chunknumber 370100 contains 583 sites
	-> Printing at chr: OZ034737.1 pos:15556809 chunknumber 370200 contains 296 sites
	-> Printing at chr: OZ034737.1 pos:15597362 chunknumber 370300 contains 263 sites
	-> Printing at chr: OZ034737.1 pos:15649313 chunknumber 370400 contains 255 sites
	-> Printing at chr: OZ034737.1 pos:15686192 chunknumber 370500 contains 436 sites
	-> Printing at chr: OZ034737.1 pos:15721595 chunknumber 370600 contains 253 sites
	-> Printing at chr: OZ034737.1 pos:15755996 chunknumber 370700 contains 255 sites
	-> Printing at chr: OZ034737.1 pos:15793380 chunknumber 370800 contains 447 sites
	-> Printing at chr: OZ034737.1 pos:15828200 chunknumber 370900 contains 489 sites
	-> Printing at chr: OZ034737.1 pos:15863391 chunknumber 371000 contains 263 sites
	-> Printing at chr: OZ034737.1 pos:15912614 chunknumber 371100 contains 483 sites
	-> Printing at chr: OZ034737.1 pos:15950604 chunknumber 371200 contains 277 sites
	-> Printing at chr: OZ034737.1 pos:15984171 chunknumber 371300 contains 335 sites
	-> Printing at chr: OZ034737.1 pos:16020480 chunknumber 371400 contains 293 sites
	-> Printing at chr: OZ034737.1 pos:16054283 chunknumber 371500 contains 445 sites
	-> Printing at chr: OZ034737.1 pos:16093255 chunknumber 371600 contains 479 sites
	-> Printing at chr: OZ034737.1 pos:16127107 chunknumber 371700 contains 308 sites
	-> Printing at chr: OZ034737.1 pos:16167294 chunknumber 371800 contains 342 sites
	-> Printing at chr: OZ034737.1 pos:16203309 chunknumber 371900 contains 360 sites
	-> Printing at chr: OZ034737.1 pos:16240038 chunknumber 372000 contains 454 sites
	-> Printing at chr: OZ034737.1 pos:16285072 chunknumber 372100 contains 5484 sites
	-> Printing at chr: OZ034737.1 pos:16327964 chunknumber 372200 contains 367 sites
	-> Printing at chr: OZ034737.1 pos:16360458 chunknumber 372300 contains 351 sites
	-> Printing at chr: OZ034737.1 pos:16406740 chunknumber 372400 contains 314 sites
	-> Printing at chr: OZ034737.1 pos:16445583 chunknumber 372500 contains 251 sites
	-> Printing at chr: OZ034737.1 pos:16487098 chunknumber 372600 contains 316 sites
	-> Printing at chr: OZ034737.1 pos:16520584 chunknumber 372700 contains 316 sites
	-> Printing at chr: OZ034737.1 pos:16556745 chunknumber 372800 contains 337 sites
	-> Printing at chr: OZ034737.1 pos:16595642 chunknumber 372900 contains 324 sites
	-> Printing at chr: OZ034737.1 pos:16646863 chunknumber 373000 contains 358 sites
	-> Printing at chr: OZ034737.1 pos:16700875 chunknumber 373100 contains 254 sites
	-> Printing at chr: OZ034737.1 pos:16737157 chunknumber 373200 contains 403 sites
	-> Printing at chr: OZ034737.1 pos:16769744 chunknumber 373300 contains 259 sites
	-> Printing at chr: OZ034737.1 pos:16804156 chunknumber 373400 contains 272 sites
	-> Printing at chr: OZ034737.1 pos:16839595 chunknumber 373500 contains 255 sites
	-> Printing at chr: OZ034737.1 pos:16878537 chunknumber 373600 contains 418 sites
	-> Printing at chr: OZ034737.1 pos:16913181 chunknumber 373700 contains 368 sites
	-> Printing at chr: OZ034737.1 pos:16949508 chunknumber 373800 contains 251 sites
	-> Printing at chr: OZ034737.1 pos:16983835 chunknumber 373900 contains 299 sites
	-> Printing at chr: OZ034737.1 pos:17024846 chunknumber 374000 contains 1246 sites
	-> Printing at chr: OZ034737.1 pos:17070170 chunknumber 374100 contains 345 sites
	-> Printing at chr: OZ034737.1 pos:17103084 chunknumber 374200 contains 404 sites
	-> Printing at chr: OZ034737.1 pos:17138364 chunknumber 374300 contains 439 sites
	-> Printing at chr: OZ034737.1 pos:17173502 chunknumber 374400 contains 287 sites
	-> Printing at chr: OZ034737.1 pos:17211924 chunknumber 374500 contains 340 sites
	-> Printing at chr: OZ034737.1 pos:17257009 chunknumber 374600 contains 370 sites
	-> Printing at chr: OZ034737.1 pos:17293159 chunknumber 374700 contains 340 sites
	-> Printing at chr: OZ034737.1 pos:17327872 chunknumber 374800 contains 303 sites
	-> Printing at chr: OZ034737.1 pos:17363637 chunknumber 374900 contains 460 sites
	-> Printing at chr: OZ034737.1 pos:17425362 chunknumber 375000 contains 293 sites
	-> Printing at chr: OZ034737.1 pos:17512347 chunknumber 375100 contains 258 sites
	-> Printing at chr: OZ034737.1 pos:17554848 chunknumber 375200 contains 254 sites
	-> Printing at chr: OZ034737.1 pos:17634745 chunknumber 375300 contains 269 sites
	-> Printing at chr: OZ034737.1 pos:17712748 chunknumber 375400 contains 1300 sites
	-> Printing at chr: OZ034737.1 pos:17778230 chunknumber 375500 contains 255 sites
	-> Printing at chr: OZ034737.1 pos:17821078 chunknumber 375600 contains 288 sites
	-> Printing at chr: OZ034737.1 pos:17856817 chunknumber 375700 contains 313 sites
	-> Printing at chr: OZ034737.1 pos:17893250 chunknumber 375800 contains 350 sites
	-> Printing at chr: OZ034737.1 pos:17929492 chunknumber 375900 contains 462 sites
	-> Printing at chr: OZ034737.1 pos:17964252 chunknumber 376000 contains 402 sites
	-> Printing at chr: OZ034737.1 pos:18000650 chunknumber 376100 contains 351 sites
	-> Printing at chr: OZ034737.1 pos:18036278 chunknumber 376200 contains 358 sites
	-> Printing at chr: OZ034737.1 pos:18073230 chunknumber 376300 contains 263 sites
	-> Printing at chr: OZ034737.1 pos:18107432 chunknumber 376400 contains 361 sites
	-> Printing at chr: OZ034737.1 pos:18147455 chunknumber 376500 contains 486 sites
	-> Printing at chr: OZ034737.1 pos:18184684 chunknumber 376600 contains 349 sites
	-> Printing at chr: OZ034737.1 pos:18222126 chunknumber 376700 contains 384 sites
	-> Printing at chr: OZ034737.1 pos:18259768 chunknumber 376800 contains 460 sites
	-> Printing at chr: OZ034737.1 pos:18297604 chunknumber 376900 contains 809 sites
	-> Printing at chr: OZ034737.1 pos:18334769 chunknumber 377000 contains 465 sites
	-> Printing at chr: OZ034737.1 pos:18369494 chunknumber 377100 contains 336 sites
	-> Printing at chr: OZ034737.1 pos:18402464 chunknumber 377200 contains 315 sites
	-> Printing at chr: OZ034737.1 pos:18441720 chunknumber 377300 contains 283 sites
	-> Printing at chr: OZ034737.1 pos:18477951 chunknumber 377400 contains 444 sites
	-> Printing at chr: OZ034737.1 pos:18521696 chunknumber 377500 contains 273 sites
	-> Printing at chr: OZ034737.1 pos:18559827 chunknumber 377600 contains 575 sites
	-> Printing at chr: OZ034737.1 pos:18612124 chunknumber 377700 contains 445 sites
	-> Printing at chr: OZ034737.1 pos:18663935 chunknumber 377800 contains 271 sites
	-> Printing at chr: OZ034737.1 pos:18706592 chunknumber 377900 contains 318 sites
	-> Printing at chr: OZ034737.1 pos:18755502 chunknumber 378000 contains 292 sites
	-> Printing at chr: OZ034737.1 pos:18795096 chunknumber 378100 contains 408 sites
	-> Printing at chr: OZ034737.1 pos:18831199 chunknumber 378200 contains 276 sites
	-> Printing at chr: OZ034737.1 pos:18865051 chunknumber 378300 contains 277 sites
	-> Printing at chr: OZ034737.1 pos:19149132 chunknumber 378400 contains 1801 sites
	-> Printing at chr: OZ034737.1 pos:19215563 chunknumber 378500 contains 850 sites
	-> Printing at chr: OZ034737.1 pos:19260758 chunknumber 378600 contains 330 sites
	-> Printing at chr: OZ034737.1 pos:19296924 chunknumber 378700 contains 580 sites
	-> Printing at chr: OZ034737.1 pos:19333047 chunknumber 378800 contains 309 sites
	-> Printing at chr: OZ034737.1 pos:19369208 chunknumber 378900 contains 259 sites
	-> Printing at chr: OZ034737.1 pos:19403206 chunknumber 379000 contains 259 sites
	-> Printing at chr: OZ034737.1 pos:19439659 chunknumber 379100 contains 352 sites
	-> Printing at chr: OZ034737.1 pos:19471635 chunknumber 379200 contains 252 sites
	-> Printing at chr: OZ034737.1 pos:19503456 chunknumber 379300 contains 343 sites
	-> Printing at chr: OZ034737.1 pos:19537904 chunknumber 379400 contains 366 sites
	-> Printing at chr: OZ034737.1 pos:19571864 chunknumber 379500 contains 427 sites
	-> Printing at chr: OZ034737.1 pos:19609120 chunknumber 379600 contains 377 sites
	-> Printing at chr: OZ034737.1 pos:19650634 chunknumber 379700 contains 258 sites
	-> Printing at chr: OZ034737.1 pos:19687580 chunknumber 379800 contains 317 sites
	-> Printing at chr: OZ034737.1 pos:19721608 chunknumber 379900 contains 349 sites
	-> Printing at chr: OZ034737.1 pos:19757431 chunknumber 380000 contains 401 sites
	-> Printing at chr: OZ034737.1 pos:19792060 chunknumber 380100 contains 350 sites
	-> Printing at chr: OZ034737.1 pos:19827891 chunknumber 380200 contains 252 sites
	-> Printing at chr: OZ034737.1 pos:19863306 chunknumber 380300 contains 367 sites
	-> Printing at chr: OZ034737.1 pos:19899442 chunknumber 380400 contains 362 sites
	-> Printing at chr: OZ034737.1 pos:19933768 chunknumber 380500 contains 255 sites
	-> Printing at chr: OZ034737.1 pos:19966684 chunknumber 380600 contains 423 sites
	-> Printing at chr: OZ034737.1 pos:20000110 chunknumber 380700 contains 394 sites
	-> Printing at chr: OZ034737.1 pos:20050542 chunknumber 380800 contains 383 sites
	-> Printing at chr: OZ034737.1 pos:20090868 chunknumber 380900 contains 414 sites
	-> Printing at chr: OZ034737.1 pos:20125606 chunknumber 381000 contains 277 sites
	-> Printing at chr: OZ034737.1 pos:20160843 chunknumber 381100 contains 356 sites
	-> Printing at chr: OZ034737.1 pos:20198015 chunknumber 381200 contains 397 sites
	-> Printing at chr: OZ034737.1 pos:20260063 chunknumber 381300 contains 309 sites
	-> Printing at chr: OZ034737.1 pos:20295970 chunknumber 381400 contains 1100 sites
	-> Printing at chr: OZ034737.1 pos:20332499 chunknumber 381500 contains 314 sites
	-> Printing at chr: OZ034737.1 pos:20370707 chunknumber 381600 contains 362 sites
	-> Printing at chr: OZ034737.1 pos:20404874 chunknumber 381700 contains 251 sites
	-> Printing at chr: OZ034737.1 pos:20440123 chunknumber 381800 contains 298 sites
	-> Printing at chr: OZ034737.1 pos:20474365 chunknumber 381900 contains 461 sites
	-> Printing at chr: OZ034737.1 pos:20509845 chunknumber 382000 contains 423 sites
	-> Printing at chr: OZ034737.1 pos:20546111 chunknumber 382100 contains 292 sites
	-> Printing at chr: OZ034737.1 pos:20592010 chunknumber 382200 contains 251 sites
	-> Printing at chr: OZ034737.1 pos:20627307 chunknumber 382300 contains 301 sites
	-> Printing at chr: OZ034737.1 pos:20664480 chunknumber 382400 contains 385 sites
	-> Printing at chr: OZ034737.1 pos:20699280 chunknumber 382500 contains 342 sites
	-> Printing at chr: OZ034737.1 pos:20734512 chunknumber 382600 contains 413 sites
	-> Printing at chr: OZ034737.1 pos:20776541 chunknumber 382700 contains 283 sites
	-> Printing at chr: OZ034737.1 pos:20811717 chunknumber 382800 contains 404 sites
	-> Printing at chr: OZ034737.1 pos:20849081 chunknumber 382900 contains 359 sites
	-> Printing at chr: OZ034737.1 pos:20885906 chunknumber 383000 contains 503 sites
	-> Printing at chr: OZ034737.1 pos:20928603 chunknumber 383100 contains 379 sites
	-> Printing at chr: OZ034737.1 pos:20964695 chunknumber 383200 contains 340 sites
	-> Printing at chr: OZ034737.1 pos:20998531 chunknumber 383300 contains 354 sites
	-> Printing at chr: OZ034737.1 pos:21036013 chunknumber 383400 contains 252 sites
	-> Printing at chr: OZ034737.1 pos:21084008 chunknumber 383500 contains 251 sites
	-> Printing at chr: OZ034737.1 pos:21119976 chunknumber 383600 contains 498 sites
	-> Printing at chr: OZ034737.1 pos:21155729 chunknumber 383700 contains 386 sites
	-> Printing at chr: OZ034737.1 pos:21189521 chunknumber 383800 contains 466 sites
	-> Printing at chr: OZ034737.1 pos:21225528 chunknumber 383900 contains 300 sites
	-> Printing at chr: OZ034737.1 pos:21287668 chunknumber 384000 contains 430 sites
	-> Printing at chr: OZ034737.1 pos:21322618 chunknumber 384100 contains 408 sites
	-> Printing at chr: OZ034737.1 pos:21356616 chunknumber 384200 contains 260 sites
	-> Printing at chr: OZ034737.1 pos:21396798 chunknumber 384300 contains 280 sites
	-> Printing at chr: OZ034737.1 pos:21438012 chunknumber 384400 contains 408 sites
	-> Printing at chr: OZ034737.1 pos:21476794 chunknumber 384500 contains 301 sites
	-> Printing at chr: OZ034737.1 pos:21512276 chunknumber 384600 contains 275 sites
	-> Printing at chr: OZ034737.1 pos:21547260 chunknumber 384700 contains 290 sites
	-> Printing at chr: OZ034737.1 pos:21582630 chunknumber 384800 contains 311 sites
	-> Printing at chr: OZ034737.1 pos:21617445 chunknumber 384900 contains 373 sites
	-> Printing at chr: OZ034737.1 pos:21652301 chunknumber 385000 contains 265 sites
	-> Printing at chr: OZ034737.1 pos:21687805 chunknumber 385100 contains 254 sites
	-> Printing at chr: OZ034737.1 pos:21726221 chunknumber 385200 contains 292 sites
	-> Printing at chr: OZ034737.1 pos:21760204 chunknumber 385300 contains 538 sites
	-> Printing at chr: OZ034737.1 pos:21802191 chunknumber 385400 contains 442 sites
	-> Printing at chr: OZ034737.1 pos:21837650 chunknumber 385500 contains 454 sites
	-> Printing at chr: OZ034737.1 pos:21874198 chunknumber 385600 contains 325 sites
	-> Printing at chr: OZ034737.1 pos:21914445 chunknumber 385700 contains 432 sites
	-> Printing at chr: OZ034737.1 pos:21950948 chunknumber 385800 contains 265 sites
	-> Printing at chr: OZ034737.1 pos:21993457 chunknumber 385900 contains 252 sites
	-> Printing at chr: OZ034737.1 pos:22047257 chunknumber 386000 contains 313 sites
	-> Printing at chr: OZ034737.1 pos:22081835 chunknumber 386100 contains 253 sites
	-> Printing at chr: OZ034737.1 pos:22117645 chunknumber 386200 contains 381 sites
	-> Printing at chr: OZ034737.1 pos:22151839 chunknumber 386300 contains 265 sites
	-> Printing at chr: OZ034737.1 pos:22191457 chunknumber 386400 contains 335 sites
	-> Printing at chr: OZ034737.1 pos:22228738 chunknumber 386500 contains 402 sites
	-> Printing at chr: OZ034737.1 pos:22277339 chunknumber 386600 contains 613 sites
	-> Printing at chr: OZ034737.1 pos:22320849 chunknumber 386700 contains 308 sites
	-> Printing at chr: OZ034737.1 pos:22358330 chunknumber 386800 contains 350 sites
	-> Printing at chr: OZ034737.1 pos:22393514 chunknumber 386900 contains 314 sites
	-> Printing at chr: OZ034737.1 pos:22427064 chunknumber 387000 contains 251 sites
	-> Printing at chr: OZ034737.1 pos:22463220 chunknumber 387100 contains 286 sites
	-> Printing at chr: OZ034737.1 pos:22498235 chunknumber 387200 contains 306 sites
	-> Printing at chr: OZ034737.1 pos:22538860 chunknumber 387300 contains 252 sites
	-> Printing at chr: OZ034737.1 pos:22581646 chunknumber 387400 contains 533 sites
	-> Printing at chr: OZ034737.1 pos:22634764 chunknumber 387500 contains 391 sites
	-> Printing at chr: OZ034737.1 pos:22674125 chunknumber 387600 contains 498 sites
	-> Printing at chr: OZ034737.1 pos:22713185 chunknumber 387700 contains 311 sites
	-> Printing at chr: OZ034737.1 pos:22746151 chunknumber 387800 contains 301 sites
	-> Printing at chr: OZ034737.1 pos:22783123 chunknumber 387900 contains 341 sites
	-> Printing at chr: OZ034737.1 pos:22819955 chunknumber 388000 contains 484 sites
	-> Printing at chr: OZ034737.1 pos:22939939 chunknumber 388100 contains 382 sites
	-> Printing at chr: OZ034737.1 pos:22974896 chunknumber 388200 contains 338 sites
	-> Printing at chr: OZ034737.1 pos:23008396 chunknumber 388300 contains 395 sites
	-> Printing at chr: OZ034737.1 pos:23043951 chunknumber 388400 contains 348 sites
	-> Printing at chr: OZ034737.1 pos:23083070 chunknumber 388500 contains 534 sites
	-> Printing at chr: OZ034737.1 pos:23131372 chunknumber 388600 contains 263 sites
	-> Printing at chr: OZ034737.1 pos:23176052 chunknumber 388700 contains 275 sites
	-> Printing at chr: OZ034737.1 pos:23211644 chunknumber 388800 contains 424 sites
	-> Printing at chr: OZ034737.1 pos:23246280 chunknumber 388900 contains 260 sites
	-> Printing at chr: OZ034737.1 pos:23281936 chunknumber 389000 contains 268 sites
	-> Printing at chr: OZ034737.1 pos:23320937 chunknumber 389100 contains 308 sites
	-> Printing at chr: OZ034737.1 pos:23356027 chunknumber 389200 contains 388 sites
	-> Printing at chr: OZ034737.1 pos:23390084 chunknumber 389300 contains 344 sites
	-> Printing at chr: OZ034737.1 pos:23428967 chunknumber 389400 contains 424 sites
	-> Printing at chr: OZ034737.1 pos:23467520 chunknumber 389500 contains 275 sites
	-> Printing at chr: OZ034737.1 pos:23503641 chunknumber 389600 contains 457 sites
	-> Printing at chr: OZ034737.1 pos:23540780 chunknumber 389700 contains 301 sites
	-> Printing at chr: OZ034737.1 pos:23577477 chunknumber 389800 contains 257 sites
	-> Printing at chr: OZ034737.1 pos:23614932 chunknumber 389900 contains 358 sites
	-> Printing at chr: OZ034737.1 pos:23648871 chunknumber 390000 contains 257 sites
	-> Printing at chr: OZ034737.1 pos:23683587 chunknumber 390100 contains 431 sites
	-> Printing at chr: OZ034737.1 pos:23719185 chunknumber 390200 contains 465 sites
	-> Printing at chr: OZ034737.1 pos:23758195 chunknumber 390300 contains 252 sites
	-> Printing at chr: OZ034737.1 pos:23798634 chunknumber 390400 contains 822 sites
	-> Region lookup 8/142
	-> Printing at chr: OZ034738.1 pos:11158 chunknumber 390500 contains 252 sites
	-> Printing at chr: OZ034738.1 pos:55601 chunknumber 390600 contains 267 sites
	-> Printing at chr: OZ034738.1 pos:99907 chunknumber 390700 contains 257 sites
	-> Printing at chr: OZ034738.1 pos:136362 chunknumber 390800 contains 439 sites
	-> Printing at chr: OZ034738.1 pos:171424 chunknumber 390900 contains 267 sites
	-> Printing at chr: OZ034738.1 pos:206191 chunknumber 391000 contains 293 sites
	-> Printing at chr: OZ034738.1 pos:241850 chunknumber 391100 contains 298 sites
	-> Printing at chr: OZ034738.1 pos:275081 chunknumber 391200 contains 297 sites
	-> Printing at chr: OZ034738.1 pos:315477 chunknumber 391300 contains 334 sites
	-> Printing at chr: OZ034738.1 pos:350899 chunknumber 391400 contains 274 sites
	-> Printing at chr: OZ034738.1 pos:384888 chunknumber 391500 contains 289 sites
	-> Printing at chr: OZ034738.1 pos:420095 chunknumber 391600 contains 368 sites
	-> Printing at chr: OZ034738.1 pos:460971 chunknumber 391700 contains 396 sites
	-> Printing at chr: OZ034738.1 pos:496151 chunknumber 391800 contains 299 sites
	-> Printing at chr: OZ034738.1 pos:531177 chunknumber 391900 contains 279 sites
	-> Printing at chr: OZ034738.1 pos:567970 chunknumber 392000 contains 349 sites
	-> Printing at chr: OZ034738.1 pos:602967 chunknumber 392100 contains 252 sites
	-> Printing at chr: OZ034738.1 pos:638415 chunknumber 392200 contains 495 sites
	-> Printing at chr: OZ034738.1 pos:674479 chunknumber 392300 contains 381 sites
	-> Printing at chr: OZ034738.1 pos:708549 chunknumber 392400 contains 361 sites
	-> Printing at chr: OZ034738.1 pos:744306 chunknumber 392500 contains 251 sites
	-> Printing at chr: OZ034738.1 pos:791996 chunknumber 392600 contains 381 sites
	-> Printing at chr: OZ034738.1 pos:826817 chunknumber 392700 contains 364 sites
	-> Printing at chr: OZ034738.1 pos:886083 chunknumber 392800 contains 325 sites
	-> Printing at chr: OZ034738.1 pos:921403 chunknumber 392900 contains 361 sites
	-> Printing at chr: OZ034738.1 pos:957199 chunknumber 393000 contains 418 sites
	-> Printing at chr: OZ034738.1 pos:991426 chunknumber 393100 contains 434 sites
	-> Printing at chr: OZ034738.1 pos:1026407 chunknumber 393200 contains 364 sites
	-> Printing at chr: OZ034738.1 pos:1063834 chunknumber 393300 contains 294 sites
	-> Printing at chr: OZ034738.1 pos:1099614 chunknumber 393400 contains 328 sites
	-> Printing at chr: OZ034738.1 pos:1135594 chunknumber 393500 contains 302 sites
	-> Printing at chr: OZ034738.1 pos:1173868 chunknumber 393600 contains 367 sites
	-> Printing at chr: OZ034738.1 pos:1251380 chunknumber 393700 contains 2080 sites
	-> Printing at chr: OZ034738.1 pos:1472564 chunknumber 393800 contains 261 sites
	-> Printing at chr: OZ034738.1 pos:1535754 chunknumber 393900 contains 359 sites
	-> Printing at chr: OZ034738.1 pos:1572674 chunknumber 394000 contains 433 sites
	-> Printing at chr: OZ034738.1 pos:1611187 chunknumber 394100 contains 257 sites
	-> Printing at chr: OZ034738.1 pos:1647298 chunknumber 394200 contains 282 sites
	-> Printing at chr: OZ034738.1 pos:1691347 chunknumber 394300 contains 2617 sites
	-> Printing at chr: OZ034738.1 pos:1741544 chunknumber 394400 contains 383 sites
	-> Printing at chr: OZ034738.1 pos:1781065 chunknumber 394500 contains 266 sites
	-> Printing at chr: OZ034738.1 pos:1821974 chunknumber 394600 contains 314 sites
	-> Printing at chr: OZ034738.1 pos:1858126 chunknumber 394700 contains 316 sites
	-> Printing at chr: OZ034738.1 pos:1895530 chunknumber 394800 contains 412 sites
	-> Printing at chr: OZ034738.1 pos:1931936 chunknumber 394900 contains 374 sites
	-> Printing at chr: OZ034738.1 pos:1965419 chunknumber 395000 contains 371 sites
	-> Printing at chr: OZ034738.1 pos:2000693 chunknumber 395100 contains 334 sites
	-> Printing at chr: OZ034738.1 pos:2039147 chunknumber 395200 contains 260 sites
	-> Printing at chr: OZ034738.1 pos:2084488 chunknumber 395300 contains 420 sites
	-> Printing at chr: OZ034738.1 pos:2118747 chunknumber 395400 contains 324 sites
	-> Printing at chr: OZ034738.1 pos:2153862 chunknumber 395500 contains 399 sites
	-> Printing at chr: OZ034738.1 pos:2214647 chunknumber 395600 contains 255 sites
	-> Printing at chr: OZ034738.1 pos:2252506 chunknumber 395700 contains 447 sites
	-> Printing at chr: OZ034738.1 pos:2301319 chunknumber 395800 contains 257 sites
	-> Printing at chr: OZ034738.1 pos:2337836 chunknumber 395900 contains 314 sites
	-> Printing at chr: OZ034738.1 pos:2392909 chunknumber 396000 contains 395 sites
	-> Printing at chr: OZ034738.1 pos:2439165 chunknumber 396100 contains 299 sites
	-> Printing at chr: OZ034738.1 pos:2474649 chunknumber 396200 contains 445 sites
	-> Printing at chr: OZ034738.1 pos:2509264 chunknumber 396300 contains 254 sites
	-> Printing at chr: OZ034738.1 pos:2545016 chunknumber 396400 contains 469 sites
	-> Printing at chr: OZ034738.1 pos:2581512 chunknumber 396500 contains 335 sites
	-> Printing at chr: OZ034738.1 pos:2618086 chunknumber 396600 contains 380 sites
	-> Printing at chr: OZ034738.1 pos:2662683 chunknumber 396700 contains 251 sites
	-> Printing at chr: OZ034738.1 pos:2699757 chunknumber 396800 contains 278 sites
	-> Printing at chr: OZ034738.1 pos:2835237 chunknumber 396900 contains 695 sites
	-> Printing at chr: OZ034738.1 pos:2947380 chunknumber 397000 contains 6379 sites
	-> Printing at chr: OZ034738.1 pos:3144407 chunknumber 397100 contains 4412 sites
	-> Printing at chr: OZ034738.1 pos:3339641 chunknumber 397200 contains 532 sites
	-> Printing at chr: OZ034738.1 pos:3464381 chunknumber 397300 contains 329 sites
	-> Printing at chr: OZ034738.1 pos:3496962 chunknumber 397400 contains 322 sites
	-> Printing at chr: OZ034738.1 pos:3532999 chunknumber 397500 contains 395 sites
	-> Printing at chr: OZ034738.1 pos:3567113 chunknumber 397600 contains 298 sites
	-> Printing at chr: OZ034738.1 pos:3603038 chunknumber 397700 contains 327 sites
	-> Printing at chr: OZ034738.1 pos:3639731 chunknumber 397800 contains 379 sites
	-> Printing at chr: OZ034738.1 pos:3682889 chunknumber 397900 contains 523 sites
	-> Printing at chr: OZ034738.1 pos:3733592 chunknumber 398000 contains 255 sites
	-> Printing at chr: OZ034738.1 pos:3777089 chunknumber 398100 contains 305 sites
	-> Printing at chr: OZ034738.1 pos:3814524 chunknumber 398200 contains 390 sites
	-> Printing at chr: OZ034738.1 pos:3865435 chunknumber 398300 contains 268 sites
	-> Printing at chr: OZ034738.1 pos:3900790 chunknumber 398400 contains 284 sites
	-> Printing at chr: OZ034738.1 pos:3946143 chunknumber 398500 contains 422 sites
	-> Printing at chr: OZ034738.1 pos:3981746 chunknumber 398600 contains 326 sites
	-> Printing at chr: OZ034738.1 pos:4015722 chunknumber 398700 contains 383 sites
	-> Printing at chr: OZ034738.1 pos:4134196 chunknumber 398800 contains 1349 sites
	-> Printing at chr: OZ034738.1 pos:4293591 chunknumber 398900 contains 261 sites
	-> Printing at chr: OZ034738.1 pos:4325978 chunknumber 399000 contains 251 sites
	-> Printing at chr: OZ034738.1 pos:4395591 chunknumber 399100 contains 321 sites
	-> Printing at chr: OZ034738.1 pos:4461439 chunknumber 399200 contains 1548 sites
	-> Printing at chr: OZ034738.1 pos:4499287 chunknumber 399300 contains 277 sites
	-> Printing at chr: OZ034738.1 pos:4535804 chunknumber 399400 contains 1108 sites
	-> Printing at chr: OZ034738.1 pos:4574631 chunknumber 399500 contains 348 sites
	-> Printing at chr: OZ034738.1 pos:4607846 chunknumber 399600 contains 283 sites
	-> Printing at chr: OZ034738.1 pos:4661835 chunknumber 399700 contains 415 sites
	-> Printing at chr: OZ034738.1 pos:4699392 chunknumber 399800 contains 261 sites
	-> Printing at chr: OZ034738.1 pos:4767420 chunknumber 399900 contains 455 sites
	-> Printing at chr: OZ034738.1 pos:4805098 chunknumber 400000 contains 369 sites
	-> Printing at chr: OZ034738.1 pos:4839476 chunknumber 400100 contains 321 sites
	-> Printing at chr: OZ034738.1 pos:4874373 chunknumber 400200 contains 292 sites
	-> Printing at chr: OZ034738.1 pos:4911553 chunknumber 400300 contains 320 sites
	-> Printing at chr: OZ034738.1 pos:4970674 chunknumber 400400 contains 757 sites
	-> Printing at chr: OZ034738.1 pos:5097597 chunknumber 400500 contains 446 sites
	-> Printing at chr: OZ034738.1 pos:5203091 chunknumber 400600 contains 418 sites
	-> Printing at chr: OZ034738.1 pos:5238691 chunknumber 400700 contains 480 sites
	-> Printing at chr: OZ034738.1 pos:5275375 chunknumber 400800 contains 362 sites
	-> Printing at chr: OZ034738.1 pos:5312474 chunknumber 400900 contains 323 sites
	-> Printing at chr: OZ034738.1 pos:5348611 chunknumber 401000 contains 367 sites
	-> Printing at chr: OZ034738.1 pos:5385613 chunknumber 401100 contains 369 sites
	-> Printing at chr: OZ034738.1 pos:5420666 chunknumber 401200 contains 294 sites
	-> Printing at chr: OZ034738.1 pos:6270914 chunknumber 401300 contains 254 sites
	-> Printing at chr: OZ034738.1 pos:6453279 chunknumber 401400 contains 386 sites
	-> Printing at chr: OZ034738.1 pos:6496457 chunknumber 401500 contains 275 sites
	-> Printing at chr: OZ034738.1 pos:6532223 chunknumber 401600 contains 410 sites
	-> Printing at chr: OZ034738.1 pos:6565073 chunknumber 401700 contains 345 sites
	-> Printing at chr: OZ034738.1 pos:6618620 chunknumber 401800 contains 318 sites
	-> Printing at chr: OZ034738.1 pos:6653455 chunknumber 401900 contains 325 sites
	-> Printing at chr: OZ034738.1 pos:6694383 chunknumber 402000 contains 478 sites
	-> Printing at chr: OZ034738.1 pos:6752276 chunknumber 402100 contains 498 sites
	-> Printing at chr: OZ034738.1 pos:6788051 chunknumber 402200 contains 347 sites
	-> Printing at chr: OZ034738.1 pos:6824548 chunknumber 402300 contains 563 sites
	-> Printing at chr: OZ034738.1 pos:6926523 chunknumber 402400 contains 999 sites
	-> Printing at chr: OZ034738.1 pos:6968287 chunknumber 402500 contains 301 sites
	-> Printing at chr: OZ034738.1 pos:7011216 chunknumber 402600 contains 379 sites
	-> Printing at chr: OZ034738.1 pos:7047252 chunknumber 402700 contains 345 sites
	-> Printing at chr: OZ034738.1 pos:7095227 chunknumber 402800 contains 513 sites
	-> Printing at chr: OZ034738.1 pos:7131450 chunknumber 402900 contains 326 sites
	-> Printing at chr: OZ034738.1 pos:7166351 chunknumber 403000 contains 343 sites
	-> Printing at chr: OZ034738.1 pos:7203065 chunknumber 403100 contains 353 sites
	-> Printing at chr: OZ034738.1 pos:7240870 chunknumber 403200 contains 256 sites
	-> Printing at chr: OZ034738.1 pos:7277663 chunknumber 403300 contains 392 sites
	-> Printing at chr: OZ034738.1 pos:7316647 chunknumber 403400 contains 325 sites
	-> Printing at chr: OZ034738.1 pos:7361521 chunknumber 403500 contains 260 sites
	-> Printing at chr: OZ034738.1 pos:7396520 chunknumber 403600 contains 402 sites
	-> Printing at chr: OZ034738.1 pos:7433543 chunknumber 403700 contains 320 sites
	-> Printing at chr: OZ034738.1 pos:7468878 chunknumber 403800 contains 473 sites
	-> Printing at chr: OZ034738.1 pos:7505386 chunknumber 403900 contains 361 sites
	-> Printing at chr: OZ034738.1 pos:7542708 chunknumber 404000 contains 302 sites
	-> Printing at chr: OZ034738.1 pos:7618648 chunknumber 404100 contains 377 sites
	-> Printing at chr: OZ034738.1 pos:7663322 chunknumber 404200 contains 260 sites
	-> Printing at chr: OZ034738.1 pos:7699283 chunknumber 404300 contains 295 sites
	-> Printing at chr: OZ034738.1 pos:7737824 chunknumber 404400 contains 285 sites
	-> Printing at chr: OZ034738.1 pos:7794986 chunknumber 404500 contains 2822 sites
	-> Printing at chr: OZ034738.1 pos:8052023 chunknumber 404600 contains 2917 sites
	-> Printing at chr: OZ034738.1 pos:8104536 chunknumber 404700 contains 434 sites
	-> Printing at chr: OZ034738.1 pos:8143076 chunknumber 404800 contains 252 sites
	-> Printing at chr: OZ034738.1 pos:8178619 chunknumber 404900 contains 404 sites
	-> Printing at chr: OZ034738.1 pos:8225395 chunknumber 405000 contains 341 sites
	-> Printing at chr: OZ034738.1 pos:8264527 chunknumber 405100 contains 253 sites
	-> Printing at chr: OZ034738.1 pos:8297870 chunknumber 405200 contains 303 sites
	-> Printing at chr: OZ034738.1 pos:8347562 chunknumber 405300 contains 327 sites
	-> Printing at chr: OZ034738.1 pos:8384622 chunknumber 405400 contains 358 sites
	-> Printing at chr: OZ034738.1 pos:8418447 chunknumber 405500 contains 340 sites
	-> Printing at chr: OZ034738.1 pos:8459340 chunknumber 405600 contains 330 sites
	-> Printing at chr: OZ034738.1 pos:8506689 chunknumber 405700 contains 308 sites
	-> Printing at chr: OZ034738.1 pos:8583498 chunknumber 405800 contains 252 sites
	-> Printing at chr: OZ034738.1 pos:8634365 chunknumber 405900 contains 505 sites
	-> Printing at chr: OZ034738.1 pos:8681729 chunknumber 406000 contains 383 sites
	-> Printing at chr: OZ034738.1 pos:8718554 chunknumber 406100 contains 376 sites
	-> Printing at chr: OZ034738.1 pos:8759515 chunknumber 406200 contains 468 sites
	-> Printing at chr: OZ034738.1 pos:8794919 chunknumber 406300 contains 263 sites
	-> Printing at chr: OZ034738.1 pos:8833283 chunknumber 406400 contains 268 sites
	-> Printing at chr: OZ034738.1 pos:8909388 chunknumber 406500 contains 497 sites
	-> Printing at chr: OZ034738.1 pos:8945824 chunknumber 406600 contains 360 sites
	-> Printing at chr: OZ034738.1 pos:8983643 chunknumber 406700 contains 327 sites
	-> Printing at chr: OZ034738.1 pos:9018980 chunknumber 406800 contains 254 sites
	-> Printing at chr: OZ034738.1 pos:9058665 chunknumber 406900 contains 334 sites
	-> Printing at chr: OZ034738.1 pos:9136327 chunknumber 407000 contains 282 sites
	-> Printing at chr: OZ034738.1 pos:9188897 chunknumber 407100 contains 683 sites
	-> Printing at chr: OZ034738.1 pos:9234378 chunknumber 407200 contains 323 sites
	-> Printing at chr: OZ034738.1 pos:9270431 chunknumber 407300 contains 293 sites
	-> Printing at chr: OZ034738.1 pos:9304099 chunknumber 407400 contains 253 sites
	-> Printing at chr: OZ034738.1 pos:9343187 chunknumber 407500 contains 256 sites
	-> Printing at chr: OZ034738.1 pos:9407476 chunknumber 407600 contains 321 sites
	-> Printing at chr: OZ034738.1 pos:9450876 chunknumber 407700 contains 323 sites
	-> Printing at chr: OZ034738.1 pos:9504301 chunknumber 407800 contains 532 sites
	-> Printing at chr: OZ034738.1 pos:9664661 chunknumber 407900 contains 1797 sites
	-> Printing at chr: OZ034738.1 pos:9736883 chunknumber 408000 contains 251 sites
	-> Printing at chr: OZ034738.1 pos:9781845 chunknumber 408100 contains 529 sites
	-> Printing at chr: OZ034738.1 pos:9818163 chunknumber 408200 contains 360 sites
	-> Printing at chr: OZ034738.1 pos:9866534 chunknumber 408300 contains 567 sites
	-> Printing at chr: OZ034738.1 pos:10019392 chunknumber 408400 contains 436 sites
	-> Printing at chr: OZ034738.1 pos:10314791 chunknumber 408500 contains 433 sites
	-> Printing at chr: OZ034738.1 pos:10361648 chunknumber 408600 contains 363 sites
	-> Printing at chr: OZ034738.1 pos:10445222 chunknumber 408700 contains 1394 sites
	-> Printing at chr: OZ034738.1 pos:10480871 chunknumber 408800 contains 291 sites
	-> Printing at chr: OZ034738.1 pos:10516140 chunknumber 408900 contains 251 sites
	-> Printing at chr: OZ034738.1 pos:10553403 chunknumber 409000 contains 445 sites
	-> Printing at chr: OZ034738.1 pos:10595562 chunknumber 409100 contains 301 sites
	-> Printing at chr: OZ034738.1 pos:10648911 chunknumber 409200 contains 2551 sites
	-> Printing at chr: OZ034738.1 pos:10698671 chunknumber 409300 contains 298 sites
	-> Printing at chr: OZ034738.1 pos:10761417 chunknumber 409400 contains 681 sites
	-> Printing at chr: OZ034738.1 pos:10804160 chunknumber 409500 contains 296 sites
	-> Printing at chr: OZ034738.1 pos:10839873 chunknumber 409600 contains 512 sites
	-> Printing at chr: OZ034738.1 pos:10881494 chunknumber 409700 contains 498 sites
	-> Printing at chr: OZ034738.1 pos:10927204 chunknumber 409800 contains 305 sites
	-> Printing at chr: OZ034738.1 pos:11033435 chunknumber 409900 contains 965 sites
	-> Printing at chr: OZ034738.1 pos:11166842 chunknumber 410000 contains 789 sites
	-> Printing at chr: OZ034738.1 pos:11215481 chunknumber 410100 contains 252 sites
	-> Printing at chr: OZ034738.1 pos:11248482 chunknumber 410200 contains 390 sites
	-> Printing at chr: OZ034738.1 pos:11283788 chunknumber 410300 contains 312 sites
	-> Printing at chr: OZ034738.1 pos:11320625 chunknumber 410400 contains 336 sites
	-> Printing at chr: OZ034738.1 pos:11401799 chunknumber 410500 contains 254 sites
	-> Printing at chr: OZ034738.1 pos:11436826 chunknumber 410600 contains 559 sites
	-> Printing at chr: OZ034738.1 pos:11473875 chunknumber 410700 contains 467 sites
	-> Printing at chr: OZ034738.1 pos:11510804 chunknumber 410800 contains 257 sites
	-> Printing at chr: OZ034738.1 pos:11547759 chunknumber 410900 contains 341 sites
	-> Printing at chr: OZ034738.1 pos:11581445 chunknumber 411000 contains 267 sites
	-> Printing at chr: OZ034738.1 pos:11624581 chunknumber 411100 contains 352 sites
	-> Printing at chr: OZ034738.1 pos:11664208 chunknumber 411200 contains 371 sites
	-> Printing at chr: OZ034738.1 pos:11700266 chunknumber 411300 contains 408 sites
	-> Printing at chr: OZ034738.1 pos:11735961 chunknumber 411400 contains 357 sites
	-> Printing at chr: OZ034738.1 pos:11774758 chunknumber 411500 contains 253 sites
	-> Printing at chr: OZ034738.1 pos:11809724 chunknumber 411600 contains 356 sites
	-> Printing at chr: OZ034738.1 pos:11853682 chunknumber 411700 contains 494 sites
	-> Printing at chr: OZ034738.1 pos:11942688 chunknumber 411800 contains 321 sites
	-> Printing at chr: OZ034738.1 pos:12004510 chunknumber 411900 contains 255 sites
	-> Printing at chr: OZ034738.1 pos:12090826 chunknumber 412000 contains 268 sites
	-> Printing at chr: OZ034738.1 pos:12127750 chunknumber 412100 contains 338 sites
	-> Printing at chr: OZ034738.1 pos:12164227 chunknumber 412200 contains 504 sites
	-> Printing at chr: OZ034738.1 pos:12201204 chunknumber 412300 contains 292 sites
	-> Printing at chr: OZ034738.1 pos:12235815 chunknumber 412400 contains 516 sites
	-> Printing at chr: OZ034738.1 pos:12271984 chunknumber 412500 contains 355 sites
	-> Printing at chr: OZ034738.1 pos:12309197 chunknumber 412600 contains 371 sites
	-> Printing at chr: OZ034738.1 pos:12351807 chunknumber 412700 contains 265 sites
	-> Printing at chr: OZ034738.1 pos:12387558 chunknumber 412800 contains 343 sites
	-> Printing at chr: OZ034738.1 pos:12427313 chunknumber 412900 contains 255 sites
	-> Printing at chr: OZ034738.1 pos:12462726 chunknumber 413000 contains 348 sites
	-> Printing at chr: OZ034738.1 pos:12546969 chunknumber 413100 contains 449 sites
	-> Printing at chr: OZ034738.1 pos:12639917 chunknumber 413200 contains 3593 sites
	-> Printing at chr: OZ034738.1 pos:12741082 chunknumber 413300 contains 416 sites
	-> Printing at chr: OZ034738.1 pos:12776159 chunknumber 413400 contains 408 sites
	-> Printing at chr: OZ034738.1 pos:12813017 chunknumber 413500 contains 273 sites
	-> Printing at chr: OZ034738.1 pos:12865814 chunknumber 413600 contains 295 sites
	-> Printing at chr: OZ034738.1 pos:12900674 chunknumber 413700 contains 296 sites
	-> Printing at chr: OZ034738.1 pos:12934025 chunknumber 413800 contains 498 sites
	-> Printing at chr: OZ034738.1 pos:12972718 chunknumber 413900 contains 345 sites
	-> Printing at chr: OZ034738.1 pos:13007723 chunknumber 414000 contains 315 sites
	-> Printing at chr: OZ034738.1 pos:13040322 chunknumber 414100 contains 315 sites
	-> Printing at chr: OZ034738.1 pos:13087539 chunknumber 414200 contains 269 sites
	-> Printing at chr: OZ034738.1 pos:13121860 chunknumber 414300 contains 341 sites
	-> Printing at chr: OZ034738.1 pos:13162630 chunknumber 414400 contains 441 sites
	-> Printing at chr: OZ034738.1 pos:13200768 chunknumber 414500 contains 2273 sites
	-> Printing at chr: OZ034738.1 pos:13241821 chunknumber 414600 contains 291 sites
	-> Printing at chr: OZ034738.1 pos:13274935 chunknumber 414700 contains 430 sites
	-> Printing at chr: OZ034738.1 pos:13309639 chunknumber 414800 contains 252 sites
	-> Printing at chr: OZ034738.1 pos:13351537 chunknumber 414900 contains 459 sites
	-> Printing at chr: OZ034738.1 pos:13386529 chunknumber 415000 contains 284 sites
	-> Printing at chr: OZ034738.1 pos:13429381 chunknumber 415100 contains 251 sites
	-> Printing at chr: OZ034738.1 pos:13532762 chunknumber 415200 contains 412 sites
	-> Printing at chr: OZ034738.1 pos:13579018 chunknumber 415300 contains 381 sites
	-> Printing at chr: OZ034738.1 pos:13626826 chunknumber 415400 contains 306 sites
	-> Printing at chr: OZ034738.1 pos:13699377 chunknumber 415500 contains 251 sites
	-> Printing at chr: OZ034738.1 pos:13739130 chunknumber 415600 contains 274 sites
	-> Printing at chr: OZ034738.1 pos:13798169 chunknumber 415700 contains 392 sites
	-> Printing at chr: OZ034738.1 pos:13839967 chunknumber 415800 contains 270 sites
	-> Printing at chr: OZ034738.1 pos:13903875 chunknumber 415900 contains 458 sites
	-> Printing at chr: OZ034738.1 pos:13943364 chunknumber 416000 contains 292 sites
	-> Printing at chr: OZ034738.1 pos:13994853 chunknumber 416100 contains 1862 sites
	-> Printing at chr: OZ034738.1 pos:14045630 chunknumber 416200 contains 407 sites
	-> Printing at chr: OZ034738.1 pos:14090238 chunknumber 416300 contains 476 sites
	-> Printing at chr: OZ034738.1 pos:14126622 chunknumber 416400 contains 254 sites
	-> Printing at chr: OZ034738.1 pos:14163367 chunknumber 416500 contains 385 sites
	-> Printing at chr: OZ034738.1 pos:14197960 chunknumber 416600 contains 256 sites
	-> Printing at chr: OZ034738.1 pos:14232195 chunknumber 416700 contains 294 sites
	-> Printing at chr: OZ034738.1 pos:14270250 chunknumber 416800 contains 376 sites
	-> Printing at chr: OZ034738.1 pos:14307333 chunknumber 416900 contains 506 sites
	-> Printing at chr: OZ034738.1 pos:14388728 chunknumber 417000 contains 1899 sites
	-> Printing at chr: OZ034738.1 pos:14467884 chunknumber 417100 contains 370 sites
	-> Printing at chr: OZ034738.1 pos:14571671 chunknumber 417200 contains 473 sites
	-> Printing at chr: OZ034738.1 pos:14627816 chunknumber 417300 contains 300 sites
	-> Printing at chr: OZ034738.1 pos:14667336 chunknumber 417400 contains 261 sites
	-> Printing at chr: OZ034738.1 pos:14706910 chunknumber 417500 contains 366 sites
	-> Printing at chr: OZ034738.1 pos:14743958 chunknumber 417600 contains 261 sites
	-> Printing at chr: OZ034738.1 pos:14781502 chunknumber 417700 contains 356 sites
	-> Printing at chr: OZ034738.1 pos:14817534 chunknumber 417800 contains 466 sites
	-> Printing at chr: OZ034738.1 pos:14986434 chunknumber 417900 contains 4246 sites
	-> Printing at chr: OZ034738.1 pos:15029304 chunknumber 418000 contains 336 sites
	-> Printing at chr: OZ034738.1 pos:15065624 chunknumber 418100 contains 270 sites
	-> Printing at chr: OZ034738.1 pos:15101294 chunknumber 418200 contains 321 sites
	-> Printing at chr: OZ034738.1 pos:15146833 chunknumber 418300 contains 261 sites
	-> Printing at chr: OZ034738.1 pos:15217573 chunknumber 418400 contains 380 sites
	-> Printing at chr: OZ034738.1 pos:15254171 chunknumber 418500 contains 271 sites
	-> Printing at chr: OZ034738.1 pos:15288577 chunknumber 418600 contains 323 sites
	-> Printing at chr: OZ034738.1 pos:15410262 chunknumber 418700 contains 3954 sites
	-> Printing at chr: OZ034738.1 pos:15673433 chunknumber 418800 contains 255 sites
	-> Printing at chr: OZ034738.1 pos:15707942 chunknumber 418900 contains 463 sites
	-> Printing at chr: OZ034738.1 pos:15743861 chunknumber 419000 contains 419 sites
	-> Printing at chr: OZ034738.1 pos:15789916 chunknumber 419100 contains 356 sites
	-> Printing at chr: OZ034738.1 pos:15825312 chunknumber 419200 contains 336 sites
	-> Printing at chr: OZ034738.1 pos:15881760 chunknumber 419300 contains 256 sites
	-> Printing at chr: OZ034738.1 pos:16098566 chunknumber 419400 contains 2361 sites
	-> Printing at chr: OZ034738.1 pos:16167083 chunknumber 419500 contains 254 sites
	-> Printing at chr: OZ034738.1 pos:16206876 chunknumber 419600 contains 2087 sites
	-> Printing at chr: OZ034738.1 pos:16246171 chunknumber 419700 contains 439 sites
	-> Printing at chr: OZ034738.1 pos:16283489 chunknumber 419800 contains 321 sites
	-> Printing at chr: OZ034738.1 pos:16319902 chunknumber 419900 contains 311 sites
	-> Printing at chr: OZ034738.1 pos:16357328 chunknumber 420000 contains 264 sites
	-> Printing at chr: OZ034738.1 pos:16393586 chunknumber 420100 contains 315 sites
	-> Printing at chr: OZ034738.1 pos:16428514 chunknumber 420200 contains 314 sites
	-> Printing at chr: OZ034738.1 pos:16465408 chunknumber 420300 contains 421 sites
	-> Printing at chr: OZ034738.1 pos:16500296 chunknumber 420400 contains 340 sites
	-> Printing at chr: OZ034738.1 pos:16536220 chunknumber 420500 contains 297 sites
	-> Printing at chr: OZ034738.1 pos:16570937 chunknumber 420600 contains 509 sites
	-> Printing at chr: OZ034738.1 pos:16627004 chunknumber 420700 contains 471 sites
	-> Printing at chr: OZ034738.1 pos:16665525 chunknumber 420800 contains 372 sites
	-> Printing at chr: OZ034738.1 pos:16699511 chunknumber 420900 contains 271 sites
	-> Printing at chr: OZ034738.1 pos:16732709 chunknumber 421000 contains 459 sites
	-> Printing at chr: OZ034738.1 pos:16767747 chunknumber 421100 contains 304 sites
	-> Printing at chr: OZ034738.1 pos:16812095 chunknumber 421200 contains 380 sites
	-> Printing at chr: OZ034738.1 pos:16860540 chunknumber 421300 contains 252 sites
	-> Printing at chr: OZ034738.1 pos:16896212 chunknumber 421400 contains 302 sites
	-> Printing at chr: OZ034738.1 pos:16934254 chunknumber 421500 contains 364 sites
	-> Printing at chr: OZ034738.1 pos:16992225 chunknumber 421600 contains 305 sites
	-> Printing at chr: OZ034738.1 pos:17131348 chunknumber 421700 contains 262 sites
	-> Printing at chr: OZ034738.1 pos:17173807 chunknumber 421800 contains 442 sites
	-> Printing at chr: OZ034738.1 pos:17211675 chunknumber 421900 contains 254 sites
	-> Printing at chr: OZ034738.1 pos:17252708 chunknumber 422000 contains 899 sites
	-> Printing at chr: OZ034738.1 pos:17320603 chunknumber 422100 contains 494 sites
	-> Printing at chr: OZ034738.1 pos:17390387 chunknumber 422200 contains 924 sites
	-> Printing at chr: OZ034738.1 pos:17433835 chunknumber 422300 contains 762 sites
	-> Printing at chr: OZ034738.1 pos:17524949 chunknumber 422400 contains 254 sites
	-> Printing at chr: OZ034738.1 pos:17558962 chunknumber 422500 contains 300 sites
	-> Printing at chr: OZ034738.1 pos:17595593 chunknumber 422600 contains 413 sites
	-> Printing at chr: OZ034738.1 pos:17639701 chunknumber 422700 contains 503 sites
	-> Printing at chr: OZ034738.1 pos:17677360 chunknumber 422800 contains 383 sites
	-> Printing at chr: OZ034738.1 pos:17725399 chunknumber 422900 contains 1197 sites
	-> Printing at chr: OZ034738.1 pos:17787952 chunknumber 423000 contains 958 sites
	-> Printing at chr: OZ034738.1 pos:17825784 chunknumber 423100 contains 667 sites
	-> Printing at chr: OZ034738.1 pos:17872224 chunknumber 423200 contains 1141 sites
	-> Printing at chr: OZ034738.1 pos:17916631 chunknumber 423300 contains 263 sites
	-> Printing at chr: OZ034738.1 pos:17954173 chunknumber 423400 contains 418 sites
	-> Printing at chr: OZ034738.1 pos:18001148 chunknumber 423500 contains 369 sites
	-> Printing at chr: OZ034738.1 pos:18038655 chunknumber 423600 contains 253 sites
	-> Printing at chr: OZ034738.1 pos:18074729 chunknumber 423700 contains 253 sites
	-> Printing at chr: OZ034738.1 pos:18127808 chunknumber 423800 contains 269 sites
	-> Printing at chr: OZ034738.1 pos:18165407 chunknumber 423900 contains 459 sites
	-> Printing at chr: OZ034738.1 pos:18201728 chunknumber 424000 contains 340 sites
	-> Printing at chr: OZ034738.1 pos:18236705 chunknumber 424100 contains 652 sites
	-> Printing at chr: OZ034738.1 pos:18274244 chunknumber 424200 contains 255 sites
	-> Printing at chr: OZ034738.1 pos:18316844 chunknumber 424300 contains 551 sites
	-> Printing at chr: OZ034738.1 pos:18351576 chunknumber 424400 contains 324 sites
	-> Printing at chr: OZ034738.1 pos:18400232 chunknumber 424500 contains 377 sites
	-> Printing at chr: OZ034738.1 pos:18489616 chunknumber 424600 contains 521 sites
	-> Printing at chr: OZ034738.1 pos:18540697 chunknumber 424700 contains 281 sites
	-> Printing at chr: OZ034738.1 pos:18576118 chunknumber 424800 contains 327 sites
	-> Printing at chr: OZ034738.1 pos:18618821 chunknumber 424900 contains 286 sites
	-> Printing at chr: OZ034738.1 pos:18654699 chunknumber 425000 contains 414 sites
	-> Printing at chr: OZ034738.1 pos:18691242 chunknumber 425100 contains 477 sites
	-> Printing at chr: OZ034738.1 pos:18726809 chunknumber 425200 contains 260 sites
	-> Printing at chr: OZ034738.1 pos:18763236 chunknumber 425300 contains 408 sites
	-> Printing at chr: OZ034738.1 pos:18905196 chunknumber 425400 contains 355 sites
	-> Printing at chr: OZ034738.1 pos:18943599 chunknumber 425500 contains 288 sites
	-> Printing at chr: OZ034738.1 pos:18979131 chunknumber 425600 contains 445 sites
	-> Printing at chr: OZ034738.1 pos:19016041 chunknumber 425700 contains 450 sites
	-> Printing at chr: OZ034738.1 pos:19055193 chunknumber 425800 contains 266 sites
	-> Printing at chr: OZ034738.1 pos:19169598 chunknumber 425900 contains 251 sites
	-> Printing at chr: OZ034738.1 pos:19247641 chunknumber 426000 contains 1030 sites
	-> Printing at chr: OZ034738.1 pos:19412946 chunknumber 426100 contains 4400 sites
	-> Printing at chr: OZ034738.1 pos:19560841 chunknumber 426200 contains 1562 sites
	-> Printing at chr: OZ034738.1 pos:19664546 chunknumber 426300 contains 1187 sites
	-> Printing at chr: OZ034738.1 pos:19729181 chunknumber 426400 contains 1535 sites
	-> Printing at chr: OZ034738.1 pos:19827017 chunknumber 426500 contains 252 sites
	-> Printing at chr: OZ034738.1 pos:19948560 chunknumber 426600 contains 399 sites
	-> Printing at chr: OZ034738.1 pos:20069826 chunknumber 426700 contains 486 sites
	-> Printing at chr: OZ034738.1 pos:20140338 chunknumber 426800 contains 251 sites
	-> Printing at chr: OZ034738.1 pos:20174648 chunknumber 426900 contains 432 sites
	-> Printing at chr: OZ034738.1 pos:20221332 chunknumber 427000 contains 363 sites
	-> Printing at chr: OZ034738.1 pos:20255051 chunknumber 427100 contains 352 sites
	-> Printing at chr: OZ034738.1 pos:20319641 chunknumber 427200 contains 1235 sites
	-> Printing at chr: OZ034738.1 pos:20359347 chunknumber 427300 contains 468 sites
	-> Printing at chr: OZ034738.1 pos:20457559 chunknumber 427400 contains 323 sites
	-> Printing at chr: OZ034738.1 pos:20495747 chunknumber 427500 contains 456 sites
	-> Printing at chr: OZ034738.1 pos:20529331 chunknumber 427600 contains 360 sites
	-> Printing at chr: OZ034738.1 pos:20565794 chunknumber 427700 contains 279 sites
	-> Printing at chr: OZ034738.1 pos:20604347 chunknumber 427800 contains 289 sites
	-> Printing at chr: OZ034738.1 pos:20640878 chunknumber 427900 contains 258 sites
	-> Printing at chr: OZ034738.1 pos:20706020 chunknumber 428000 contains 374 sites
	-> Printing at chr: OZ034738.1 pos:20743597 chunknumber 428100 contains 727 sites
	-> Printing at chr: OZ034738.1 pos:20782073 chunknumber 428200 contains 251 sites
	-> Printing at chr: OZ034738.1 pos:20816430 chunknumber 428300 contains 607 sites
	-> Printing at chr: OZ034738.1 pos:20853600 chunknumber 428400 contains 662 sites
	-> Printing at chr: OZ034738.1 pos:20889269 chunknumber 428500 contains 286 sites
	-> Printing at chr: OZ034738.1 pos:20924119 chunknumber 428600 contains 339 sites
	-> Printing at chr: OZ034738.1 pos:20960776 chunknumber 428700 contains 356 sites
	-> Printing at chr: OZ034738.1 pos:21005227 chunknumber 428800 contains 503 sites
	-> Printing at chr: OZ034738.1 pos:21042897 chunknumber 428900 contains 669 sites
	-> Printing at chr: OZ034738.1 pos:21078288 chunknumber 429000 contains 303 sites
	-> Printing at chr: OZ034738.1 pos:21115219 chunknumber 429100 contains 535 sites
	-> Printing at chr: OZ034738.1 pos:21150279 chunknumber 429200 contains 318 sites
	-> Printing at chr: OZ034738.1 pos:21199360 chunknumber 429300 contains 349 sites
	-> Printing at chr: OZ034738.1 pos:21236996 chunknumber 429400 contains 433 sites
	-> Printing at chr: OZ034738.1 pos:21271472 chunknumber 429500 contains 265 sites
	-> Printing at chr: OZ034738.1 pos:21311521 chunknumber 429600 contains 263 sites
	-> Printing at chr: OZ034738.1 pos:21346266 chunknumber 429700 contains 473 sites
	-> Printing at chr: OZ034738.1 pos:21380965 chunknumber 429800 contains 365 sites
	-> Printing at chr: OZ034738.1 pos:21416255 chunknumber 429900 contains 378 sites
	-> Printing at chr: OZ034738.1 pos:21451965 chunknumber 430000 contains 287 sites
	-> Printing at chr: OZ034738.1 pos:21541118 chunknumber 430100 contains 1192 sites
	-> Printing at chr: OZ034738.1 pos:21676472 chunknumber 430200 contains 423 sites
	-> Printing at chr: OZ034738.1 pos:21714176 chunknumber 430300 contains 346 sites
	-> Printing at chr: OZ034738.1 pos:21751158 chunknumber 430400 contains 428 sites
	-> Printing at chr: OZ034738.1 pos:21785622 chunknumber 430500 contains 259 sites
	-> Printing at chr: OZ034738.1 pos:21848332 chunknumber 430600 contains 256 sites
	-> Printing at chr: OZ034738.1 pos:21884951 chunknumber 430700 contains 325 sites
	-> Printing at chr: OZ034738.1 pos:21920966 chunknumber 430800 contains 656 sites
	-> Printing at chr: OZ034738.1 pos:21956218 chunknumber 430900 contains 354 sites
	-> Printing at chr: OZ034738.1 pos:22032933 chunknumber 431000 contains 1989 sites
	-> Printing at chr: OZ034738.1 pos:22078121 chunknumber 431100 contains 325 sites
	-> Printing at chr: OZ034738.1 pos:22112962 chunknumber 431200 contains 433 sites
	-> Printing at chr: OZ034738.1 pos:22148831 chunknumber 431300 contains 323 sites
	-> Printing at chr: OZ034738.1 pos:22186783 chunknumber 431400 contains 894 sites
	-> Printing at chr: OZ034738.1 pos:22255340 chunknumber 431500 contains 254 sites
	-> Printing at chr: OZ034738.1 pos:22298546 chunknumber 431600 contains 403 sites
	-> Printing at chr: OZ034738.1 pos:22333485 chunknumber 431700 contains 385 sites
	-> Printing at chr: OZ034738.1 pos:22369090 chunknumber 431800 contains 388 sites
	-> Printing at chr: OZ034738.1 pos:22402397 chunknumber 431900 contains 331 sites
	-> Printing at chr: OZ034738.1 pos:22442068 chunknumber 432000 contains 332 sites
	-> Printing at chr: OZ034738.1 pos:22484370 chunknumber 432100 contains 364 sites
	-> Printing at chr: OZ034738.1 pos:22519038 chunknumber 432200 contains 252 sites
	-> Printing at chr: OZ034738.1 pos:22553054 chunknumber 432300 contains 320 sites
	-> Printing at chr: OZ034738.1 pos:22587474 chunknumber 432400 contains 388 sites
	-> Printing at chr: OZ034738.1 pos:22623289 chunknumber 432500 contains 448 sites
	-> Printing at chr: OZ034738.1 pos:22659469 chunknumber 432600 contains 332 sites
	-> Printing at chr: OZ034738.1 pos:22694593 chunknumber 432700 contains 422 sites
	-> Printing at chr: OZ034738.1 pos:22728395 chunknumber 432800 contains 375 sites
	-> Printing at chr: OZ034738.1 pos:22763848 chunknumber 432900 contains 305 sites
	-> Printing at chr: OZ034738.1 pos:22799314 chunknumber 433000 contains 293 sites
	-> Printing at chr: OZ034738.1 pos:22836912 chunknumber 433100 contains 313 sites
	-> Printing at chr: OZ034738.1 pos:22874063 chunknumber 433200 contains 266 sites
	-> Printing at chr: OZ034738.1 pos:22910193 chunknumber 433300 contains 292 sites
	-> Printing at chr: OZ034738.1 pos:22943428 chunknumber 433400 contains 251 sites
	-> Printing at chr: OZ034738.1 pos:22983873 chunknumber 433500 contains 266 sites
	-> Printing at chr: OZ034738.1 pos:23018196 chunknumber 433600 contains 276 sites
	-> Printing at chr: OZ034738.1 pos:23053032 chunknumber 433700 contains 378 sites
	-> Printing at chr: OZ034738.1 pos:23099972 chunknumber 433800 contains 380 sites
	-> Printing at chr: OZ034738.1 pos:23136002 chunknumber 433900 contains 262 sites
	-> Printing at chr: OZ034738.1 pos:23171560 chunknumber 434000 contains 329 sites
	-> Printing at chr: OZ034738.1 pos:23209580 chunknumber 434100 contains 504 sites
	-> Printing at chr: OZ034738.1 pos:23244178 chunknumber 434200 contains 272 sites
	-> Printing at chr: OZ034738.1 pos:23280090 chunknumber 434300 contains 953 sites
	-> Printing at chr: OZ034738.1 pos:23315725 chunknumber 434400 contains 384 sites
	-> Printing at chr: OZ034738.1 pos:23350841 chunknumber 434500 contains 325 sites
	-> Printing at chr: OZ034738.1 pos:23384194 chunknumber 434600 contains 314 sites
	-> Printing at chr: OZ034738.1 pos:23426829 chunknumber 434700 contains 257 sites
	-> Region lookup 9/142
	-> Printing at chr: OZ034739.1 pos:30096 chunknumber 434800 contains 379 sites
	-> Printing at chr: OZ034739.1 pos:62711 chunknumber 434900 contains 360 sites
	-> Printing at chr: OZ034739.1 pos:100355 chunknumber 435000 contains 429 sites
	-> Printing at chr: OZ034739.1 pos:132370 chunknumber 435100 contains 252 sites
	-> Printing at chr: OZ034739.1 pos:170550 chunknumber 435200 contains 776 sites
	-> Printing at chr: OZ034739.1 pos:206106 chunknumber 435300 contains 333 sites
	-> Printing at chr: OZ034739.1 pos:242457 chunknumber 435400 contains 304 sites
	-> Printing at chr: OZ034739.1 pos:279224 chunknumber 435500 contains 467 sites
	-> Printing at chr: OZ034739.1 pos:317984 chunknumber 435600 contains 326 sites
	-> Printing at chr: OZ034739.1 pos:352916 chunknumber 435700 contains 251 sites
	-> Printing at chr: OZ034739.1 pos:394277 chunknumber 435800 contains 262 sites
	-> Printing at chr: OZ034739.1 pos:450560 chunknumber 435900 contains 388 sites
	-> Printing at chr: OZ034739.1 pos:486425 chunknumber 436000 contains 549 sites
	-> Printing at chr: OZ034739.1 pos:524226 chunknumber 436100 contains 347 sites
	-> Printing at chr: OZ034739.1 pos:576016 chunknumber 436200 contains 475 sites
	-> Printing at chr: OZ034739.1 pos:611655 chunknumber 436300 contains 300 sites
	-> Printing at chr: OZ034739.1 pos:649577 chunknumber 436400 contains 253 sites
	-> Printing at chr: OZ034739.1 pos:685047 chunknumber 436500 contains 395 sites
	-> Printing at chr: OZ034739.1 pos:721617 chunknumber 436600 contains 330 sites
	-> Printing at chr: OZ034739.1 pos:798076 chunknumber 436700 contains 337 sites
	-> Printing at chr: OZ034739.1 pos:874468 chunknumber 436800 contains 254 sites
	-> Printing at chr: OZ034739.1 pos:908839 chunknumber 436900 contains 324 sites
	-> Printing at chr: OZ034739.1 pos:947507 chunknumber 437000 contains 357 sites
	-> Printing at chr: OZ034739.1 pos:983278 chunknumber 437100 contains 554 sites
	-> Printing at chr: OZ034739.1 pos:1019932 chunknumber 437200 contains 252 sites
	-> Printing at chr: OZ034739.1 pos:1054280 chunknumber 437300 contains 363 sites
	-> Printing at chr: OZ034739.1 pos:1090084 chunknumber 437400 contains 256 sites
	-> Printing at chr: OZ034739.1 pos:1126498 chunknumber 437500 contains 262 sites
	-> Printing at chr: OZ034739.1 pos:1162394 chunknumber 437600 contains 337 sites
	-> Printing at chr: OZ034739.1 pos:1203910 chunknumber 437700 contains 426 sites
	-> Printing at chr: OZ034739.1 pos:1242133 chunknumber 437800 contains 426 sites
	-> Printing at chr: OZ034739.1 pos:1278117 chunknumber 437900 contains 307 sites
	-> Printing at chr: OZ034739.1 pos:1314809 chunknumber 438000 contains 300 sites
	-> Printing at chr: OZ034739.1 pos:1352099 chunknumber 438100 contains 433 sites
	-> Printing at chr: OZ034739.1 pos:1404465 chunknumber 438200 contains 252 sites
	-> Printing at chr: OZ034739.1 pos:1460013 chunknumber 438300 contains 757 sites
	-> Printing at chr: OZ034739.1 pos:1509061 chunknumber 438400 contains 377 sites
	-> Printing at chr: OZ034739.1 pos:1548947 chunknumber 438500 contains 293 sites
	-> Printing at chr: OZ034739.1 pos:1585955 chunknumber 438600 contains 339 sites
	-> Printing at chr: OZ034739.1 pos:1623124 chunknumber 438700 contains 255 sites
	-> Printing at chr: OZ034739.1 pos:1659085 chunknumber 438800 contains 318 sites
	-> Printing at chr: OZ034739.1 pos:1747848 chunknumber 438900 contains 251 sites
	-> Printing at chr: OZ034739.1 pos:1787128 chunknumber 439000 contains 279 sites
	-> Printing at chr: OZ034739.1 pos:1824257 chunknumber 439100 contains 345 sites
	-> Printing at chr: OZ034739.1 pos:1861677 chunknumber 439200 contains 319 sites
	-> Printing at chr: OZ034739.1 pos:1934888 chunknumber 439300 contains 253 sites
	-> Printing at chr: OZ034739.1 pos:1999654 chunknumber 439400 contains 252 sites
	-> Printing at chr: OZ034739.1 pos:2080100 chunknumber 439500 contains 1322 sites
	-> Printing at chr: OZ034739.1 pos:2128563 chunknumber 439600 contains 887 sites
	-> Printing at chr: OZ034739.1 pos:2216293 chunknumber 439700 contains 3011 sites
	-> Printing at chr: OZ034739.1 pos:2320249 chunknumber 439800 contains 1978 sites
	-> Printing at chr: OZ034739.1 pos:2406183 chunknumber 439900 contains 421 sites
	-> Printing at chr: OZ034739.1 pos:2454649 chunknumber 440000 contains 252 sites
	-> Printing at chr: OZ034739.1 pos:2507051 chunknumber 440100 contains 258 sites
	-> Printing at chr: OZ034739.1 pos:2544639 chunknumber 440200 contains 262 sites
	-> Printing at chr: OZ034739.1 pos:2582772 chunknumber 440300 contains 396 sites
	-> Printing at chr: OZ034739.1 pos:2630245 chunknumber 440400 contains 1580 sites
	-> Printing at chr: OZ034739.1 pos:2788091 chunknumber 440500 contains 492 sites
	-> Printing at chr: OZ034739.1 pos:2940038 chunknumber 440600 contains 1500 sites
	-> Printing at chr: OZ034739.1 pos:3081133 chunknumber 440700 contains 1867 sites
	-> Printing at chr: OZ034739.1 pos:3202493 chunknumber 440800 contains 286 sites
	-> Printing at chr: OZ034739.1 pos:3239403 chunknumber 440900 contains 518 sites
	-> Printing at chr: OZ034739.1 pos:3319793 chunknumber 441000 contains 1201 sites
	-> Printing at chr: OZ034739.1 pos:3417691 chunknumber 441100 contains 414 sites
	-> Printing at chr: OZ034739.1 pos:3546549 chunknumber 441200 contains 254 sites
	-> Printing at chr: OZ034739.1 pos:3620902 chunknumber 441300 contains 738 sites
	-> Printing at chr: OZ034739.1 pos:3695856 chunknumber 441400 contains 368 sites
	-> Printing at chr: OZ034739.1 pos:3769712 chunknumber 441500 contains 257 sites
	-> Printing at chr: OZ034739.1 pos:3831858 chunknumber 441600 contains 512 sites
	-> Printing at chr: OZ034739.1 pos:3867257 chunknumber 441700 contains 334 sites
	-> Printing at chr: OZ034739.1 pos:3900266 chunknumber 441800 contains 596 sites
	-> Printing at chr: OZ034739.1 pos:3945826 chunknumber 441900 contains 262 sites
	-> Printing at chr: OZ034739.1 pos:3982515 chunknumber 442000 contains 532 sites
	-> Printing at chr: OZ034739.1 pos:4023732 chunknumber 442100 contains 500 sites
	-> Printing at chr: OZ034739.1 pos:4124104 chunknumber 442200 contains 2578 sites
	-> Printing at chr: OZ034739.1 pos:4204528 chunknumber 442300 contains 252 sites
	-> Printing at chr: OZ034739.1 pos:4327949 chunknumber 442400 contains 1305 sites
	-> Printing at chr: OZ034739.1 pos:4518835 chunknumber 442500 contains 816 sites
	-> Printing at chr: OZ034739.1 pos:4641257 chunknumber 442600 contains 385 sites
	-> Printing at chr: OZ034739.1 pos:4717665 chunknumber 442700 contains 419 sites
	-> Printing at chr: OZ034739.1 pos:4754855 chunknumber 442800 contains 608 sites
	-> Printing at chr: OZ034739.1 pos:4817586 chunknumber 442900 contains 457 sites
	-> Printing at chr: OZ034739.1 pos:4854092 chunknumber 443000 contains 370 sites
	-> Printing at chr: OZ034739.1 pos:4897154 chunknumber 443100 contains 295 sites
	-> Printing at chr: OZ034739.1 pos:4990874 chunknumber 443200 contains 5922 sites
	-> Printing at chr: OZ034739.1 pos:5062250 chunknumber 443300 contains 259 sites
	-> Printing at chr: OZ034739.1 pos:5100472 chunknumber 443400 contains 353 sites
	-> Printing at chr: OZ034739.1 pos:5139404 chunknumber 443500 contains 629 sites
	-> Printing at chr: OZ034739.1 pos:5223075 chunknumber 443600 contains 1428 sites
	-> Printing at chr: OZ034739.1 pos:5314918 chunknumber 443700 contains 420 sites
	-> Printing at chr: OZ034739.1 pos:5424416 chunknumber 443800 contains 1249 sites
	-> Printing at chr: OZ034739.1 pos:5535240 chunknumber 443900 contains 266 sites
	-> Printing at chr: OZ034739.1 pos:5570705 chunknumber 444000 contains 453 sites
	-> Printing at chr: OZ034739.1 pos:5609330 chunknumber 444100 contains 333 sites
	-> Printing at chr: OZ034739.1 pos:5645181 chunknumber 444200 contains 534 sites
	-> Printing at chr: OZ034739.1 pos:5680501 chunknumber 444300 contains 274 sites
	-> Printing at chr: OZ034739.1 pos:5716791 chunknumber 444400 contains 486 sites
	-> Printing at chr: OZ034739.1 pos:5753900 chunknumber 444500 contains 251 sites
	-> Printing at chr: OZ034739.1 pos:5786973 chunknumber 444600 contains 252 sites
	-> Printing at chr: OZ034739.1 pos:5831168 chunknumber 444700 contains 347 sites
	-> Printing at chr: OZ034739.1 pos:5868029 chunknumber 444800 contains 410 sites
	-> Printing at chr: OZ034739.1 pos:5915105 chunknumber 444900 contains 712 sites
	-> Printing at chr: OZ034739.1 pos:5955372 chunknumber 445000 contains 251 sites
	-> Printing at chr: OZ034739.1 pos:6011805 chunknumber 445100 contains 382 sites
	-> Printing at chr: OZ034739.1 pos:6049356 chunknumber 445200 contains 252 sites
	-> Printing at chr: OZ034739.1 pos:6082683 chunknumber 445300 contains 257 sites
	-> Printing at chr: OZ034739.1 pos:6129181 chunknumber 445400 contains 1080 sites
	-> Printing at chr: OZ034739.1 pos:6184940 chunknumber 445500 contains 431 sites
	-> Printing at chr: OZ034739.1 pos:6235942 chunknumber 445600 contains 357 sites
	-> Printing at chr: OZ034739.1 pos:6275051 chunknumber 445700 contains 370 sites
	-> Printing at chr: OZ034739.1 pos:6325751 chunknumber 445800 contains 260 sites
	-> Printing at chr: OZ034739.1 pos:6371216 chunknumber 445900 contains 251 sites
	-> Printing at chr: OZ034739.1 pos:6419700 chunknumber 446000 contains 414 sites
	-> Printing at chr: OZ034739.1 pos:6456476 chunknumber 446100 contains 254 sites
	-> Printing at chr: OZ034739.1 pos:6492139 chunknumber 446200 contains 291 sites
	-> Printing at chr: OZ034739.1 pos:6540657 chunknumber 446300 contains 257 sites
	-> Printing at chr: OZ034739.1 pos:6578882 chunknumber 446400 contains 465 sites
	-> Printing at chr: OZ034739.1 pos:6615965 chunknumber 446500 contains 251 sites
	-> Printing at chr: OZ034739.1 pos:6652616 chunknumber 446600 contains 395 sites
	-> Printing at chr: OZ034739.1 pos:6742844 chunknumber 446700 contains 305 sites
	-> Printing at chr: OZ034739.1 pos:6785830 chunknumber 446800 contains 335 sites
	-> Printing at chr: OZ034739.1 pos:6832282 chunknumber 446900 contains 671 sites
	-> Printing at chr: OZ034739.1 pos:6897293 chunknumber 447000 contains 332 sites
	-> Printing at chr: OZ034739.1 pos:6961161 chunknumber 447100 contains 381 sites
	-> Printing at chr: OZ034739.1 pos:6994157 chunknumber 447200 contains 275 sites
	-> Printing at chr: OZ034739.1 pos:7029307 chunknumber 447300 contains 252 sites
	-> Printing at chr: OZ034739.1 pos:7076830 chunknumber 447400 contains 620 sites
	-> Printing at chr: OZ034739.1 pos:7143828 chunknumber 447500 contains 622 sites
	-> Printing at chr: OZ034739.1 pos:7204692 chunknumber 447600 contains 377 sites
	-> Printing at chr: OZ034739.1 pos:7236857 chunknumber 447700 contains 253 sites
	-> Printing at chr: OZ034739.1 pos:7273344 chunknumber 447800 contains 251 sites
	-> Printing at chr: OZ034739.1 pos:7564255 chunknumber 447900 contains 2289 sites
	-> Printing at chr: OZ034739.1 pos:7686693 chunknumber 448000 contains 381 sites
	-> Printing at chr: OZ034739.1 pos:7727321 chunknumber 448100 contains 321 sites
	-> Printing at chr: OZ034739.1 pos:7773836 chunknumber 448200 contains 415 sites
	-> Printing at chr: OZ034739.1 pos:7829467 chunknumber 448300 contains 377 sites
	-> Printing at chr: OZ034739.1 pos:7872606 chunknumber 448400 contains 269 sites
	-> Printing at chr: OZ034739.1 pos:7930333 chunknumber 448500 contains 258 sites
	-> Printing at chr: OZ034739.1 pos:7983989 chunknumber 448600 contains 251 sites
	-> Printing at chr: OZ034739.1 pos:8030661 chunknumber 448700 contains 268 sites
	-> Printing at chr: OZ034739.1 pos:8099377 chunknumber 448800 contains 915 sites
	-> Printing at chr: OZ034739.1 pos:8156940 chunknumber 448900 contains 305 sites
	-> Printing at chr: OZ034739.1 pos:8201857 chunknumber 449000 contains 523 sites
	-> Printing at chr: OZ034739.1 pos:8259886 chunknumber 449100 contains 336 sites
	-> Printing at chr: OZ034739.1 pos:8311365 chunknumber 449200 contains 270 sites
	-> Printing at chr: OZ034739.1 pos:8352837 chunknumber 449300 contains 459 sites
	-> Printing at chr: OZ034739.1 pos:8442543 chunknumber 449400 contains 801 sites
	-> Printing at chr: OZ034739.1 pos:8476899 chunknumber 449500 contains 286 sites
	-> Printing at chr: OZ034739.1 pos:8504020 chunknumber 449600 contains 258 sites
	-> Printing at chr: OZ034739.1 pos:8562761 chunknumber 449700 contains 7107 sites
	-> Printing at chr: OZ034739.1 pos:8747257 chunknumber 449800 contains 855 sites
	-> Printing at chr: OZ034739.1 pos:8851501 chunknumber 449900 contains 734 sites
	-> Printing at chr: OZ034739.1 pos:8970018 chunknumber 450000 contains 2155 sites
	-> Printing at chr: OZ034739.1 pos:9075672 chunknumber 450100 contains 951 sites
	-> Printing at chr: OZ034739.1 pos:9182031 chunknumber 450200 contains 664 sites
	-> Printing at chr: OZ034739.1 pos:9247961 chunknumber 450300 contains 256 sites
	-> Printing at chr: OZ034739.1 pos:9274116 chunknumber 450400 contains 258 sites
	-> Printing at chr: OZ034739.1 pos:9388816 chunknumber 450500 contains 1274 sites
	-> Printing at chr: OZ034739.1 pos:9766611 chunknumber 450600 contains 346 sites
	-> Printing at chr: OZ034739.1 pos:10010621 chunknumber 450700 contains 1412 sites
	-> Printing at chr: OZ034739.1 pos:10056063 chunknumber 450800 contains 449 sites
	-> Printing at chr: OZ034739.1 pos:10089253 chunknumber 450900 contains 261 sites
	-> Printing at chr: OZ034739.1 pos:10131907 chunknumber 451000 contains 415 sites
	-> Printing at chr: OZ034739.1 pos:10163694 chunknumber 451100 contains 266 sites
	-> Printing at chr: OZ034739.1 pos:10220546 chunknumber 451200 contains 618 sites
	-> Printing at chr: OZ034739.1 pos:10255738 chunknumber 451300 contains 3087 sites
	-> Printing at chr: OZ034739.1 pos:10354663 chunknumber 451400 contains 252 sites
	-> Printing at chr: OZ034739.1 pos:10474217 chunknumber 451500 contains 1285 sites
	-> Printing at chr: OZ034739.1 pos:10546841 chunknumber 451600 contains 670 sites
	-> Printing at chr: OZ034739.1 pos:10629662 chunknumber 451700 contains 2283 sites
	-> Printing at chr: OZ034739.1 pos:10692044 chunknumber 451800 contains 838 sites
	-> Printing at chr: OZ034739.1 pos:10734499 chunknumber 451900 contains 397 sites
	-> Printing at chr: OZ034739.1 pos:10769372 chunknumber 452000 contains 400 sites
	-> Printing at chr: OZ034739.1 pos:10804515 chunknumber 452100 contains 271 sites
	-> Printing at chr: OZ034739.1 pos:10837895 chunknumber 452200 contains 512 sites
	-> Printing at chr: OZ034739.1 pos:10873908 chunknumber 452300 contains 406 sites
	-> Printing at chr: OZ034739.1 pos:10910983 chunknumber 452400 contains 376 sites
	-> Printing at chr: OZ034739.1 pos:10948172 chunknumber 452500 contains 386 sites
	-> Printing at chr: OZ034739.1 pos:10983111 chunknumber 452600 contains 424 sites
	-> Printing at chr: OZ034739.1 pos:11017847 chunknumber 452700 contains 251 sites
	-> Printing at chr: OZ034739.1 pos:11054940 chunknumber 452800 contains 953 sites
	-> Printing at chr: OZ034739.1 pos:11217191 chunknumber 452900 contains 377 sites
	-> Printing at chr: OZ034739.1 pos:11264457 chunknumber 453000 contains 383 sites
	-> Printing at chr: OZ034739.1 pos:11300674 chunknumber 453100 contains 515 sites
	-> Printing at chr: OZ034739.1 pos:11338428 chunknumber 453200 contains 373 sites
	-> Printing at chr: OZ034739.1 pos:11372830 chunknumber 453300 contains 259 sites
	-> Printing at chr: OZ034739.1 pos:11414743 chunknumber 453400 contains 409 sites
	-> Printing at chr: OZ034739.1 pos:11451351 chunknumber 453500 contains 366 sites
	-> Printing at chr: OZ034739.1 pos:11484403 chunknumber 453600 contains 344 sites
	-> Printing at chr: OZ034739.1 pos:11517811 chunknumber 453700 contains 331 sites
	-> Printing at chr: OZ034739.1 pos:11574366 chunknumber 453800 contains 260 sites
	-> Printing at chr: OZ034739.1 pos:11666569 chunknumber 453900 contains 452 sites
	-> Printing at chr: OZ034739.1 pos:11715680 chunknumber 454000 contains 266 sites
	-> Printing at chr: OZ034739.1 pos:11750913 chunknumber 454100 contains 252 sites
	-> Printing at chr: OZ034739.1 pos:11785385 chunknumber 454200 contains 316 sites
	-> Printing at chr: OZ034739.1 pos:11841632 chunknumber 454300 contains 505 sites
	-> Printing at chr: OZ034739.1 pos:11902439 chunknumber 454400 contains 492 sites
	-> Printing at chr: OZ034739.1 pos:11956994 chunknumber 454500 contains 497 sites
	-> Printing at chr: OZ034739.1 pos:12010942 chunknumber 454600 contains 1924 sites
	-> Printing at chr: OZ034739.1 pos:12050428 chunknumber 454700 contains 643 sites
	-> Printing at chr: OZ034739.1 pos:12096519 chunknumber 454800 contains 253 sites
	-> Printing at chr: OZ034739.1 pos:12136136 chunknumber 454900 contains 390 sites
	-> Printing at chr: OZ034739.1 pos:12176125 chunknumber 455000 contains 630 sites
	-> Printing at chr: OZ034739.1 pos:12210847 chunknumber 455100 contains 292 sites
	-> Printing at chr: OZ034739.1 pos:12251583 chunknumber 455200 contains 325 sites
	-> Printing at chr: OZ034739.1 pos:12294417 chunknumber 455300 contains 293 sites
	-> Printing at chr: OZ034739.1 pos:12330258 chunknumber 455400 contains 810 sites
	-> Printing at chr: OZ034739.1 pos:12373363 chunknumber 455500 contains 266 sites
	-> Printing at chr: OZ034739.1 pos:12415854 chunknumber 455600 contains 257 sites
	-> Printing at chr: OZ034739.1 pos:12450682 chunknumber 455700 contains 329 sites
	-> Printing at chr: OZ034739.1 pos:12498945 chunknumber 455800 contains 336 sites
	-> Printing at chr: OZ034739.1 pos:12543417 chunknumber 455900 contains 370 sites
	-> Printing at chr: OZ034739.1 pos:12594579 chunknumber 456000 contains 373 sites
	-> Printing at chr: OZ034739.1 pos:12630914 chunknumber 456100 contains 353 sites
	-> Printing at chr: OZ034739.1 pos:12664843 chunknumber 456200 contains 410 sites
	-> Printing at chr: OZ034739.1 pos:12700413 chunknumber 456300 contains 289 sites
	-> Printing at chr: OZ034739.1 pos:12746023 chunknumber 456400 contains 2296 sites
	-> Printing at chr: OZ034739.1 pos:12847478 chunknumber 456500 contains 255 sites
	-> Printing at chr: OZ034739.1 pos:12887037 chunknumber 456600 contains 348 sites
	-> Printing at chr: OZ034739.1 pos:12925551 chunknumber 456700 contains 254 sites
	-> Printing at chr: OZ034739.1 pos:12962582 chunknumber 456800 contains 471 sites
	-> Printing at chr: OZ034739.1 pos:12996655 chunknumber 456900 contains 343 sites
	-> Printing at chr: OZ034739.1 pos:13034638 chunknumber 457000 contains 252 sites
	-> Printing at chr: OZ034739.1 pos:13096369 chunknumber 457100 contains 599 sites
	-> Printing at chr: OZ034739.1 pos:13145524 chunknumber 457200 contains 318 sites
	-> Printing at chr: OZ034739.1 pos:13180478 chunknumber 457300 contains 428 sites
	-> Printing at chr: OZ034739.1 pos:13216564 chunknumber 457400 contains 388 sites
	-> Printing at chr: OZ034739.1 pos:13255792 chunknumber 457500 contains 342 sites
	-> Printing at chr: OZ034739.1 pos:13292055 chunknumber 457600 contains 258 sites
	-> Printing at chr: OZ034739.1 pos:13327108 chunknumber 457700 contains 407 sites
	-> Printing at chr: OZ034739.1 pos:13369551 chunknumber 457800 contains 285 sites
	-> Printing at chr: OZ034739.1 pos:13407751 chunknumber 457900 contains 386 sites
	-> Printing at chr: OZ034739.1 pos:13444631 chunknumber 458000 contains 485 sites
	-> Printing at chr: OZ034739.1 pos:13478449 chunknumber 458100 contains 274 sites
	-> Printing at chr: OZ034739.1 pos:13513508 chunknumber 458200 contains 378 sites
	-> Printing at chr: OZ034739.1 pos:13549209 chunknumber 458300 contains 290 sites
	-> Printing at chr: OZ034739.1 pos:13586114 chunknumber 458400 contains 403 sites
	-> Printing at chr: OZ034739.1 pos:13623262 chunknumber 458500 contains 913 sites
	-> Printing at chr: OZ034739.1 pos:13659565 chunknumber 458600 contains 303 sites
	-> Printing at chr: OZ034739.1 pos:13695392 chunknumber 458700 contains 256 sites
	-> Printing at chr: OZ034739.1 pos:13730324 chunknumber 458800 contains 511 sites
	-> Printing at chr: OZ034739.1 pos:13763256 chunknumber 458900 contains 300 sites
	-> Printing at chr: OZ034739.1 pos:13811563 chunknumber 459000 contains 323 sites
	-> Printing at chr: OZ034739.1 pos:13845530 chunknumber 459100 contains 298 sites
	-> Printing at chr: OZ034739.1 pos:13915475 chunknumber 459200 contains 384 sites
	-> Printing at chr: OZ034739.1 pos:13955075 chunknumber 459300 contains 383 sites
	-> Printing at chr: OZ034739.1 pos:14062447 chunknumber 459400 contains 329 sites
	-> Printing at chr: OZ034739.1 pos:14098659 chunknumber 459500 contains 418 sites
	-> Printing at chr: OZ034739.1 pos:14130278 chunknumber 459600 contains 359 sites
	-> Printing at chr: OZ034739.1 pos:14164558 chunknumber 459700 contains 484 sites
	-> Printing at chr: OZ034739.1 pos:14212337 chunknumber 459800 contains 251 sites
	-> Printing at chr: OZ034739.1 pos:14241594 chunknumber 459900 contains 257 sites
	-> Printing at chr: OZ034739.1 pos:14272209 chunknumber 460000 contains 278 sites
	-> Printing at chr: OZ034739.1 pos:14306856 chunknumber 460100 contains 280 sites
	-> Printing at chr: OZ034739.1 pos:14341894 chunknumber 460200 contains 252 sites
	-> Printing at chr: OZ034739.1 pos:14398668 chunknumber 460300 contains 279 sites
	-> Printing at chr: OZ034739.1 pos:14434645 chunknumber 460400 contains 378 sites
	-> Printing at chr: OZ034739.1 pos:14604484 chunknumber 460500 contains 254 sites
	-> Printing at chr: OZ034739.1 pos:14720136 chunknumber 460600 contains 356 sites
	-> Printing at chr: OZ034739.1 pos:14760403 chunknumber 460700 contains 482 sites
	-> Printing at chr: OZ034739.1 pos:14795623 chunknumber 460800 contains 359 sites
	-> Printing at chr: OZ034739.1 pos:14832615 chunknumber 460900 contains 341 sites
	-> Printing at chr: OZ034739.1 pos:14866243 chunknumber 461000 contains 434 sites
	-> Printing at chr: OZ034739.1 pos:14901257 chunknumber 461100 contains 342 sites
	-> Printing at chr: OZ034739.1 pos:14938607 chunknumber 461200 contains 269 sites
	-> Printing at chr: OZ034739.1 pos:14975224 chunknumber 461300 contains 259 sites
	-> Printing at chr: OZ034739.1 pos:15032654 chunknumber 461400 contains 1026 sites
	-> Printing at chr: OZ034739.1 pos:15079847 chunknumber 461500 contains 434 sites
	-> Printing at chr: OZ034739.1 pos:15112970 chunknumber 461600 contains 526 sites
	-> Printing at chr: OZ034739.1 pos:15150286 chunknumber 461700 contains 1629 sites
	-> Printing at chr: OZ034739.1 pos:15189093 chunknumber 461800 contains 330 sites
	-> Printing at chr: OZ034739.1 pos:15224298 chunknumber 461900 contains 308 sites
	-> Printing at chr: OZ034739.1 pos:15260445 chunknumber 462000 contains 292 sites
	-> Printing at chr: OZ034739.1 pos:15294744 chunknumber 462100 contains 280 sites
	-> Printing at chr: OZ034739.1 pos:15348176 chunknumber 462200 contains 403 sites
	-> Printing at chr: OZ034739.1 pos:15382885 chunknumber 462300 contains 264 sites
	-> Printing at chr: OZ034739.1 pos:15438580 chunknumber 462400 contains 3779 sites
	-> Printing at chr: OZ034739.1 pos:15493595 chunknumber 462500 contains 256 sites
	-> Printing at chr: OZ034739.1 pos:15528774 chunknumber 462600 contains 965 sites
	-> Printing at chr: OZ034739.1 pos:15573157 chunknumber 462700 contains 322 sites
	-> Printing at chr: OZ034739.1 pos:15608811 chunknumber 462800 contains 345 sites
	-> Printing at chr: OZ034739.1 pos:15643647 chunknumber 462900 contains 334 sites
	-> Printing at chr: OZ034739.1 pos:15703158 chunknumber 463000 contains 349 sites
	-> Printing at chr: OZ034739.1 pos:15739716 chunknumber 463100 contains 332 sites
	-> Printing at chr: OZ034739.1 pos:15774978 chunknumber 463200 contains 253 sites
	-> Printing at chr: OZ034739.1 pos:15821235 chunknumber 463300 contains 487 sites
	-> Printing at chr: OZ034739.1 pos:15862171 chunknumber 463400 contains 255 sites
	-> Printing at chr: OZ034739.1 pos:15904649 chunknumber 463500 contains 253 sites
	-> Printing at chr: OZ034739.1 pos:15941407 chunknumber 463600 contains 252 sites
	-> Printing at chr: OZ034739.1 pos:15977729 chunknumber 463700 contains 254 sites
	-> Printing at chr: OZ034739.1 pos:16035250 chunknumber 463800 contains 503 sites
	-> Printing at chr: OZ034739.1 pos:16071416 chunknumber 463900 contains 352 sites
	-> Printing at chr: OZ034739.1 pos:16108210 chunknumber 464000 contains 310 sites
	-> Printing at chr: OZ034739.1 pos:16144818 chunknumber 464100 contains 308 sites
	-> Printing at chr: OZ034739.1 pos:16190706 chunknumber 464200 contains 778 sites
	-> Printing at chr: OZ034739.1 pos:16236006 chunknumber 464300 contains 526 sites
	-> Printing at chr: OZ034739.1 pos:16271791 chunknumber 464400 contains 477 sites
	-> Printing at chr: OZ034739.1 pos:16310352 chunknumber 464500 contains 1098 sites
	-> Printing at chr: OZ034739.1 pos:16345064 chunknumber 464600 contains 281 sites
	-> Printing at chr: OZ034739.1 pos:16381691 chunknumber 464700 contains 395 sites
	-> Printing at chr: OZ034739.1 pos:16417399 chunknumber 464800 contains 274 sites
	-> Printing at chr: OZ034739.1 pos:16452663 chunknumber 464900 contains 390 sites
	-> Printing at chr: OZ034739.1 pos:16489435 chunknumber 465000 contains 313 sites
	-> Printing at chr: OZ034739.1 pos:16525810 chunknumber 465100 contains 470 sites
	-> Printing at chr: OZ034739.1 pos:16563052 chunknumber 465200 contains 373 sites
	-> Printing at chr: OZ034739.1 pos:16597951 chunknumber 465300 contains 261 sites
	-> Printing at chr: OZ034739.1 pos:16634859 chunknumber 465400 contains 266 sites
	-> Printing at chr: OZ034739.1 pos:16672278 chunknumber 465500 contains 495 sites
	-> Printing at chr: OZ034739.1 pos:16708060 chunknumber 465600 contains 416 sites
	-> Printing at chr: OZ034739.1 pos:16742657 chunknumber 465700 contains 379 sites
	-> Printing at chr: OZ034739.1 pos:16778874 chunknumber 465800 contains 316 sites
	-> Printing at chr: OZ034739.1 pos:16813519 chunknumber 465900 contains 264 sites
	-> Printing at chr: OZ034739.1 pos:16870061 chunknumber 466000 contains 417 sites
	-> Printing at chr: OZ034739.1 pos:16908338 chunknumber 466100 contains 1022 sites
	-> Printing at chr: OZ034739.1 pos:16947107 chunknumber 466200 contains 374 sites
	-> Printing at chr: OZ034739.1 pos:16984348 chunknumber 466300 contains 391 sites
	-> Printing at chr: OZ034739.1 pos:17018966 chunknumber 466400 contains 260 sites
	-> Printing at chr: OZ034739.1 pos:17054157 chunknumber 466500 contains 345 sites
	-> Printing at chr: OZ034739.1 pos:17090579 chunknumber 466600 contains 376 sites
	-> Printing at chr: OZ034739.1 pos:17126471 chunknumber 466700 contains 462 sites
	-> Printing at chr: OZ034739.1 pos:17160871 chunknumber 466800 contains 289 sites
	-> Printing at chr: OZ034739.1 pos:17198543 chunknumber 466900 contains 402 sites
	-> Printing at chr: OZ034739.1 pos:17249839 chunknumber 467000 contains 371 sites
	-> Printing at chr: OZ034739.1 pos:17286303 chunknumber 467100 contains 668 sites
	-> Printing at chr: OZ034739.1 pos:17327815 chunknumber 467200 contains 531 sites
	-> Printing at chr: OZ034739.1 pos:17366421 chunknumber 467300 contains 370 sites
	-> Printing at chr: OZ034739.1 pos:17402851 chunknumber 467400 contains 280 sites
	-> Printing at chr: OZ034739.1 pos:17441104 chunknumber 467500 contains 297 sites
	-> Printing at chr: OZ034739.1 pos:17473870 chunknumber 467600 contains 253 sites
	-> Printing at chr: OZ034739.1 pos:17508989 chunknumber 467700 contains 280 sites
	-> Printing at chr: OZ034739.1 pos:17553655 chunknumber 467800 contains 346 sites
	-> Printing at chr: OZ034739.1 pos:17590279 chunknumber 467900 contains 427 sites
	-> Printing at chr: OZ034739.1 pos:17625376 chunknumber 468000 contains 284 sites
	-> Printing at chr: OZ034739.1 pos:17665605 chunknumber 468100 contains 384 sites
	-> Printing at chr: OZ034739.1 pos:17699751 chunknumber 468200 contains 406 sites
	-> Printing at chr: OZ034739.1 pos:17734717 chunknumber 468300 contains 368 sites
	-> Printing at chr: OZ034739.1 pos:17772011 chunknumber 468400 contains 367 sites
	-> Printing at chr: OZ034739.1 pos:17809695 chunknumber 468500 contains 433 sites
	-> Printing at chr: OZ034739.1 pos:17844116 chunknumber 468600 contains 351 sites
	-> Printing at chr: OZ034739.1 pos:17878279 chunknumber 468700 contains 322 sites
	-> Printing at chr: OZ034739.1 pos:17916953 chunknumber 468800 contains 349 sites
	-> Printing at chr: OZ034739.1 pos:17952755 chunknumber 468900 contains 317 sites
	-> Printing at chr: OZ034739.1 pos:17986262 chunknumber 469000 contains 425 sites
	-> Printing at chr: OZ034739.1 pos:18022803 chunknumber 469100 contains 501 sites
	-> Printing at chr: OZ034739.1 pos:18062312 chunknumber 469200 contains 322 sites
	-> Printing at chr: OZ034739.1 pos:18103803 chunknumber 469300 contains 22132 sites
	-> Printing at chr: OZ034739.1 pos:18605457 chunknumber 469400 contains 836 sites
	-> Printing at chr: OZ034739.1 pos:18843685 chunknumber 469500 contains 302 sites
	-> Printing at chr: OZ034739.1 pos:18883653 chunknumber 469600 contains 315 sites
	-> Printing at chr: OZ034739.1 pos:18919637 chunknumber 469700 contains 286 sites
	-> Printing at chr: OZ034739.1 pos:18965121 chunknumber 469800 contains 359 sites
	-> Printing at chr: OZ034739.1 pos:19002236 chunknumber 469900 contains 287 sites
	-> Printing at chr: OZ034739.1 pos:19038658 chunknumber 470000 contains 467 sites
	-> Printing at chr: OZ034739.1 pos:19077927 chunknumber 470100 contains 572 sites
	-> Printing at chr: OZ034739.1 pos:19129877 chunknumber 470200 contains 432 sites
	-> Printing at chr: OZ034739.1 pos:19166258 chunknumber 470300 contains 293 sites
	-> Printing at chr: OZ034739.1 pos:19204232 chunknumber 470400 contains 520 sites
	-> Printing at chr: OZ034739.1 pos:19242794 chunknumber 470500 contains 376 sites
	-> Printing at chr: OZ034739.1 pos:19296425 chunknumber 470600 contains 279 sites
	-> Printing at chr: OZ034739.1 pos:19331266 chunknumber 470700 contains 334 sites
	-> Printing at chr: OZ034739.1 pos:19365931 chunknumber 470800 contains 372 sites
	-> Printing at chr: OZ034739.1 pos:19401084 chunknumber 470900 contains 258 sites
	-> Printing at chr: OZ034739.1 pos:19445817 chunknumber 471000 contains 1271 sites
	-> Printing at chr: OZ034739.1 pos:19516772 chunknumber 471100 contains 387 sites
	-> Printing at chr: OZ034739.1 pos:19580353 chunknumber 471200 contains 401 sites
	-> Printing at chr: OZ034739.1 pos:19615734 chunknumber 471300 contains 526 sites
	-> Printing at chr: OZ034739.1 pos:19651260 chunknumber 471400 contains 291 sites
	-> Printing at chr: OZ034739.1 pos:19706725 chunknumber 471500 contains 318 sites
	-> Printing at chr: OZ034739.1 pos:19786679 chunknumber 471600 contains 385 sites
	-> Printing at chr: OZ034739.1 pos:19853163 chunknumber 471700 contains 559 sites
	-> Printing at chr: OZ034739.1 pos:19927837 chunknumber 471800 contains 603 sites
	-> Printing at chr: OZ034739.1 pos:20012790 chunknumber 471900 contains 696 sites
	-> Printing at chr: OZ034739.1 pos:20055508 chunknumber 472000 contains 272 sites
	-> Printing at chr: OZ034739.1 pos:20103992 chunknumber 472100 contains 270 sites
	-> Printing at chr: OZ034739.1 pos:20136913 chunknumber 472200 contains 560 sites
	-> Printing at chr: OZ034739.1 pos:20174001 chunknumber 472300 contains 446 sites
	-> Printing at chr: OZ034739.1 pos:20217355 chunknumber 472400 contains 368 sites
	-> Printing at chr: OZ034739.1 pos:20266847 chunknumber 472500 contains 377 sites
	-> Printing at chr: OZ034739.1 pos:20302363 chunknumber 472600 contains 339 sites
	-> Printing at chr: OZ034739.1 pos:20339498 chunknumber 472700 contains 330 sites
	-> Printing at chr: OZ034739.1 pos:20375262 chunknumber 472800 contains 394 sites
	-> Printing at chr: OZ034739.1 pos:20412372 chunknumber 472900 contains 356 sites
	-> Printing at chr: OZ034739.1 pos:20452222 chunknumber 473000 contains 263 sites
	-> Printing at chr: OZ034739.1 pos:20490987 chunknumber 473100 contains 294 sites
	-> Printing at chr: OZ034739.1 pos:20536884 chunknumber 473200 contains 366 sites
	-> Printing at chr: OZ034739.1 pos:20574327 chunknumber 473300 contains 429 sites
	-> Printing at chr: OZ034739.1 pos:20611409 chunknumber 473400 contains 357 sites
	-> Printing at chr: OZ034739.1 pos:20663103 chunknumber 473500 contains 253 sites
	-> Printing at chr: OZ034739.1 pos:20705936 chunknumber 473600 contains 341 sites
	-> Printing at chr: OZ034739.1 pos:20765099 chunknumber 473700 contains 465 sites
	-> Printing at chr: OZ034739.1 pos:20802769 chunknumber 473800 contains 285 sites
	-> Printing at chr: OZ034739.1 pos:20839635 chunknumber 473900 contains 326 sites
	-> Printing at chr: OZ034739.1 pos:20877777 chunknumber 474000 contains 251 sites
	-> Printing at chr: OZ034739.1 pos:20914719 chunknumber 474100 contains 323 sites
	-> Printing at chr: OZ034739.1 pos:20953631 chunknumber 474200 contains 474 sites
	-> Printing at chr: OZ034739.1 pos:20988955 chunknumber 474300 contains 335 sites
	-> Printing at chr: OZ034739.1 pos:21023792 chunknumber 474400 contains 305 sites
	-> Printing at chr: OZ034739.1 pos:21074336 chunknumber 474500 contains 322 sites
	-> Printing at chr: OZ034739.1 pos:21162188 chunknumber 474600 contains 260 sites
	-> Printing at chr: OZ034739.1 pos:21201742 chunknumber 474700 contains 549 sites
	-> Printing at chr: OZ034739.1 pos:21238192 chunknumber 474800 contains 330 sites
	-> Printing at chr: OZ034739.1 pos:21277545 chunknumber 474900 contains 330 sites
	-> Printing at chr: OZ034739.1 pos:21350906 chunknumber 475000 contains 387 sites
	-> Printing at chr: OZ034739.1 pos:21387987 chunknumber 475100 contains 295 sites
	-> Printing at chr: OZ034739.1 pos:21424180 chunknumber 475200 contains 260 sites
	-> Printing at chr: OZ034739.1 pos:21459177 chunknumber 475300 contains 450 sites
	-> Printing at chr: OZ034739.1 pos:21495219 chunknumber 475400 contains 291 sites
	-> Printing at chr: OZ034739.1 pos:21530303 chunknumber 475500 contains 251 sites
	-> Printing at chr: OZ034739.1 pos:21566694 chunknumber 475600 contains 418 sites
	-> Printing at chr: OZ034739.1 pos:21608549 chunknumber 475700 contains 397 sites
	-> Printing at chr: OZ034739.1 pos:21644758 chunknumber 475800 contains 420 sites
	-> Printing at chr: OZ034739.1 pos:21679632 chunknumber 475900 contains 412 sites
	-> Printing at chr: OZ034739.1 pos:21717788 chunknumber 476000 contains 284 sites
	-> Printing at chr: OZ034739.1 pos:21754441 chunknumber 476100 contains 363 sites
	-> Printing at chr: OZ034739.1 pos:21788758 chunknumber 476200 contains 252 sites
	-> Printing at chr: OZ034739.1 pos:21836140 chunknumber 476300 contains 281 sites
	-> Printing at chr: OZ034739.1 pos:21870720 chunknumber 476400 contains 369 sites
	-> Printing at chr: OZ034739.1 pos:21905484 chunknumber 476500 contains 316 sites
	-> Printing at chr: OZ034739.1 pos:21941764 chunknumber 476600 contains 442 sites
	-> Printing at chr: OZ034739.1 pos:21977313 chunknumber 476700 contains 312 sites
	-> Printing at chr: OZ034739.1 pos:22013054 chunknumber 476800 contains 572 sites
	-> Printing at chr: OZ034739.1 pos:22050288 chunknumber 476900 contains 348 sites
	-> Printing at chr: OZ034739.1 pos:22084406 chunknumber 477000 contains 251 sites
	-> Printing at chr: OZ034739.1 pos:22120642 chunknumber 477100 contains 356 sites
	-> Printing at chr: OZ034739.1 pos:22159427 chunknumber 477200 contains 493 sites
	-> Printing at chr: OZ034739.1 pos:22196320 chunknumber 477300 contains 494 sites
	-> Printing at chr: OZ034739.1 pos:22234212 chunknumber 477400 contains 356 sites
	-> Printing at chr: OZ034739.1 pos:22274665 chunknumber 477500 contains 251 sites
	-> Printing at chr: OZ034739.1 pos:22313187 chunknumber 477600 contains 311 sites
	-> Printing at chr: OZ034739.1 pos:22353234 chunknumber 477700 contains 263 sites
	-> Printing at chr: OZ034739.1 pos:22386766 chunknumber 477800 contains 268 sites
	-> Printing at chr: OZ034739.1 pos:22420533 chunknumber 477900 contains 316 sites
	-> Printing at chr: OZ034739.1 pos:22455527 chunknumber 478000 contains 363 sites
	-> Printing at chr: OZ034739.1 pos:22490740 chunknumber 478100 contains 414 sites
	-> Printing at chr: OZ034739.1 pos:22525060 chunknumber 478200 contains 254 sites
	-> Printing at chr: OZ034739.1 pos:22599015 chunknumber 478300 contains 257 sites
	-> Printing at chr: OZ034739.1 pos:22634448 chunknumber 478400 contains 300 sites
	-> Printing at chr: OZ034739.1 pos:22668392 chunknumber 478500 contains 530 sites
	-> Printing at chr: OZ034739.1 pos:22705205 chunknumber 478600 contains 349 sites
	-> Printing at chr: OZ034739.1 pos:22741109 chunknumber 478700 contains 624 sites
	-> Printing at chr: OZ034739.1 pos:22786363 chunknumber 478800 contains 429 sites
	-> Printing at chr: OZ034739.1 pos:22840249 chunknumber 478900 contains 3213 sites
	-> Region lookup 10/142
	-> Printing at chr: OZ034740.1 pos:132892 chunknumber 479000 contains 451 sites
	-> Printing at chr: OZ034740.1 pos:168897 chunknumber 479100 contains 406 sites
	-> Printing at chr: OZ034740.1 pos:204549 chunknumber 479200 contains 305 sites
	-> Printing at chr: OZ034740.1 pos:240438 chunknumber 479300 contains 358 sites
	-> Printing at chr: OZ034740.1 pos:275389 chunknumber 479400 contains 263 sites
	-> Printing at chr: OZ034740.1 pos:309718 chunknumber 479500 contains 281 sites
	-> Printing at chr: OZ034740.1 pos:343530 chunknumber 479600 contains 273 sites
	-> Printing at chr: OZ034740.1 pos:388368 chunknumber 479700 contains 310 sites
	-> Printing at chr: OZ034740.1 pos:432930 chunknumber 479800 contains 372 sites
	-> Printing at chr: OZ034740.1 pos:467576 chunknumber 479900 contains 301 sites
	-> Printing at chr: OZ034740.1 pos:508949 chunknumber 480000 contains 348 sites
	-> Printing at chr: OZ034740.1 pos:549011 chunknumber 480100 contains 252 sites
	-> Printing at chr: OZ034740.1 pos:583584 chunknumber 480200 contains 269 sites
	-> Printing at chr: OZ034740.1 pos:616634 chunknumber 480300 contains 263 sites
	-> Printing at chr: OZ034740.1 pos:675891 chunknumber 480400 contains 301 sites
	-> Printing at chr: OZ034740.1 pos:712403 chunknumber 480500 contains 367 sites
	-> Printing at chr: OZ034740.1 pos:746419 chunknumber 480600 contains 255 sites
	-> Printing at chr: OZ034740.1 pos:787721 chunknumber 480700 contains 414 sites
	-> Printing at chr: OZ034740.1 pos:827488 chunknumber 480800 contains 536 sites
	-> Printing at chr: OZ034740.1 pos:865275 chunknumber 480900 contains 386 sites
	-> Printing at chr: OZ034740.1 pos:902354 chunknumber 481000 contains 419 sites
	-> Printing at chr: OZ034740.1 pos:937626 chunknumber 481100 contains 302 sites
	-> Printing at chr: OZ034740.1 pos:972973 chunknumber 481200 contains 388 sites
	-> Printing at chr: OZ034740.1 pos:1008465 chunknumber 481300 contains 319 sites
	-> Printing at chr: OZ034740.1 pos:1040799 chunknumber 481400 contains 509 sites
	-> Printing at chr: OZ034740.1 pos:1092304 chunknumber 481500 contains 367 sites
	-> Printing at chr: OZ034740.1 pos:1124200 chunknumber 481600 contains 267 sites
	-> Printing at chr: OZ034740.1 pos:1159291 chunknumber 481700 contains 252 sites
	-> Printing at chr: OZ034740.1 pos:1194977 chunknumber 481800 contains 345 sites
	-> Printing at chr: OZ034740.1 pos:1257142 chunknumber 481900 contains 1057 sites
	-> Printing at chr: OZ034740.1 pos:1320423 chunknumber 482000 contains 376 sites
	-> Printing at chr: OZ034740.1 pos:1355374 chunknumber 482100 contains 279 sites
	-> Printing at chr: OZ034740.1 pos:1391275 chunknumber 482200 contains 404 sites
	-> Printing at chr: OZ034740.1 pos:1428332 chunknumber 482300 contains 267 sites
	-> Printing at chr: OZ034740.1 pos:1464509 chunknumber 482400 contains 452 sites
	-> Printing at chr: OZ034740.1 pos:1503596 chunknumber 482500 contains 424 sites
	-> Printing at chr: OZ034740.1 pos:1537646 chunknumber 482600 contains 267 sites
	-> Printing at chr: OZ034740.1 pos:1573809 chunknumber 482700 contains 457 sites
	-> Printing at chr: OZ034740.1 pos:1611696 chunknumber 482800 contains 372 sites
	-> Printing at chr: OZ034740.1 pos:1659878 chunknumber 482900 contains 285 sites
	-> Printing at chr: OZ034740.1 pos:1695715 chunknumber 483000 contains 251 sites
	-> Printing at chr: OZ034740.1 pos:1730733 chunknumber 483100 contains 437 sites
	-> Printing at chr: OZ034740.1 pos:1770980 chunknumber 483200 contains 261 sites
	-> Printing at chr: OZ034740.1 pos:1828837 chunknumber 483300 contains 320 sites
	-> Printing at chr: OZ034740.1 pos:1896515 chunknumber 483400 contains 368 sites
	-> Printing at chr: OZ034740.1 pos:1968631 chunknumber 483500 contains 498 sites
	-> Printing at chr: OZ034740.1 pos:2007776 chunknumber 483600 contains 251 sites
	-> Printing at chr: OZ034740.1 pos:2045841 chunknumber 483700 contains 451 sites
	-> Printing at chr: OZ034740.1 pos:2083713 chunknumber 483800 contains 387 sites
	-> Printing at chr: OZ034740.1 pos:2118009 chunknumber 483900 contains 374 sites
	-> Printing at chr: OZ034740.1 pos:2151464 chunknumber 484000 contains 352 sites
	-> Printing at chr: OZ034740.1 pos:2183728 chunknumber 484100 contains 324 sites
	-> Printing at chr: OZ034740.1 pos:2220980 chunknumber 484200 contains 363 sites
	-> Printing at chr: OZ034740.1 pos:2256242 chunknumber 484300 contains 389 sites
	-> Printing at chr: OZ034740.1 pos:2301564 chunknumber 484400 contains 289 sites
	-> Printing at chr: OZ034740.1 pos:2392767 chunknumber 484500 contains 375 sites
	-> Printing at chr: OZ034740.1 pos:2438642 chunknumber 484600 contains 477 sites
	-> Printing at chr: OZ034740.1 pos:2483345 chunknumber 484700 contains 254 sites
	-> Printing at chr: OZ034740.1 pos:2517253 chunknumber 484800 contains 324 sites
	-> Printing at chr: OZ034740.1 pos:2554337 chunknumber 484900 contains 417 sites
	-> Printing at chr: OZ034740.1 pos:2590514 chunknumber 485000 contains 379 sites
	-> Printing at chr: OZ034740.1 pos:2626803 chunknumber 485100 contains 392 sites
	-> Printing at chr: OZ034740.1 pos:2662156 chunknumber 485200 contains 356 sites
	-> Printing at chr: OZ034740.1 pos:2734682 chunknumber 485300 contains 325 sites
	-> Printing at chr: OZ034740.1 pos:2809697 chunknumber 485400 contains 257 sites
	-> Printing at chr: OZ034740.1 pos:2863208 chunknumber 485500 contains 253 sites
	-> Printing at chr: OZ034740.1 pos:2893505 chunknumber 485600 contains 258 sites
	-> Printing at chr: OZ034740.1 pos:2931405 chunknumber 485700 contains 392 sites
	-> Printing at chr: OZ034740.1 pos:2967327 chunknumber 485800 contains 441 sites
	-> Printing at chr: OZ034740.1 pos:3012243 chunknumber 485900 contains 421 sites
	-> Printing at chr: OZ034740.1 pos:3054765 chunknumber 486000 contains 423 sites
	-> Printing at chr: OZ034740.1 pos:3152998 chunknumber 486100 contains 254 sites
	-> Printing at chr: OZ034740.1 pos:3198483 chunknumber 486200 contains 251 sites
	-> Printing at chr: OZ034740.1 pos:3235658 chunknumber 486300 contains 423 sites
	-> Printing at chr: OZ034740.1 pos:3271123 chunknumber 486400 contains 301 sites
	-> Printing at chr: OZ034740.1 pos:3307153 chunknumber 486500 contains 466 sites
	-> Printing at chr: OZ034740.1 pos:3341549 chunknumber 486600 contains 329 sites
	-> Printing at chr: OZ034740.1 pos:3377985 chunknumber 486700 contains 262 sites
	-> Printing at chr: OZ034740.1 pos:3413564 chunknumber 486800 contains 312 sites
	-> Printing at chr: OZ034740.1 pos:3466391 chunknumber 486900 contains 349 sites
	-> Printing at chr: OZ034740.1 pos:3506257 chunknumber 487000 contains 316 sites
	-> Printing at chr: OZ034740.1 pos:3582118 chunknumber 487100 contains 272 sites
	-> Printing at chr: OZ034740.1 pos:3636421 chunknumber 487200 contains 286 sites
	-> Printing at chr: OZ034740.1 pos:3671579 chunknumber 487300 contains 337 sites
	-> Printing at chr: OZ034740.1 pos:3709442 chunknumber 487400 contains 254 sites
	-> Printing at chr: OZ034740.1 pos:3745100 chunknumber 487500 contains 356 sites
	-> Printing at chr: OZ034740.1 pos:3780120 chunknumber 487600 contains 294 sites
	-> Printing at chr: OZ034740.1 pos:3814557 chunknumber 487700 contains 252 sites
	-> Printing at chr: OZ034740.1 pos:3849883 chunknumber 487800 contains 335 sites
	-> Printing at chr: OZ034740.1 pos:3886308 chunknumber 487900 contains 292 sites
	-> Printing at chr: OZ034740.1 pos:3927057 chunknumber 488000 contains 321 sites
	-> Printing at chr: OZ034740.1 pos:3963756 chunknumber 488100 contains 479 sites
	-> Printing at chr: OZ034740.1 pos:4002393 chunknumber 488200 contains 462 sites
	-> Printing at chr: OZ034740.1 pos:4050204 chunknumber 488300 contains 275 sites
	-> Printing at chr: OZ034740.1 pos:4089821 chunknumber 488400 contains 352 sites
	-> Printing at chr: OZ034740.1 pos:4125381 chunknumber 488500 contains 251 sites
	-> Printing at chr: OZ034740.1 pos:4160811 chunknumber 488600 contains 270 sites
	-> Printing at chr: OZ034740.1 pos:4195287 chunknumber 488700 contains 271 sites
	-> Printing at chr: OZ034740.1 pos:4232781 chunknumber 488800 contains 254 sites
	-> Printing at chr: OZ034740.1 pos:4269618 chunknumber 488900 contains 262 sites
	-> Printing at chr: OZ034740.1 pos:4312756 chunknumber 489000 contains 271 sites
	-> Printing at chr: OZ034740.1 pos:4351113 chunknumber 489100 contains 412 sites
	-> Printing at chr: OZ034740.1 pos:4386168 chunknumber 489200 contains 400 sites
	-> Printing at chr: OZ034740.1 pos:4421910 chunknumber 489300 contains 299 sites
	-> Printing at chr: OZ034740.1 pos:4466915 chunknumber 489400 contains 361 sites
	-> Printing at chr: OZ034740.1 pos:4505689 chunknumber 489500 contains 448 sites
	-> Printing at chr: OZ034740.1 pos:4619230 chunknumber 489600 contains 630 sites
	-> Printing at chr: OZ034740.1 pos:4664378 chunknumber 489700 contains 494 sites
	-> Printing at chr: OZ034740.1 pos:4698061 chunknumber 489800 contains 297 sites
	-> Printing at chr: OZ034740.1 pos:4732803 chunknumber 489900 contains 500 sites
	-> Printing at chr: OZ034740.1 pos:4767659 chunknumber 490000 contains 352 sites
	-> Printing at chr: OZ034740.1 pos:4803850 chunknumber 490100 contains 252 sites
	-> Printing at chr: OZ034740.1 pos:4843562 chunknumber 490200 contains 434 sites
	-> Printing at chr: OZ034740.1 pos:4890426 chunknumber 490300 contains 260 sites
	-> Printing at chr: OZ034740.1 pos:4930328 chunknumber 490400 contains 340 sites
	-> Printing at chr: OZ034740.1 pos:5007600 chunknumber 490500 contains 298 sites
	-> Printing at chr: OZ034740.1 pos:5051808 chunknumber 490600 contains 365 sites
	-> Printing at chr: OZ034740.1 pos:5096817 chunknumber 490700 contains 252 sites
	-> Printing at chr: OZ034740.1 pos:5136493 chunknumber 490800 contains 408 sites
	-> Printing at chr: OZ034740.1 pos:5174211 chunknumber 490900 contains 253 sites
	-> Printing at chr: OZ034740.1 pos:5212092 chunknumber 491000 contains 495 sites
	-> Printing at chr: OZ034740.1 pos:5245741 chunknumber 491100 contains 251 sites
	-> Printing at chr: OZ034740.1 pos:5280764 chunknumber 491200 contains 315 sites
	-> Printing at chr: OZ034740.1 pos:5315294 chunknumber 491300 contains 390 sites
	-> Printing at chr: OZ034740.1 pos:5352230 chunknumber 491400 contains 370 sites
	-> Printing at chr: OZ034740.1 pos:5387531 chunknumber 491500 contains 391 sites
	-> Printing at chr: OZ034740.1 pos:5422366 chunknumber 491600 contains 319 sites
	-> Printing at chr: OZ034740.1 pos:5459128 chunknumber 491700 contains 327 sites
	-> Printing at chr: OZ034740.1 pos:5496429 chunknumber 491800 contains 278 sites
	-> Printing at chr: OZ034740.1 pos:5533933 chunknumber 491900 contains 256 sites
	-> Printing at chr: OZ034740.1 pos:5567953 chunknumber 492000 contains 262 sites
	-> Printing at chr: OZ034740.1 pos:5603099 chunknumber 492100 contains 458 sites
	-> Printing at chr: OZ034740.1 pos:5639394 chunknumber 492200 contains 392 sites
	-> Printing at chr: OZ034740.1 pos:5676517 chunknumber 492300 contains 337 sites
	-> Printing at chr: OZ034740.1 pos:5712186 chunknumber 492400 contains 251 sites
	-> Printing at chr: OZ034740.1 pos:5748449 chunknumber 492500 contains 266 sites
	-> Printing at chr: OZ034740.1 pos:5784877 chunknumber 492600 contains 343 sites
	-> Printing at chr: OZ034740.1 pos:5861481 chunknumber 492700 contains 681 sites
	-> Printing at chr: OZ034740.1 pos:5903842 chunknumber 492800 contains 307 sites
	-> Printing at chr: OZ034740.1 pos:5941910 chunknumber 492900 contains 367 sites
	-> Printing at chr: OZ034740.1 pos:5979592 chunknumber 493000 contains 303 sites
	-> Printing at chr: OZ034740.1 pos:6016989 chunknumber 493100 contains 341 sites
	-> Printing at chr: OZ034740.1 pos:6057688 chunknumber 493200 contains 299 sites
	-> Printing at chr: OZ034740.1 pos:6096802 chunknumber 493300 contains 352 sites
	-> Printing at chr: OZ034740.1 pos:6132115 chunknumber 493400 contains 260 sites
	-> Printing at chr: OZ034740.1 pos:6168356 chunknumber 493500 contains 298 sites
	-> Printing at chr: OZ034740.1 pos:6204534 chunknumber 493600 contains 344 sites
	-> Printing at chr: OZ034740.1 pos:6241114 chunknumber 493700 contains 254 sites
	-> Printing at chr: OZ034740.1 pos:6281499 chunknumber 493800 contains 330 sites
	-> Printing at chr: OZ034740.1 pos:6317999 chunknumber 493900 contains 428 sites
	-> Printing at chr: OZ034740.1 pos:6354588 chunknumber 494000 contains 309 sites
	-> Printing at chr: OZ034740.1 pos:6391869 chunknumber 494100 contains 355 sites
	-> Printing at chr: OZ034740.1 pos:6429040 chunknumber 494200 contains 346 sites
	-> Printing at chr: OZ034740.1 pos:6465874 chunknumber 494300 contains 344 sites
	-> Printing at chr: OZ034740.1 pos:6506641 chunknumber 494400 contains 253 sites
	-> Printing at chr: OZ034740.1 pos:6542495 chunknumber 494500 contains 389 sites
	-> Printing at chr: OZ034740.1 pos:6578377 chunknumber 494600 contains 268 sites
	-> Printing at chr: OZ034740.1 pos:6613284 chunknumber 494700 contains 298 sites
	-> Printing at chr: OZ034740.1 pos:6649305 chunknumber 494800 contains 357 sites
	-> Printing at chr: OZ034740.1 pos:6685929 chunknumber 494900 contains 252 sites
	-> Printing at chr: OZ034740.1 pos:6741494 chunknumber 495000 contains 265 sites
	-> Printing at chr: OZ034740.1 pos:6777271 chunknumber 495100 contains 473 sites
	-> Printing at chr: OZ034740.1 pos:6812995 chunknumber 495200 contains 315 sites
	-> Printing at chr: OZ034740.1 pos:6848173 chunknumber 495300 contains 381 sites
	-> Printing at chr: OZ034740.1 pos:6923753 chunknumber 495400 contains 251 sites
	-> Printing at chr: OZ034740.1 pos:6971509 chunknumber 495500 contains 400 sites
	-> Printing at chr: OZ034740.1 pos:7006421 chunknumber 495600 contains 290 sites
	-> Printing at chr: OZ034740.1 pos:7041755 chunknumber 495700 contains 301 sites
	-> Printing at chr: OZ034740.1 pos:7081617 chunknumber 495800 contains 373 sites
	-> Printing at chr: OZ034740.1 pos:7151974 chunknumber 495900 contains 292 sites
	-> Printing at chr: OZ034740.1 pos:7207456 chunknumber 496000 contains 441 sites
	-> Printing at chr: OZ034740.1 pos:7273508 chunknumber 496100 contains 1024 sites
	-> Printing at chr: OZ034740.1 pos:7350866 chunknumber 496200 contains 342 sites
	-> Printing at chr: OZ034740.1 pos:7412777 chunknumber 496300 contains 253 sites
	-> Printing at chr: OZ034740.1 pos:7536911 chunknumber 496400 contains 264 sites
	-> Printing at chr: OZ034740.1 pos:7587045 chunknumber 496500 contains 2488 sites
	-> Printing at chr: OZ034740.1 pos:7628910 chunknumber 496600 contains 388 sites
	-> Printing at chr: OZ034740.1 pos:7665487 chunknumber 496700 contains 258 sites
	-> Printing at chr: OZ034740.1 pos:7700683 chunknumber 496800 contains 600 sites
	-> Printing at chr: OZ034740.1 pos:7737409 chunknumber 496900 contains 377 sites
	-> Printing at chr: OZ034740.1 pos:7772291 chunknumber 497000 contains 417 sites
	-> Printing at chr: OZ034740.1 pos:7817288 chunknumber 497100 contains 258 sites
	-> Printing at chr: OZ034740.1 pos:7852289 chunknumber 497200 contains 300 sites
	-> Printing at chr: OZ034740.1 pos:7902977 chunknumber 497300 contains 2267 sites
	-> Printing at chr: OZ034740.1 pos:7946886 chunknumber 497400 contains 308 sites
	-> Printing at chr: OZ034740.1 pos:7984573 chunknumber 497500 contains 361 sites
	-> Printing at chr: OZ034740.1 pos:8049410 chunknumber 497600 contains 2382 sites
	-> Printing at chr: OZ034740.1 pos:8140332 chunknumber 497700 contains 254 sites
	-> Printing at chr: OZ034740.1 pos:8270598 chunknumber 497800 contains 468 sites
	-> Printing at chr: OZ034740.1 pos:8309757 chunknumber 497900 contains 424 sites
	-> Printing at chr: OZ034740.1 pos:8349977 chunknumber 498000 contains 389 sites
	-> Printing at chr: OZ034740.1 pos:8387701 chunknumber 498100 contains 354 sites
	-> Printing at chr: OZ034740.1 pos:8428722 chunknumber 498200 contains 402 sites
	-> Printing at chr: OZ034740.1 pos:8462977 chunknumber 498300 contains 288 sites
	-> Printing at chr: OZ034740.1 pos:8496790 chunknumber 498400 contains 253 sites
	-> Printing at chr: OZ034740.1 pos:8532123 chunknumber 498500 contains 478 sites
	-> Printing at chr: OZ034740.1 pos:8577359 chunknumber 498600 contains 354 sites
	-> Printing at chr: OZ034740.1 pos:8662988 chunknumber 498700 contains 306 sites
	-> Printing at chr: OZ034740.1 pos:8702980 chunknumber 498800 contains 334 sites
	-> Printing at chr: OZ034740.1 pos:8739221 chunknumber 498900 contains 401 sites
	-> Printing at chr: OZ034740.1 pos:8774539 chunknumber 499000 contains 378 sites
	-> Printing at chr: OZ034740.1 pos:8811045 chunknumber 499100 contains 423 sites
	-> Printing at chr: OZ034740.1 pos:8846141 chunknumber 499200 contains 254 sites
	-> Printing at chr: OZ034740.1 pos:8889346 chunknumber 499300 contains 351 sites
	-> Printing at chr: OZ034740.1 pos:8927341 chunknumber 499400 contains 267 sites
	-> Printing at chr: OZ034740.1 pos:8967007 chunknumber 499500 contains 395 sites
	-> Printing at chr: OZ034740.1 pos:9007033 chunknumber 499600 contains 368 sites
	-> Printing at chr: OZ034740.1 pos:9054640 chunknumber 499700 contains 299 sites
	-> Printing at chr: OZ034740.1 pos:9214735 chunknumber 499800 contains 261 sites
	-> Printing at chr: OZ034740.1 pos:9257498 chunknumber 499900 contains 295 sites
	-> Printing at chr: OZ034740.1 pos:9301322 chunknumber 500000 contains 299 sites
	-> Printing at chr: OZ034740.1 pos:9336433 chunknumber 500100 contains 260 sites
	-> Printing at chr: OZ034740.1 pos:9376275 chunknumber 500200 contains 293 sites
	-> Printing at chr: OZ034740.1 pos:9416219 chunknumber 500300 contains 3930 sites
	-> Printing at chr: OZ034740.1 pos:9458786 chunknumber 500400 contains 370 sites
	-> Printing at chr: OZ034740.1 pos:9496922 chunknumber 500500 contains 353 sites
	-> Printing at chr: OZ034740.1 pos:9535696 chunknumber 500600 contains 282 sites
	-> Printing at chr: OZ034740.1 pos:9569947 chunknumber 500700 contains 321 sites
	-> Printing at chr: OZ034740.1 pos:9607302 chunknumber 500800 contains 266 sites
	-> Printing at chr: OZ034740.1 pos:9666444 chunknumber 500900 contains 311 sites
	-> Printing at chr: OZ034740.1 pos:9713092 chunknumber 501000 contains 356 sites
	-> Printing at chr: OZ034740.1 pos:9760398 chunknumber 501100 contains 253 sites
	-> Printing at chr: OZ034740.1 pos:9821889 chunknumber 501200 contains 252 sites
	-> Printing at chr: OZ034740.1 pos:9864943 chunknumber 501300 contains 336 sites
	-> Printing at chr: OZ034740.1 pos:9906202 chunknumber 501400 contains 252 sites
	-> Printing at chr: OZ034740.1 pos:9939160 chunknumber 501500 contains 252 sites
	-> Printing at chr: OZ034740.1 pos:9976133 chunknumber 501600 contains 260 sites
	-> Printing at chr: OZ034740.1 pos:10011654 chunknumber 501700 contains 413 sites
	-> Printing at chr: OZ034740.1 pos:10047560 chunknumber 501800 contains 341 sites
	-> Printing at chr: OZ034740.1 pos:10082475 chunknumber 501900 contains 264 sites
	-> Printing at chr: OZ034740.1 pos:10120095 chunknumber 502000 contains 398 sites
	-> Printing at chr: OZ034740.1 pos:10157898 chunknumber 502100 contains 379 sites
	-> Printing at chr: OZ034740.1 pos:10194350 chunknumber 502200 contains 382 sites
	-> Printing at chr: OZ034740.1 pos:10231107 chunknumber 502300 contains 324 sites
	-> Printing at chr: OZ034740.1 pos:10270237 chunknumber 502400 contains 316 sites
	-> Printing at chr: OZ034740.1 pos:10323228 chunknumber 502500 contains 265 sites
	-> Printing at chr: OZ034740.1 pos:10358909 chunknumber 502600 contains 252 sites
	-> Printing at chr: OZ034740.1 pos:10393305 chunknumber 502700 contains 275 sites
	-> Printing at chr: OZ034740.1 pos:10430175 chunknumber 502800 contains 257 sites
	-> Printing at chr: OZ034740.1 pos:10465743 chunknumber 502900 contains 333 sites
	-> Printing at chr: OZ034740.1 pos:10501149 chunknumber 503000 contains 333 sites
	-> Printing at chr: OZ034740.1 pos:10534904 chunknumber 503100 contains 277 sites
	-> Printing at chr: OZ034740.1 pos:10572468 chunknumber 503200 contains 319 sites
	-> Printing at chr: OZ034740.1 pos:10608339 chunknumber 503300 contains 265 sites
	-> Printing at chr: OZ034740.1 pos:10644368 chunknumber 503400 contains 302 sites
	-> Printing at chr: OZ034740.1 pos:10678834 chunknumber 503500 contains 314 sites
	-> Printing at chr: OZ034740.1 pos:10741810 chunknumber 503600 contains 1683 sites
	-> Printing at chr: OZ034740.1 pos:10816156 chunknumber 503700 contains 315 sites
	-> Printing at chr: OZ034740.1 pos:10874278 chunknumber 503800 contains 442 sites
	-> Printing at chr: OZ034740.1 pos:10909878 chunknumber 503900 contains 1301 sites
	-> Printing at chr: OZ034740.1 pos:10957030 chunknumber 504000 contains 357 sites
	-> Printing at chr: OZ034740.1 pos:10991590 chunknumber 504100 contains 282 sites
	-> Printing at chr: OZ034740.1 pos:11026692 chunknumber 504200 contains 268 sites
	-> Printing at chr: OZ034740.1 pos:11058610 chunknumber 504300 contains 621 sites
	-> Printing at chr: OZ034740.1 pos:11095726 chunknumber 504400 contains 263 sites
	-> Printing at chr: OZ034740.1 pos:11129919 chunknumber 504500 contains 323 sites
	-> Printing at chr: OZ034740.1 pos:11182058 chunknumber 504600 contains 288 sites
	-> Printing at chr: OZ034740.1 pos:11213932 chunknumber 504700 contains 284 sites
	-> Printing at chr: OZ034740.1 pos:11247916 chunknumber 504800 contains 530 sites
	-> Printing at chr: OZ034740.1 pos:11279879 chunknumber 504900 contains 254 sites
	-> Printing at chr: OZ034740.1 pos:11317304 chunknumber 505000 contains 577 sites
	-> Printing at chr: OZ034740.1 pos:11357407 chunknumber 505100 contains 260 sites
	-> Printing at chr: OZ034740.1 pos:11400486 chunknumber 505200 contains 265 sites
	-> Printing at chr: OZ034740.1 pos:11440103 chunknumber 505300 contains 468 sites
	-> Printing at chr: OZ034740.1 pos:11474896 chunknumber 505400 contains 436 sites
	-> Printing at chr: OZ034740.1 pos:11509944 chunknumber 505500 contains 467 sites
	-> Printing at chr: OZ034740.1 pos:11550649 chunknumber 505600 contains 258 sites
	-> Printing at chr: OZ034740.1 pos:11587903 chunknumber 505700 contains 385 sites
	-> Printing at chr: OZ034740.1 pos:11657280 chunknumber 505800 contains 401 sites
	-> Printing at chr: OZ034740.1 pos:11727622 chunknumber 505900 contains 429 sites
	-> Printing at chr: OZ034740.1 pos:11832307 chunknumber 506000 contains 366 sites
	-> Printing at chr: OZ034740.1 pos:11898702 chunknumber 506100 contains 497 sites
	-> Printing at chr: OZ034740.1 pos:11938104 chunknumber 506200 contains 432 sites
	-> Printing at chr: OZ034740.1 pos:11977475 chunknumber 506300 contains 278 sites
	-> Printing at chr: OZ034740.1 pos:12010824 chunknumber 506400 contains 315 sites
	-> Printing at chr: OZ034740.1 pos:12046536 chunknumber 506500 contains 256 sites
	-> Printing at chr: OZ034740.1 pos:12082355 chunknumber 506600 contains 302 sites
	-> Printing at chr: OZ034740.1 pos:12118956 chunknumber 506700 contains 259 sites
	-> Printing at chr: OZ034740.1 pos:12160115 chunknumber 506800 contains 296 sites
	-> Printing at chr: OZ034740.1 pos:12228292 chunknumber 506900 contains 259 sites
	-> Printing at chr: OZ034740.1 pos:12281727 chunknumber 507000 contains 787 sites
	-> Printing at chr: OZ034740.1 pos:12523441 chunknumber 507100 contains 392 sites
	-> Printing at chr: OZ034740.1 pos:12571657 chunknumber 507200 contains 402 sites
	-> Printing at chr: OZ034740.1 pos:12607876 chunknumber 507300 contains 440 sites
	-> Printing at chr: OZ034740.1 pos:12644050 chunknumber 507400 contains 372 sites
	-> Printing at chr: OZ034740.1 pos:12706214 chunknumber 507500 contains 1035 sites
	-> Printing at chr: OZ034740.1 pos:12743902 chunknumber 507600 contains 349 sites
	-> Printing at chr: OZ034740.1 pos:12780325 chunknumber 507700 contains 261 sites
	-> Printing at chr: OZ034740.1 pos:12843220 chunknumber 507800 contains 410 sites
	-> Printing at chr: OZ034740.1 pos:12884459 chunknumber 507900 contains 279 sites
	-> Printing at chr: OZ034740.1 pos:12922577 chunknumber 508000 contains 345 sites
	-> Printing at chr: OZ034740.1 pos:12958182 chunknumber 508100 contains 306 sites
	-> Printing at chr: OZ034740.1 pos:12991509 chunknumber 508200 contains 271 sites
	-> Printing at chr: OZ034740.1 pos:13026772 chunknumber 508300 contains 391 sites
	-> Printing at chr: OZ034740.1 pos:13063046 chunknumber 508400 contains 256 sites
	-> Printing at chr: OZ034740.1 pos:13097766 chunknumber 508500 contains 369 sites
	-> Printing at chr: OZ034740.1 pos:13132889 chunknumber 508600 contains 401 sites
	-> Printing at chr: OZ034740.1 pos:13169605 chunknumber 508700 contains 278 sites
	-> Printing at chr: OZ034740.1 pos:13206212 chunknumber 508800 contains 252 sites
	-> Printing at chr: OZ034740.1 pos:13241517 chunknumber 508900 contains 310 sites
	-> Printing at chr: OZ034740.1 pos:13282427 chunknumber 509000 contains 260 sites
	-> Printing at chr: OZ034740.1 pos:13316918 chunknumber 509100 contains 400 sites
	-> Printing at chr: OZ034740.1 pos:13352260 chunknumber 509200 contains 378 sites
	-> Printing at chr: OZ034740.1 pos:13387960 chunknumber 509300 contains 295 sites
	-> Printing at chr: OZ034740.1 pos:13422684 chunknumber 509400 contains 251 sites
	-> Printing at chr: OZ034740.1 pos:13459030 chunknumber 509500 contains 424 sites
	-> Printing at chr: OZ034740.1 pos:13496756 chunknumber 509600 contains 436 sites
	-> Printing at chr: OZ034740.1 pos:13530738 chunknumber 509700 contains 277 sites
	-> Printing at chr: OZ034740.1 pos:13581054 chunknumber 509800 contains 305 sites
	-> Printing at chr: OZ034740.1 pos:13616983 chunknumber 509900 contains 259 sites
	-> Printing at chr: OZ034740.1 pos:13651688 chunknumber 510000 contains 332 sites
	-> Printing at chr: OZ034740.1 pos:13699053 chunknumber 510100 contains 341 sites
	-> Printing at chr: OZ034740.1 pos:13736098 chunknumber 510200 contains 371 sites
	-> Printing at chr: OZ034740.1 pos:13784494 chunknumber 510300 contains 252 sites
	-> Printing at chr: OZ034740.1 pos:13822171 chunknumber 510400 contains 257 sites
	-> Printing at chr: OZ034740.1 pos:13865438 chunknumber 510500 contains 357 sites
	-> Printing at chr: OZ034740.1 pos:13901935 chunknumber 510600 contains 348 sites
	-> Printing at chr: OZ034740.1 pos:13936313 chunknumber 510700 contains 254 sites
	-> Printing at chr: OZ034740.1 pos:13971928 chunknumber 510800 contains 299 sites
	-> Printing at chr: OZ034740.1 pos:14015622 chunknumber 510900 contains 396 sites
	-> Printing at chr: OZ034740.1 pos:14049740 chunknumber 511000 contains 328 sites
	-> Printing at chr: OZ034740.1 pos:14099973 chunknumber 511100 contains 262 sites
	-> Printing at chr: OZ034740.1 pos:14142542 chunknumber 511200 contains 532 sites
	-> Printing at chr: OZ034740.1 pos:14178575 chunknumber 511300 contains 326 sites
	-> Printing at chr: OZ034740.1 pos:14216685 chunknumber 511400 contains 306 sites
	-> Printing at chr: OZ034740.1 pos:14256881 chunknumber 511500 contains 800 sites
	-> Printing at chr: OZ034740.1 pos:14307267 chunknumber 511600 contains 276 sites
	-> Printing at chr: OZ034740.1 pos:14344121 chunknumber 511700 contains 389 sites
	-> Printing at chr: OZ034740.1 pos:14382765 chunknumber 511800 contains 487 sites
	-> Printing at chr: OZ034740.1 pos:14424668 chunknumber 511900 contains 331 sites
	-> Printing at chr: OZ034740.1 pos:14465190 chunknumber 512000 contains 252 sites
	-> Printing at chr: OZ034740.1 pos:14554619 chunknumber 512100 contains 841 sites
	-> Printing at chr: OZ034740.1 pos:14595372 chunknumber 512200 contains 301 sites
	-> Printing at chr: OZ034740.1 pos:14625683 chunknumber 512300 contains 264 sites
	-> Printing at chr: OZ034740.1 pos:14657166 chunknumber 512400 contains 665 sites
	-> Printing at chr: OZ034740.1 pos:14696785 chunknumber 512500 contains 488 sites
	-> Printing at chr: OZ034740.1 pos:14736382 chunknumber 512600 contains 657 sites
	-> Printing at chr: OZ034740.1 pos:14777491 chunknumber 512700 contains 360 sites
	-> Printing at chr: OZ034740.1 pos:14814786 chunknumber 512800 contains 346 sites
	-> Printing at chr: OZ034740.1 pos:14849592 chunknumber 512900 contains 251 sites
	-> Printing at chr: OZ034740.1 pos:14882662 chunknumber 513000 contains 417 sites
	-> Printing at chr: OZ034740.1 pos:14917923 chunknumber 513100 contains 262 sites
	-> Printing at chr: OZ034740.1 pos:14956507 chunknumber 513200 contains 342 sites
	-> Printing at chr: OZ034740.1 pos:14990691 chunknumber 513300 contains 502 sites
	-> Printing at chr: OZ034740.1 pos:15026807 chunknumber 513400 contains 305 sites
	-> Printing at chr: OZ034740.1 pos:15064343 chunknumber 513500 contains 251 sites
	-> Printing at chr: OZ034740.1 pos:15094493 chunknumber 513600 contains 251 sites
	-> Printing at chr: OZ034740.1 pos:15126388 chunknumber 513700 contains 285 sites
	-> Printing at chr: OZ034740.1 pos:15157773 chunknumber 513800 contains 441 sites
	-> Printing at chr: OZ034740.1 pos:15195184 chunknumber 513900 contains 266 sites
	-> Printing at chr: OZ034740.1 pos:15228819 chunknumber 514000 contains 295 sites
	-> Printing at chr: OZ034740.1 pos:15267600 chunknumber 514100 contains 260 sites
	-> Printing at chr: OZ034740.1 pos:15301475 chunknumber 514200 contains 290 sites
	-> Printing at chr: OZ034740.1 pos:15339389 chunknumber 514300 contains 260 sites
	-> Printing at chr: OZ034740.1 pos:15375259 chunknumber 514400 contains 262 sites
	-> Printing at chr: OZ034740.1 pos:15411422 chunknumber 514500 contains 276 sites
	-> Printing at chr: OZ034740.1 pos:15447746 chunknumber 514600 contains 365 sites
	-> Printing at chr: OZ034740.1 pos:15483629 chunknumber 514700 contains 278 sites
	-> Printing at chr: OZ034740.1 pos:15518590 chunknumber 514800 contains 373 sites
	-> Printing at chr: OZ034740.1 pos:15554193 chunknumber 514900 contains 291 sites
	-> Printing at chr: OZ034740.1 pos:15589966 chunknumber 515000 contains 258 sites
	-> Printing at chr: OZ034740.1 pos:15628354 chunknumber 515100 contains 534 sites
	-> Printing at chr: OZ034740.1 pos:15664059 chunknumber 515200 contains 296 sites
	-> Printing at chr: OZ034740.1 pos:15698758 chunknumber 515300 contains 304 sites
	-> Printing at chr: OZ034740.1 pos:15732446 chunknumber 515400 contains 286 sites
	-> Printing at chr: OZ034740.1 pos:15766070 chunknumber 515500 contains 405 sites
	-> Printing at chr: OZ034740.1 pos:15802154 chunknumber 515600 contains 366 sites
	-> Printing at chr: OZ034740.1 pos:15834453 chunknumber 515700 contains 360 sites
	-> Printing at chr: OZ034740.1 pos:15873410 chunknumber 515800 contains 582 sites
	-> Printing at chr: OZ034740.1 pos:15907997 chunknumber 515900 contains 251 sites
	-> Printing at chr: OZ034740.1 pos:15944689 chunknumber 516000 contains 386 sites
	-> Printing at chr: OZ034740.1 pos:15992065 chunknumber 516100 contains 288 sites
	-> Printing at chr: OZ034740.1 pos:16047048 chunknumber 516200 contains 1624 sites
	-> Printing at chr: OZ034740.1 pos:16101445 chunknumber 516300 contains 253 sites
	-> Printing at chr: OZ034740.1 pos:16170318 chunknumber 516400 contains 412 sites
	-> Printing at chr: OZ034740.1 pos:16220164 chunknumber 516500 contains 489 sites
	-> Printing at chr: OZ034740.1 pos:16257070 chunknumber 516600 contains 558 sites
	-> Printing at chr: OZ034740.1 pos:16295620 chunknumber 516700 contains 378 sites
	-> Printing at chr: OZ034740.1 pos:16335284 chunknumber 516800 contains 516 sites
	-> Printing at chr: OZ034740.1 pos:16383956 chunknumber 516900 contains 426 sites
	-> Printing at chr: OZ034740.1 pos:16418069 chunknumber 517000 contains 408 sites
	-> Printing at chr: OZ034740.1 pos:16478128 chunknumber 517100 contains 461 sites
	-> Printing at chr: OZ034740.1 pos:16523821 chunknumber 517200 contains 295 sites
	-> Printing at chr: OZ034740.1 pos:16574800 chunknumber 517300 contains 356 sites
	-> Printing at chr: OZ034740.1 pos:16620747 chunknumber 517400 contains 2966 sites
	-> Printing at chr: OZ034740.1 pos:16679503 chunknumber 517500 contains 377 sites
	-> Printing at chr: OZ034740.1 pos:16716422 chunknumber 517600 contains 258 sites
	-> Printing at chr: OZ034740.1 pos:16754590 chunknumber 517700 contains 309 sites
	-> Printing at chr: OZ034740.1 pos:16789390 chunknumber 517800 contains 263 sites
	-> Printing at chr: OZ034740.1 pos:16827302 chunknumber 517900 contains 326 sites
	-> Printing at chr: OZ034740.1 pos:16875984 chunknumber 518000 contains 255 sites
	-> Printing at chr: OZ034740.1 pos:16930099 chunknumber 518100 contains 304 sites
	-> Printing at chr: OZ034740.1 pos:16965848 chunknumber 518200 contains 342 sites
	-> Printing at chr: OZ034740.1 pos:17004506 chunknumber 518300 contains 315 sites
	-> Printing at chr: OZ034740.1 pos:17040424 chunknumber 518400 contains 304 sites
	-> Printing at chr: OZ034740.1 pos:17079680 chunknumber 518500 contains 409 sites
	-> Printing at chr: OZ034740.1 pos:17115821 chunknumber 518600 contains 533 sites
	-> Printing at chr: OZ034740.1 pos:17153692 chunknumber 518700 contains 431 sites
	-> Printing at chr: OZ034740.1 pos:17188616 chunknumber 518800 contains 818 sites
	-> Printing at chr: OZ034740.1 pos:17222304 chunknumber 518900 contains 252 sites
	-> Printing at chr: OZ034740.1 pos:17259720 chunknumber 519000 contains 500 sites
	-> Printing at chr: OZ034740.1 pos:17303619 chunknumber 519100 contains 350 sites
	-> Printing at chr: OZ034740.1 pos:17342595 chunknumber 519200 contains 331 sites
	-> Printing at chr: OZ034740.1 pos:17378705 chunknumber 519300 contains 474 sites
	-> Printing at chr: OZ034740.1 pos:17417754 chunknumber 519400 contains 319 sites
	-> Printing at chr: OZ034740.1 pos:17454085 chunknumber 519500 contains 1395 sites
	-> Printing at chr: OZ034740.1 pos:17494267 chunknumber 519600 contains 542 sites
	-> Printing at chr: OZ034740.1 pos:17529439 chunknumber 519700 contains 283 sites
	-> Printing at chr: OZ034740.1 pos:17565706 chunknumber 519800 contains 253 sites
	-> Printing at chr: OZ034740.1 pos:17602370 chunknumber 519900 contains 398 sites
	-> Printing at chr: OZ034740.1 pos:17638228 chunknumber 520000 contains 364 sites
	-> Printing at chr: OZ034740.1 pos:17740949 chunknumber 520100 contains 277 sites
	-> Printing at chr: OZ034740.1 pos:17779235 chunknumber 520200 contains 417 sites
	-> Printing at chr: OZ034740.1 pos:17831518 chunknumber 520300 contains 737 sites
	-> Printing at chr: OZ034740.1 pos:17959366 chunknumber 520400 contains 492 sites
	-> Printing at chr: OZ034740.1 pos:18065764 chunknumber 520500 contains 3423 sites
	-> Printing at chr: OZ034740.1 pos:18218728 chunknumber 520600 contains 711 sites
	-> Printing at chr: OZ034740.1 pos:18255349 chunknumber 520700 contains 421 sites
	-> Printing at chr: OZ034740.1 pos:18291064 chunknumber 520800 contains 402 sites
	-> Printing at chr: OZ034740.1 pos:18334359 chunknumber 520900 contains 395 sites
	-> Printing at chr: OZ034740.1 pos:18382656 chunknumber 521000 contains 323 sites
	-> Printing at chr: OZ034740.1 pos:18415377 chunknumber 521100 contains 268 sites
	-> Printing at chr: OZ034740.1 pos:18451401 chunknumber 521200 contains 261 sites
	-> Printing at chr: OZ034740.1 pos:18487505 chunknumber 521300 contains 405 sites
	-> Printing at chr: OZ034740.1 pos:18523440 chunknumber 521400 contains 405 sites
	-> Printing at chr: OZ034740.1 pos:18557078 chunknumber 521500 contains 260 sites
	-> Printing at chr: OZ034740.1 pos:18591250 chunknumber 521600 contains 264 sites
	-> Printing at chr: OZ034740.1 pos:18627696 chunknumber 521700 contains 268 sites
	-> Printing at chr: OZ034740.1 pos:18662798 chunknumber 521800 contains 464 sites
	-> Printing at chr: OZ034740.1 pos:18706494 chunknumber 521900 contains 418 sites
	-> Printing at chr: OZ034740.1 pos:18742442 chunknumber 522000 contains 261 sites
	-> Printing at chr: OZ034740.1 pos:18776038 chunknumber 522100 contains 268 sites
	-> Printing at chr: OZ034740.1 pos:18811991 chunknumber 522200 contains 418 sites
	-> Printing at chr: OZ034740.1 pos:18851839 chunknumber 522300 contains 256 sites
	-> Printing at chr: OZ034740.1 pos:18921263 chunknumber 522400 contains 537 sites
	-> Printing at chr: OZ034740.1 pos:18987188 chunknumber 522500 contains 391 sites
	-> Printing at chr: OZ034740.1 pos:19031498 chunknumber 522600 contains 481 sites
	-> Printing at chr: OZ034740.1 pos:19062761 chunknumber 522700 contains 348 sites
	-> Printing at chr: OZ034740.1 pos:19099625 chunknumber 522800 contains 305 sites
	-> Printing at chr: OZ034740.1 pos:19329004 chunknumber 522900 contains 3504 sites
	-> Printing at chr: OZ034740.1 pos:19414038 chunknumber 523000 contains 278 sites
	-> Printing at chr: OZ034740.1 pos:19454986 chunknumber 523100 contains 252 sites
	-> Printing at chr: OZ034740.1 pos:19493489 chunknumber 523200 contains 535 sites
	-> Printing at chr: OZ034740.1 pos:19562520 chunknumber 523300 contains 971 sites
	-> Printing at chr: OZ034740.1 pos:19861762 chunknumber 523400 contains 282 sites
	-> Printing at chr: OZ034740.1 pos:19898103 chunknumber 523500 contains 282 sites
	-> Printing at chr: OZ034740.1 pos:19940602 chunknumber 523600 contains 392 sites
	-> Printing at chr: OZ034740.1 pos:19979201 chunknumber 523700 contains 564 sites
	-> Printing at chr: OZ034740.1 pos:20017018 chunknumber 523800 contains 262 sites
	-> Printing at chr: OZ034740.1 pos:20052765 chunknumber 523900 contains 260 sites
	-> Printing at chr: OZ034740.1 pos:20089974 chunknumber 524000 contains 355 sites
	-> Printing at chr: OZ034740.1 pos:20124120 chunknumber 524100 contains 256 sites
	-> Printing at chr: OZ034740.1 pos:20159587 chunknumber 524200 contains 284 sites
	-> Printing at chr: OZ034740.1 pos:20194859 chunknumber 524300 contains 317 sites
	-> Printing at chr: OZ034740.1 pos:20229826 chunknumber 524400 contains 276 sites
	-> Printing at chr: OZ034740.1 pos:20264762 chunknumber 524500 contains 254 sites
	-> Printing at chr: OZ034740.1 pos:20300062 chunknumber 524600 contains 542 sites
	-> Printing at chr: OZ034740.1 pos:20336079 chunknumber 524700 contains 269 sites
	-> Printing at chr: OZ034740.1 pos:20372767 chunknumber 524800 contains 253 sites
	-> Printing at chr: OZ034740.1 pos:20413084 chunknumber 524900 contains 351 sites
	-> Printing at chr: OZ034740.1 pos:20457193 chunknumber 525000 contains 624 sites
	-> Printing at chr: OZ034740.1 pos:20513753 chunknumber 525100 contains 743 sites
	-> Printing at chr: OZ034740.1 pos:20624075 chunknumber 525200 contains 340 sites
	-> Printing at chr: OZ034740.1 pos:20658760 chunknumber 525300 contains 260 sites
	-> Printing at chr: OZ034740.1 pos:20694771 chunknumber 525400 contains 493 sites
	-> Printing at chr: OZ034740.1 pos:20727082 chunknumber 525500 contains 460 sites
	-> Printing at chr: OZ034740.1 pos:20761750 chunknumber 525600 contains 352 sites
	-> Printing at chr: OZ034740.1 pos:20802599 chunknumber 525700 contains 455 sites
	-> Printing at chr: OZ034740.1 pos:20835599 chunknumber 525800 contains 368 sites
	-> Printing at chr: OZ034740.1 pos:20956371 chunknumber 525900 contains 251 sites
	-> Printing at chr: OZ034740.1 pos:21113181 chunknumber 526000 contains 254 sites
	-> Printing at chr: OZ034740.1 pos:21179555 chunknumber 526100 contains 475 sites
	-> Printing at chr: OZ034740.1 pos:21214948 chunknumber 526200 contains 285 sites
	-> Printing at chr: OZ034740.1 pos:21250246 chunknumber 526300 contains 251 sites
	-> Printing at chr: OZ034740.1 pos:21291732 chunknumber 526400 contains 397 sites
	-> Printing at chr: OZ034740.1 pos:21327253 chunknumber 526500 contains 348 sites
	-> Printing at chr: OZ034740.1 pos:21367413 chunknumber 526600 contains 349 sites
	-> Printing at chr: OZ034740.1 pos:21406179 chunknumber 526700 contains 251 sites
	-> Printing at chr: OZ034740.1 pos:21444502 chunknumber 526800 contains 384 sites
	-> Printing at chr: OZ034740.1 pos:21494377 chunknumber 526900 contains 596 sites
	-> Printing at chr: OZ034740.1 pos:21572342 chunknumber 527000 contains 259 sites
	-> Printing at chr: OZ034740.1 pos:21664543 chunknumber 527100 contains 293 sites
	-> Printing at chr: OZ034740.1 pos:21720147 chunknumber 527200 contains 372 sites
	-> Printing at chr: OZ034740.1 pos:21755116 chunknumber 527300 contains 303 sites
	-> Printing at chr: OZ034740.1 pos:21789558 chunknumber 527400 contains 366 sites
	-> Printing at chr: OZ034740.1 pos:21827481 chunknumber 527500 contains 271 sites
	-> Printing at chr: OZ034740.1 pos:21863598 chunknumber 527600 contains 476 sites
	-> Printing at chr: OZ034740.1 pos:21898314 chunknumber 527700 contains 779 sites
	-> Printing at chr: OZ034740.1 pos:21933931 chunknumber 527800 contains 454 sites
	-> Printing at chr: OZ034740.1 pos:21969634 chunknumber 527900 contains 468 sites
	-> Printing at chr: OZ034740.1 pos:22006459 chunknumber 528000 contains 417 sites
	-> Printing at chr: OZ034740.1 pos:22041861 chunknumber 528100 contains 294 sites
	-> Printing at chr: OZ034740.1 pos:22080356 chunknumber 528200 contains 357 sites
	-> Region lookup 11/142
	-> Printing at chr: OZ034741.1 pos:22267 chunknumber 528300 contains 272 sites
	-> Printing at chr: OZ034741.1 pos:73682 chunknumber 528400 contains 256 sites
	-> Printing at chr: OZ034741.1 pos:108904 chunknumber 528500 contains 358 sites
	-> Printing at chr: OZ034741.1 pos:145003 chunknumber 528600 contains 434 sites
	-> Printing at chr: OZ034741.1 pos:188554 chunknumber 528700 contains 384 sites
	-> Printing at chr: OZ034741.1 pos:225394 chunknumber 528800 contains 409 sites
	-> Printing at chr: OZ034741.1 pos:275859 chunknumber 528900 contains 799 sites
	-> Printing at chr: OZ034741.1 pos:323925 chunknumber 529000 contains 269 sites
	-> Printing at chr: OZ034741.1 pos:357923 chunknumber 529100 contains 319 sites
	-> Printing at chr: OZ034741.1 pos:396250 chunknumber 529200 contains 343 sites
	-> Printing at chr: OZ034741.1 pos:433047 chunknumber 529300 contains 355 sites
	-> Printing at chr: OZ034741.1 pos:468985 chunknumber 529400 contains 375 sites
	-> Printing at chr: OZ034741.1 pos:511810 chunknumber 529500 contains 559 sites
	-> Printing at chr: OZ034741.1 pos:554435 chunknumber 529600 contains 267 sites
	-> Printing at chr: OZ034741.1 pos:588018 chunknumber 529700 contains 461 sites
	-> Printing at chr: OZ034741.1 pos:625026 chunknumber 529800 contains 275 sites
	-> Printing at chr: OZ034741.1 pos:686028 chunknumber 529900 contains 477 sites
	-> Printing at chr: OZ034741.1 pos:726173 chunknumber 530000 contains 357 sites
	-> Printing at chr: OZ034741.1 pos:779925 chunknumber 530100 contains 260 sites
	-> Printing at chr: OZ034741.1 pos:815325 chunknumber 530200 contains 473 sites
	-> Printing at chr: OZ034741.1 pos:875961 chunknumber 530300 contains 2006 sites
	-> Printing at chr: OZ034741.1 pos:937684 chunknumber 530400 contains 387 sites
	-> Printing at chr: OZ034741.1 pos:987948 chunknumber 530500 contains 433 sites
	-> Printing at chr: OZ034741.1 pos:1022921 chunknumber 530600 contains 438 sites
	-> Printing at chr: OZ034741.1 pos:1075797 chunknumber 530700 contains 1398 sites
	-> Printing at chr: OZ034741.1 pos:1132776 chunknumber 530800 contains 417 sites
	-> Printing at chr: OZ034741.1 pos:1166392 chunknumber 530900 contains 398 sites
	-> Printing at chr: OZ034741.1 pos:1201134 chunknumber 531000 contains 328 sites
	-> Printing at chr: OZ034741.1 pos:1233195 chunknumber 531100 contains 270 sites
	-> Printing at chr: OZ034741.1 pos:1267626 chunknumber 531200 contains 325 sites
	-> Printing at chr: OZ034741.1 pos:1389607 chunknumber 531300 contains 539 sites
	-> Printing at chr: OZ034741.1 pos:1443695 chunknumber 531400 contains 252 sites
	-> Printing at chr: OZ034741.1 pos:1480857 chunknumber 531500 contains 291 sites
	-> Printing at chr: OZ034741.1 pos:1516954 chunknumber 531600 contains 373 sites
	-> Printing at chr: OZ034741.1 pos:1555041 chunknumber 531700 contains 347 sites
	-> Printing at chr: OZ034741.1 pos:1591701 chunknumber 531800 contains 334 sites
	-> Printing at chr: OZ034741.1 pos:1628024 chunknumber 531900 contains 322 sites
	-> Printing at chr: OZ034741.1 pos:1685731 chunknumber 532000 contains 3889 sites
	-> Printing at chr: OZ034741.1 pos:1772216 chunknumber 532100 contains 390 sites
	-> Printing at chr: OZ034741.1 pos:1824299 chunknumber 532200 contains 252 sites
	-> Printing at chr: OZ034741.1 pos:1868003 chunknumber 532300 contains 339 sites
	-> Printing at chr: OZ034741.1 pos:1902755 chunknumber 532400 contains 467 sites
	-> Printing at chr: OZ034741.1 pos:1939122 chunknumber 532500 contains 538 sites
	-> Printing at chr: OZ034741.1 pos:2014846 chunknumber 532600 contains 627 sites
	-> Printing at chr: OZ034741.1 pos:2079416 chunknumber 532700 contains 290 sites
	-> Printing at chr: OZ034741.1 pos:2112365 chunknumber 532800 contains 407 sites
	-> Printing at chr: OZ034741.1 pos:2150955 chunknumber 532900 contains 300 sites
	-> Printing at chr: OZ034741.1 pos:2226471 chunknumber 533000 contains 1003 sites
	-> Printing at chr: OZ034741.1 pos:2307880 chunknumber 533100 contains 1614 sites
	-> Printing at chr: OZ034741.1 pos:2406163 chunknumber 533200 contains 375 sites
	-> Printing at chr: OZ034741.1 pos:2441155 chunknumber 533300 contains 254 sites
	-> Printing at chr: OZ034741.1 pos:2486660 chunknumber 533400 contains 279 sites
	-> Printing at chr: OZ034741.1 pos:2523523 chunknumber 533500 contains 334 sites
	-> Printing at chr: OZ034741.1 pos:2595432 chunknumber 533600 contains 386 sites
	-> Printing at chr: OZ034741.1 pos:2657963 chunknumber 533700 contains 430 sites
	-> Printing at chr: OZ034741.1 pos:2693370 chunknumber 533800 contains 393 sites
	-> Printing at chr: OZ034741.1 pos:2730798 chunknumber 533900 contains 313 sites
	-> Printing at chr: OZ034741.1 pos:2765554 chunknumber 534000 contains 396 sites
	-> Printing at chr: OZ034741.1 pos:2800842 chunknumber 534100 contains 321 sites
	-> Printing at chr: OZ034741.1 pos:2867786 chunknumber 534200 contains 363 sites
	-> Printing at chr: OZ034741.1 pos:2903138 chunknumber 534300 contains 337 sites
	-> Printing at chr: OZ034741.1 pos:2942358 chunknumber 534400 contains 511 sites
	-> Printing at chr: OZ034741.1 pos:2978637 chunknumber 534500 contains 408 sites
	-> Printing at chr: OZ034741.1 pos:3015394 chunknumber 534600 contains 327 sites
	-> Printing at chr: OZ034741.1 pos:3058437 chunknumber 534700 contains 659 sites
	-> Printing at chr: OZ034741.1 pos:3108644 chunknumber 534800 contains 2294 sites
	-> Printing at chr: OZ034741.1 pos:3158965 chunknumber 534900 contains 258 sites
	-> Printing at chr: OZ034741.1 pos:3205759 chunknumber 535000 contains 334 sites
	-> Printing at chr: OZ034741.1 pos:3251828 chunknumber 535100 contains 325 sites
	-> Printing at chr: OZ034741.1 pos:3290818 chunknumber 535200 contains 341 sites
	-> Printing at chr: OZ034741.1 pos:3329170 chunknumber 535300 contains 351 sites
	-> Printing at chr: OZ034741.1 pos:3373157 chunknumber 535400 contains 380 sites
	-> Printing at chr: OZ034741.1 pos:3410227 chunknumber 535500 contains 1340 sites
	-> Printing at chr: OZ034741.1 pos:3453828 chunknumber 535600 contains 392 sites
	-> Printing at chr: OZ034741.1 pos:3490468 chunknumber 535700 contains 804 sites
	-> Printing at chr: OZ034741.1 pos:3534598 chunknumber 535800 contains 404 sites
	-> Printing at chr: OZ034741.1 pos:3586907 chunknumber 535900 contains 261 sites
	-> Printing at chr: OZ034741.1 pos:3622054 chunknumber 536000 contains 314 sites
	-> Printing at chr: OZ034741.1 pos:3656097 chunknumber 536100 contains 383 sites
	-> Printing at chr: OZ034741.1 pos:3695877 chunknumber 536200 contains 329 sites
	-> Printing at chr: OZ034741.1 pos:3731931 chunknumber 536300 contains 534 sites
	-> Printing at chr: OZ034741.1 pos:3771676 chunknumber 536400 contains 467 sites
	-> Printing at chr: OZ034741.1 pos:3809579 chunknumber 536500 contains 283 sites
	-> Printing at chr: OZ034741.1 pos:3844576 chunknumber 536600 contains 253 sites
	-> Printing at chr: OZ034741.1 pos:3878767 chunknumber 536700 contains 272 sites
	-> Printing at chr: OZ034741.1 pos:3916552 chunknumber 536800 contains 374 sites
	-> Printing at chr: OZ034741.1 pos:3953245 chunknumber 536900 contains 310 sites
	-> Printing at chr: OZ034741.1 pos:3993422 chunknumber 537000 contains 337 sites
	-> Printing at chr: OZ034741.1 pos:4028204 chunknumber 537100 contains 285 sites
	-> Printing at chr: OZ034741.1 pos:4064876 chunknumber 537200 contains 381 sites
	-> Printing at chr: OZ034741.1 pos:4098599 chunknumber 537300 contains 317 sites
	-> Printing at chr: OZ034741.1 pos:4145949 chunknumber 537400 contains 353 sites
	-> Printing at chr: OZ034741.1 pos:4197568 chunknumber 537500 contains 262 sites
	-> Printing at chr: OZ034741.1 pos:4268343 chunknumber 537600 contains 251 sites
	-> Printing at chr: OZ034741.1 pos:4328707 chunknumber 537700 contains 416 sites
	-> Printing at chr: OZ034741.1 pos:4403302 chunknumber 537800 contains 343 sites
	-> Printing at chr: OZ034741.1 pos:4472658 chunknumber 537900 contains 584 sites
	-> Printing at chr: OZ034741.1 pos:4508388 chunknumber 538000 contains 478 sites
	-> Printing at chr: OZ034741.1 pos:4559644 chunknumber 538100 contains 252 sites
	-> Printing at chr: OZ034741.1 pos:4593336 chunknumber 538200 contains 318 sites
	-> Printing at chr: OZ034741.1 pos:4630157 chunknumber 538300 contains 270 sites
	-> Printing at chr: OZ034741.1 pos:4662921 chunknumber 538400 contains 321 sites
	-> Printing at chr: OZ034741.1 pos:4697680 chunknumber 538500 contains 263 sites
	-> Printing at chr: OZ034741.1 pos:4731826 chunknumber 538600 contains 283 sites
	-> Printing at chr: OZ034741.1 pos:4767526 chunknumber 538700 contains 259 sites
	-> Printing at chr: OZ034741.1 pos:4817948 chunknumber 538800 contains 637 sites
	-> Printing at chr: OZ034741.1 pos:4887087 chunknumber 538900 contains 259 sites
	-> Printing at chr: OZ034741.1 pos:4923810 chunknumber 539000 contains 284 sites
	-> Printing at chr: OZ034741.1 pos:4960320 chunknumber 539100 contains 398 sites
	-> Printing at chr: OZ034741.1 pos:4994478 chunknumber 539200 contains 329 sites
	-> Printing at chr: OZ034741.1 pos:5029776 chunknumber 539300 contains 351 sites
	-> Printing at chr: OZ034741.1 pos:5068359 chunknumber 539400 contains 284 sites
	-> Printing at chr: OZ034741.1 pos:5102136 chunknumber 539500 contains 262 sites
	-> Printing at chr: OZ034741.1 pos:5142806 chunknumber 539600 contains 310 sites
	-> Printing at chr: OZ034741.1 pos:5177130 chunknumber 539700 contains 359 sites
	-> Printing at chr: OZ034741.1 pos:5210658 chunknumber 539800 contains 302 sites
	-> Printing at chr: OZ034741.1 pos:5243966 chunknumber 539900 contains 344 sites
	-> Printing at chr: OZ034741.1 pos:5279988 chunknumber 540000 contains 319 sites
	-> Printing at chr: OZ034741.1 pos:5314340 chunknumber 540100 contains 358 sites
	-> Printing at chr: OZ034741.1 pos:5352564 chunknumber 540200 contains 388 sites
	-> Printing at chr: OZ034741.1 pos:5390719 chunknumber 540300 contains 373 sites
	-> Printing at chr: OZ034741.1 pos:5426231 chunknumber 540400 contains 294 sites
	-> Printing at chr: OZ034741.1 pos:5463614 chunknumber 540500 contains 378 sites
	-> Printing at chr: OZ034741.1 pos:5509586 chunknumber 540600 contains 420 sites
	-> Printing at chr: OZ034741.1 pos:5542275 chunknumber 540700 contains 253 sites
	-> Printing at chr: OZ034741.1 pos:5577808 chunknumber 540800 contains 257 sites
	-> Printing at chr: OZ034741.1 pos:5762735 chunknumber 540900 contains 259 sites
	-> Printing at chr: OZ034741.1 pos:5814695 chunknumber 541000 contains 4667 sites
	-> Printing at chr: OZ034741.1 pos:5936060 chunknumber 541100 contains 422 sites
	-> Printing at chr: OZ034741.1 pos:5976946 chunknumber 541200 contains 449 sites
	-> Printing at chr: OZ034741.1 pos:6019100 chunknumber 541300 contains 433 sites
	-> Printing at chr: OZ034741.1 pos:6053738 chunknumber 541400 contains 302 sites
	-> Printing at chr: OZ034741.1 pos:6090591 chunknumber 541500 contains 418 sites
	-> Printing at chr: OZ034741.1 pos:6126402 chunknumber 541600 contains 268 sites
	-> Printing at chr: OZ034741.1 pos:6165432 chunknumber 541700 contains 251 sites
	-> Printing at chr: OZ034741.1 pos:6207469 chunknumber 541800 contains 687 sites
	-> Printing at chr: OZ034741.1 pos:6265449 chunknumber 541900 contains 290 sites
	-> Printing at chr: OZ034741.1 pos:6298578 chunknumber 542000 contains 259 sites
	-> Printing at chr: OZ034741.1 pos:6333568 chunknumber 542100 contains 291 sites
	-> Printing at chr: OZ034741.1 pos:6369357 chunknumber 542200 contains 394 sites
	-> Printing at chr: OZ034741.1 pos:6404269 chunknumber 542300 contains 254 sites
	-> Printing at chr: OZ034741.1 pos:6465593 chunknumber 542400 contains 257 sites
	-> Printing at chr: OZ034741.1 pos:6498277 chunknumber 542500 contains 312 sites
	-> Printing at chr: OZ034741.1 pos:6532889 chunknumber 542600 contains 367 sites
	-> Printing at chr: OZ034741.1 pos:6574933 chunknumber 542700 contains 386 sites
	-> Printing at chr: OZ034741.1 pos:6608762 chunknumber 542800 contains 257 sites
	-> Printing at chr: OZ034741.1 pos:6674816 chunknumber 542900 contains 357 sites
	-> Printing at chr: OZ034741.1 pos:6741411 chunknumber 543000 contains 388 sites
	-> Printing at chr: OZ034741.1 pos:6783296 chunknumber 543100 contains 306 sites
	-> Printing at chr: OZ034741.1 pos:6819560 chunknumber 543200 contains 284 sites
	-> Printing at chr: OZ034741.1 pos:6857300 chunknumber 543300 contains 252 sites
	-> Printing at chr: OZ034741.1 pos:6913630 chunknumber 543400 contains 1061 sites
	-> Printing at chr: OZ034741.1 pos:6987869 chunknumber 543500 contains 342 sites
	-> Printing at chr: OZ034741.1 pos:7056152 chunknumber 543600 contains 300 sites
	-> Printing at chr: OZ034741.1 pos:7100453 chunknumber 543700 contains 257 sites
	-> Printing at chr: OZ034741.1 pos:7142656 chunknumber 543800 contains 393 sites
	-> Printing at chr: OZ034741.1 pos:7247710 chunknumber 543900 contains 6711 sites
	-> Printing at chr: OZ034741.1 pos:7446591 chunknumber 544000 contains 251 sites
	-> Printing at chr: OZ034741.1 pos:7486746 chunknumber 544100 contains 270 sites
	-> Printing at chr: OZ034741.1 pos:7532644 chunknumber 544200 contains 370 sites
	-> Printing at chr: OZ034741.1 pos:7568931 chunknumber 544300 contains 338 sites
	-> Printing at chr: OZ034741.1 pos:7607210 chunknumber 544400 contains 513 sites
	-> Printing at chr: OZ034741.1 pos:7649878 chunknumber 544500 contains 347 sites
	-> Printing at chr: OZ034741.1 pos:7686144 chunknumber 544600 contains 283 sites
	-> Printing at chr: OZ034741.1 pos:7723716 chunknumber 544700 contains 391 sites
	-> Printing at chr: OZ034741.1 pos:7766990 chunknumber 544800 contains 326 sites
	-> Printing at chr: OZ034741.1 pos:7800816 chunknumber 544900 contains 265 sites
	-> Printing at chr: OZ034741.1 pos:7835836 chunknumber 545000 contains 465 sites
	-> Printing at chr: OZ034741.1 pos:7871139 chunknumber 545100 contains 255 sites
	-> Printing at chr: OZ034741.1 pos:7910050 chunknumber 545200 contains 431 sites
	-> Printing at chr: OZ034741.1 pos:7948266 chunknumber 545300 contains 389 sites
	-> Printing at chr: OZ034741.1 pos:7986748 chunknumber 545400 contains 416 sites
	-> Printing at chr: OZ034741.1 pos:8023097 chunknumber 545500 contains 368 sites
	-> Printing at chr: OZ034741.1 pos:8061156 chunknumber 545600 contains 270 sites
	-> Printing at chr: OZ034741.1 pos:8097884 chunknumber 545700 contains 367 sites
	-> Printing at chr: OZ034741.1 pos:8199759 chunknumber 545800 contains 1616 sites
	-> Printing at chr: OZ034741.1 pos:8371770 chunknumber 545900 contains 252 sites
	-> Printing at chr: OZ034741.1 pos:8423398 chunknumber 546000 contains 260 sites
	-> Printing at chr: OZ034741.1 pos:8467826 chunknumber 546100 contains 404 sites
	-> Printing at chr: OZ034741.1 pos:8517805 chunknumber 546200 contains 498 sites
	-> Printing at chr: OZ034741.1 pos:8573901 chunknumber 546300 contains 252 sites
	-> Printing at chr: OZ034741.1 pos:8624859 chunknumber 546400 contains 438 sites
	-> Printing at chr: OZ034741.1 pos:8662674 chunknumber 546500 contains 487 sites
	-> Printing at chr: OZ034741.1 pos:8701328 chunknumber 546600 contains 350 sites
	-> Printing at chr: OZ034741.1 pos:8738574 chunknumber 546700 contains 251 sites
	-> Printing at chr: OZ034741.1 pos:8774732 chunknumber 546800 contains 255 sites
	-> Printing at chr: OZ034741.1 pos:8810073 chunknumber 546900 contains 319 sites
	-> Printing at chr: OZ034741.1 pos:8847165 chunknumber 547000 contains 477 sites
	-> Printing at chr: OZ034741.1 pos:8934793 chunknumber 547100 contains 258 sites
	-> Printing at chr: OZ034741.1 pos:9088583 chunknumber 547200 contains 390 sites
	-> Printing at chr: OZ034741.1 pos:9150469 chunknumber 547300 contains 536 sites
	-> Printing at chr: OZ034741.1 pos:9194121 chunknumber 547400 contains 376 sites
	-> Printing at chr: OZ034741.1 pos:9247376 chunknumber 547500 contains 359 sites
	-> Printing at chr: OZ034741.1 pos:9280662 chunknumber 547600 contains 400 sites
	-> Printing at chr: OZ034741.1 pos:9318760 chunknumber 547700 contains 365 sites
	-> Printing at chr: OZ034741.1 pos:9366998 chunknumber 547800 contains 436 sites
	-> Printing at chr: OZ034741.1 pos:9418909 chunknumber 547900 contains 260 sites
	-> Printing at chr: OZ034741.1 pos:9469996 chunknumber 548000 contains 394 sites
	-> Printing at chr: OZ034741.1 pos:9504718 chunknumber 548100 contains 253 sites
	-> Printing at chr: OZ034741.1 pos:9590770 chunknumber 548200 contains 252 sites
	-> Printing at chr: OZ034741.1 pos:9637374 chunknumber 548300 contains 315 sites
	-> Printing at chr: OZ034741.1 pos:9676272 chunknumber 548400 contains 256 sites
	-> Printing at chr: OZ034741.1 pos:9712806 chunknumber 548500 contains 423 sites
	-> Printing at chr: OZ034741.1 pos:9766840 chunknumber 548600 contains 252 sites
	-> Printing at chr: OZ034741.1 pos:9802001 chunknumber 548700 contains 256 sites
	-> Printing at chr: OZ034741.1 pos:9837012 chunknumber 548800 contains 453 sites
	-> Printing at chr: OZ034741.1 pos:9874455 chunknumber 548900 contains 484 sites
	-> Printing at chr: OZ034741.1 pos:9913656 chunknumber 549000 contains 456 sites
	-> Printing at chr: OZ034741.1 pos:9960458 chunknumber 549100 contains 261 sites
	-> Printing at chr: OZ034741.1 pos:9997077 chunknumber 549200 contains 288 sites
	-> Printing at chr: OZ034741.1 pos:10033019 chunknumber 549300 contains 273 sites
	-> Printing at chr: OZ034741.1 pos:10068103 chunknumber 549400 contains 461 sites
	-> Printing at chr: OZ034741.1 pos:10116035 chunknumber 549500 contains 268 sites
	-> Printing at chr: OZ034741.1 pos:10153290 chunknumber 549600 contains 270 sites
	-> Printing at chr: OZ034741.1 pos:10188613 chunknumber 549700 contains 253 sites
	-> Printing at chr: OZ034741.1 pos:10232334 chunknumber 549800 contains 352 sites
	-> Printing at chr: OZ034741.1 pos:10279010 chunknumber 549900 contains 583 sites
	-> Printing at chr: OZ034741.1 pos:10334801 chunknumber 550000 contains 268 sites
	-> Printing at chr: OZ034741.1 pos:10373156 chunknumber 550100 contains 300 sites
	-> Printing at chr: OZ034741.1 pos:10422777 chunknumber 550200 contains 257 sites
	-> Printing at chr: OZ034741.1 pos:10457966 chunknumber 550300 contains 264 sites
	-> Printing at chr: OZ034741.1 pos:10492908 chunknumber 550400 contains 253 sites
	-> Printing at chr: OZ034741.1 pos:10527122 chunknumber 550500 contains 251 sites
	-> Printing at chr: OZ034741.1 pos:10566206 chunknumber 550600 contains 349 sites
	-> Printing at chr: OZ034741.1 pos:10601444 chunknumber 550700 contains 252 sites
	-> Printing at chr: OZ034741.1 pos:10638056 chunknumber 550800 contains 304 sites
	-> Printing at chr: OZ034741.1 pos:10684224 chunknumber 550900 contains 267 sites
	-> Printing at chr: OZ034741.1 pos:10720386 chunknumber 551000 contains 256 sites
	-> Printing at chr: OZ034741.1 pos:10756284 chunknumber 551100 contains 340 sites
	-> Printing at chr: OZ034741.1 pos:10824474 chunknumber 551200 contains 1387 sites
	-> Printing at chr: OZ034741.1 pos:10991983 chunknumber 551300 contains 2804 sites
	-> Printing at chr: OZ034741.1 pos:11045135 chunknumber 551400 contains 387 sites
	-> Printing at chr: OZ034741.1 pos:11081158 chunknumber 551500 contains 256 sites
	-> Printing at chr: OZ034741.1 pos:11117233 chunknumber 551600 contains 256 sites
	-> Printing at chr: OZ034741.1 pos:11151505 chunknumber 551700 contains 362 sites
	-> Printing at chr: OZ034741.1 pos:11198799 chunknumber 551800 contains 391 sites
	-> Printing at chr: OZ034741.1 pos:11240429 chunknumber 551900 contains 425 sites
	-> Printing at chr: OZ034741.1 pos:11274149 chunknumber 552000 contains 411 sites
	-> Printing at chr: OZ034741.1 pos:11308541 chunknumber 552100 contains 384 sites
	-> Printing at chr: OZ034741.1 pos:11344764 chunknumber 552200 contains 260 sites
	-> Printing at chr: OZ034741.1 pos:11416927 chunknumber 552300 contains 292 sites
	-> Printing at chr: OZ034741.1 pos:11452006 chunknumber 552400 contains 390 sites
	-> Printing at chr: OZ034741.1 pos:11486305 chunknumber 552500 contains 354 sites
	-> Printing at chr: OZ034741.1 pos:11522890 chunknumber 552600 contains 259 sites
	-> Printing at chr: OZ034741.1 pos:11563947 chunknumber 552700 contains 280 sites
	-> Printing at chr: OZ034741.1 pos:11617020 chunknumber 552800 contains 770 sites
	-> Printing at chr: OZ034741.1 pos:11661362 chunknumber 552900 contains 1249 sites
	-> Printing at chr: OZ034741.1 pos:11704540 chunknumber 553000 contains 351 sites
	-> Printing at chr: OZ034741.1 pos:11740006 chunknumber 553100 contains 485 sites
	-> Printing at chr: OZ034741.1 pos:11775229 chunknumber 553200 contains 395 sites
	-> Printing at chr: OZ034741.1 pos:11813805 chunknumber 553300 contains 253 sites
	-> Printing at chr: OZ034741.1 pos:11848642 chunknumber 553400 contains 252 sites
	-> Printing at chr: OZ034741.1 pos:11882571 chunknumber 553500 contains 278 sites
	-> Printing at chr: OZ034741.1 pos:11917526 chunknumber 553600 contains 333 sites
	-> Printing at chr: OZ034741.1 pos:11953892 chunknumber 553700 contains 342 sites
	-> Printing at chr: OZ034741.1 pos:12002831 chunknumber 553800 contains 480 sites
	-> Printing at chr: OZ034741.1 pos:12055387 chunknumber 553900 contains 321 sites
	-> Printing at chr: OZ034741.1 pos:12135853 chunknumber 554000 contains 719 sites
	-> Printing at chr: OZ034741.1 pos:12172887 chunknumber 554100 contains 372 sites
	-> Printing at chr: OZ034741.1 pos:12226130 chunknumber 554200 contains 260 sites
	-> Printing at chr: OZ034741.1 pos:12326638 chunknumber 554300 contains 325 sites
	-> Printing at chr: OZ034741.1 pos:12360533 chunknumber 554400 contains 332 sites
	-> Printing at chr: OZ034741.1 pos:12428954 chunknumber 554500 contains 1817 sites
	-> Printing at chr: OZ034741.1 pos:12467185 chunknumber 554600 contains 467 sites
	-> Printing at chr: OZ034741.1 pos:12524276 chunknumber 554700 contains 375 sites
	-> Printing at chr: OZ034741.1 pos:12559252 chunknumber 554800 contains 256 sites
	-> Printing at chr: OZ034741.1 pos:12597514 chunknumber 554900 contains 457 sites
	-> Printing at chr: OZ034741.1 pos:12640196 chunknumber 555000 contains 396 sites
	-> Printing at chr: OZ034741.1 pos:12676986 chunknumber 555100 contains 442 sites
	-> Printing at chr: OZ034741.1 pos:12724999 chunknumber 555200 contains 264 sites
	-> Printing at chr: OZ034741.1 pos:12766729 chunknumber 555300 contains 1702 sites
	-> Printing at chr: OZ034741.1 pos:12822094 chunknumber 555400 contains 536 sites
	-> Printing at chr: OZ034741.1 pos:12861847 chunknumber 555500 contains 503 sites
	-> Printing at chr: OZ034741.1 pos:12899366 chunknumber 555600 contains 342 sites
	-> Printing at chr: OZ034741.1 pos:12954746 chunknumber 555700 contains 385 sites
	-> Printing at chr: OZ034741.1 pos:12991217 chunknumber 555800 contains 365 sites
	-> Printing at chr: OZ034741.1 pos:13032319 chunknumber 555900 contains 515 sites
	-> Printing at chr: OZ034741.1 pos:13071053 chunknumber 556000 contains 1615 sites
	-> Printing at chr: OZ034741.1 pos:13116737 chunknumber 556100 contains 375 sites
	-> Printing at chr: OZ034741.1 pos:13152807 chunknumber 556200 contains 479 sites
	-> Printing at chr: OZ034741.1 pos:13191250 chunknumber 556300 contains 326 sites
	-> Printing at chr: OZ034741.1 pos:13235794 chunknumber 556400 contains 253 sites
	-> Printing at chr: OZ034741.1 pos:13280449 chunknumber 556500 contains 252 sites
	-> Printing at chr: OZ034741.1 pos:13316318 chunknumber 556600 contains 255 sites
	-> Printing at chr: OZ034741.1 pos:13350794 chunknumber 556700 contains 377 sites
	-> Printing at chr: OZ034741.1 pos:13385384 chunknumber 556800 contains 254 sites
	-> Printing at chr: OZ034741.1 pos:13420515 chunknumber 556900 contains 330 sites
	-> Printing at chr: OZ034741.1 pos:13458497 chunknumber 557000 contains 327 sites
	-> Printing at chr: OZ034741.1 pos:13494217 chunknumber 557100 contains 414 sites
	-> Printing at chr: OZ034741.1 pos:13617042 chunknumber 557200 contains 355 sites
	-> Printing at chr: OZ034741.1 pos:13653865 chunknumber 557300 contains 359 sites
	-> Printing at chr: OZ034741.1 pos:13691796 chunknumber 557400 contains 467 sites
	-> Printing at chr: OZ034741.1 pos:13723578 chunknumber 557500 contains 252 sites
	-> Printing at chr: OZ034741.1 pos:13771080 chunknumber 557600 contains 579 sites
	-> Printing at chr: OZ034741.1 pos:13813504 chunknumber 557700 contains 343 sites
	-> Printing at chr: OZ034741.1 pos:13850232 chunknumber 557800 contains 251 sites
	-> Printing at chr: OZ034741.1 pos:13885676 chunknumber 557900 contains 396 sites
	-> Printing at chr: OZ034741.1 pos:13920125 chunknumber 558000 contains 394 sites
	-> Printing at chr: OZ034741.1 pos:13957374 chunknumber 558100 contains 256 sites
	-> Printing at chr: OZ034741.1 pos:13995566 chunknumber 558200 contains 356 sites
	-> Printing at chr: OZ034741.1 pos:14031489 chunknumber 558300 contains 546 sites
	-> Printing at chr: OZ034741.1 pos:14104768 chunknumber 558400 contains 258 sites
	-> Printing at chr: OZ034741.1 pos:14139470 chunknumber 558500 contains 253 sites
	-> Printing at chr: OZ034741.1 pos:14188038 chunknumber 558600 contains 338 sites
	-> Printing at chr: OZ034741.1 pos:14228439 chunknumber 558700 contains 523 sites
	-> Printing at chr: OZ034741.1 pos:14271629 chunknumber 558800 contains 261 sites
	-> Printing at chr: OZ034741.1 pos:14329463 chunknumber 558900 contains 269 sites
	-> Printing at chr: OZ034741.1 pos:14389554 chunknumber 559000 contains 265 sites
	-> Printing at chr: OZ034741.1 pos:14435792 chunknumber 559100 contains 344 sites
	-> Printing at chr: OZ034741.1 pos:14476872 chunknumber 559200 contains 383 sites
	-> Printing at chr: OZ034741.1 pos:14511815 chunknumber 559300 contains 412 sites
	-> Printing at chr: OZ034741.1 pos:14548805 chunknumber 559400 contains 251 sites
	-> Printing at chr: OZ034741.1 pos:14583978 chunknumber 559500 contains 434 sites
	-> Printing at chr: OZ034741.1 pos:14620219 chunknumber 559600 contains 274 sites
	-> Printing at chr: OZ034741.1 pos:14657375 chunknumber 559700 contains 411 sites
	-> Printing at chr: OZ034741.1 pos:14693818 chunknumber 559800 contains 539 sites
	-> Printing at chr: OZ034741.1 pos:14765559 chunknumber 559900 contains 370 sites
	-> Printing at chr: OZ034741.1 pos:14802133 chunknumber 560000 contains 418 sites
	-> Printing at chr: OZ034741.1 pos:14836528 chunknumber 560100 contains 252 sites
	-> Printing at chr: OZ034741.1 pos:14881473 chunknumber 560200 contains 390 sites
	-> Printing at chr: OZ034741.1 pos:14917551 chunknumber 560300 contains 282 sites
	-> Printing at chr: OZ034741.1 pos:14954130 chunknumber 560400 contains 330 sites
	-> Printing at chr: OZ034741.1 pos:14999305 chunknumber 560500 contains 343 sites
	-> Printing at chr: OZ034741.1 pos:15034596 chunknumber 560600 contains 281 sites
	-> Printing at chr: OZ034741.1 pos:15078741 chunknumber 560700 contains 335 sites
	-> Printing at chr: OZ034741.1 pos:15116471 chunknumber 560800 contains 398 sites
	-> Printing at chr: OZ034741.1 pos:15152189 chunknumber 560900 contains 394 sites
	-> Printing at chr: OZ034741.1 pos:15188308 chunknumber 561000 contains 256 sites
	-> Printing at chr: OZ034741.1 pos:15225415 chunknumber 561100 contains 282 sites
	-> Printing at chr: OZ034741.1 pos:15262372 chunknumber 561200 contains 347 sites
	-> Printing at chr: OZ034741.1 pos:15296849 chunknumber 561300 contains 253 sites
	-> Printing at chr: OZ034741.1 pos:15331850 chunknumber 561400 contains 431 sites
	-> Printing at chr: OZ034741.1 pos:15384559 chunknumber 561500 contains 325 sites
	-> Printing at chr: OZ034741.1 pos:15436870 chunknumber 561600 contains 251 sites
	-> Printing at chr: OZ034741.1 pos:15476786 chunknumber 561700 contains 355 sites
	-> Printing at chr: OZ034741.1 pos:15522543 chunknumber 561800 contains 393 sites
	-> Printing at chr: OZ034741.1 pos:15560293 chunknumber 561900 contains 509 sites
	-> Printing at chr: OZ034741.1 pos:15596276 chunknumber 562000 contains 257 sites
	-> Printing at chr: OZ034741.1 pos:15632511 chunknumber 562100 contains 336 sites
	-> Printing at chr: OZ034741.1 pos:15675250 chunknumber 562200 contains 281 sites
	-> Printing at chr: OZ034741.1 pos:15716271 chunknumber 562300 contains 260 sites
	-> Printing at chr: OZ034741.1 pos:15749290 chunknumber 562400 contains 272 sites
	-> Printing at chr: OZ034741.1 pos:15782953 chunknumber 562500 contains 394 sites
	-> Printing at chr: OZ034741.1 pos:15819328 chunknumber 562600 contains 402 sites
	-> Printing at chr: OZ034741.1 pos:15873431 chunknumber 562700 contains 433 sites
	-> Printing at chr: OZ034741.1 pos:15912793 chunknumber 562800 contains 376 sites
	-> Printing at chr: OZ034741.1 pos:15946942 chunknumber 562900 contains 284 sites
	-> Printing at chr: OZ034741.1 pos:15980375 chunknumber 563000 contains 252 sites
	-> Printing at chr: OZ034741.1 pos:16015911 chunknumber 563100 contains 293 sites
	-> Printing at chr: OZ034741.1 pos:16058627 chunknumber 563200 contains 358 sites
	-> Printing at chr: OZ034741.1 pos:16106451 chunknumber 563300 contains 1556 sites
	-> Printing at chr: OZ034741.1 pos:16151189 chunknumber 563400 contains 342 sites
	-> Printing at chr: OZ034741.1 pos:16187146 chunknumber 563500 contains 347 sites
	-> Printing at chr: OZ034741.1 pos:16219955 chunknumber 563600 contains 331 sites
	-> Printing at chr: OZ034741.1 pos:16255176 chunknumber 563700 contains 281 sites
	-> Printing at chr: OZ034741.1 pos:16285961 chunknumber 563800 contains 254 sites
	-> Printing at chr: OZ034741.1 pos:16320077 chunknumber 563900 contains 332 sites
	-> Printing at chr: OZ034741.1 pos:16355687 chunknumber 564000 contains 365 sites
	-> Printing at chr: OZ034741.1 pos:16390079 chunknumber 564100 contains 254 sites
	-> Printing at chr: OZ034741.1 pos:16423141 chunknumber 564200 contains 371 sites
	-> Printing at chr: OZ034741.1 pos:16459384 chunknumber 564300 contains 252 sites
	-> Printing at chr: OZ034741.1 pos:16496097 chunknumber 564400 contains 313 sites
	-> Printing at chr: OZ034741.1 pos:16538080 chunknumber 564500 contains 783 sites
	-> Printing at chr: OZ034741.1 pos:16659051 chunknumber 564600 contains 454 sites
	-> Printing at chr: OZ034741.1 pos:16708034 chunknumber 564700 contains 656 sites
	-> Printing at chr: OZ034741.1 pos:16762112 chunknumber 564800 contains 320 sites
	-> Printing at chr: OZ034741.1 pos:16796830 chunknumber 564900 contains 338 sites
	-> Printing at chr: OZ034741.1 pos:16832125 chunknumber 565000 contains 284 sites
	-> Printing at chr: OZ034741.1 pos:16866512 chunknumber 565100 contains 264 sites
	-> Printing at chr: OZ034741.1 pos:16901925 chunknumber 565200 contains 257 sites
	-> Printing at chr: OZ034741.1 pos:16937474 chunknumber 565300 contains 310 sites
	-> Printing at chr: OZ034741.1 pos:16974029 chunknumber 565400 contains 262 sites
	-> Printing at chr: OZ034741.1 pos:17009187 chunknumber 565500 contains 312 sites
	-> Printing at chr: OZ034741.1 pos:17044251 chunknumber 565600 contains 451 sites
	-> Printing at chr: OZ034741.1 pos:17082078 chunknumber 565700 contains 278 sites
	-> Printing at chr: OZ034741.1 pos:17111071 chunknumber 565800 contains 401 sites
	-> Printing at chr: OZ034741.1 pos:17145145 chunknumber 565900 contains 435 sites
	-> Printing at chr: OZ034741.1 pos:17178976 chunknumber 566000 contains 268 sites
	-> Printing at chr: OZ034741.1 pos:17219368 chunknumber 566100 contains 353 sites
	-> Printing at chr: OZ034741.1 pos:17254009 chunknumber 566200 contains 261 sites
	-> Printing at chr: OZ034741.1 pos:17296980 chunknumber 566300 contains 396 sites
	-> Printing at chr: OZ034741.1 pos:17330913 chunknumber 566400 contains 252 sites
	-> Printing at chr: OZ034741.1 pos:17363755 chunknumber 566500 contains 323 sites
	-> Printing at chr: OZ034741.1 pos:17402261 chunknumber 566600 contains 296 sites
	-> Printing at chr: OZ034741.1 pos:17438723 chunknumber 566700 contains 262 sites
	-> Printing at chr: OZ034741.1 pos:17472853 chunknumber 566800 contains 270 sites
	-> Printing at chr: OZ034741.1 pos:17528235 chunknumber 566900 contains 14176 sites
	-> Printing at chr: OZ034741.1 pos:17629103 chunknumber 567000 contains 1405 sites
	-> Printing at chr: OZ034741.1 pos:17690155 chunknumber 567100 contains 358 sites
	-> Printing at chr: OZ034741.1 pos:17724921 chunknumber 567200 contains 419 sites
	-> Printing at chr: OZ034741.1 pos:17758243 chunknumber 567300 contains 364 sites
	-> Printing at chr: OZ034741.1 pos:17794228 chunknumber 567400 contains 270 sites
	-> Printing at chr: OZ034741.1 pos:17826367 chunknumber 567500 contains 374 sites
	-> Printing at chr: OZ034741.1 pos:17861821 chunknumber 567600 contains 280 sites
	-> Printing at chr: OZ034741.1 pos:17897281 chunknumber 567700 contains 301 sites
	-> Printing at chr: OZ034741.1 pos:17935602 chunknumber 567800 contains 485 sites
	-> Printing at chr: OZ034741.1 pos:17976001 chunknumber 567900 contains 716 sites
	-> Printing at chr: OZ034741.1 pos:18026338 chunknumber 568000 contains 291 sites
	-> Printing at chr: OZ034741.1 pos:18067851 chunknumber 568100 contains 341 sites
	-> Printing at chr: OZ034741.1 pos:18133401 chunknumber 568200 contains 252 sites
	-> Printing at chr: OZ034741.1 pos:18195234 chunknumber 568300 contains 260 sites
	-> Printing at chr: OZ034741.1 pos:18240244 chunknumber 568400 contains 561 sites
	-> Printing at chr: OZ034741.1 pos:18276316 chunknumber 568500 contains 403 sites
	-> Printing at chr: OZ034741.1 pos:18313435 chunknumber 568600 contains 464 sites
	-> Printing at chr: OZ034741.1 pos:18350973 chunknumber 568700 contains 361 sites
	-> Printing at chr: OZ034741.1 pos:18388668 chunknumber 568800 contains 475 sites
	-> Printing at chr: OZ034741.1 pos:18425958 chunknumber 568900 contains 332 sites
	-> Printing at chr: OZ034741.1 pos:18462600 chunknumber 569000 contains 392 sites
	-> Printing at chr: OZ034741.1 pos:18499235 chunknumber 569100 contains 511 sites
	-> Printing at chr: OZ034741.1 pos:18543168 chunknumber 569200 contains 295 sites
	-> Printing at chr: OZ034741.1 pos:18577670 chunknumber 569300 contains 351 sites
	-> Printing at chr: OZ034741.1 pos:18619168 chunknumber 569400 contains 381 sites
	-> Printing at chr: OZ034741.1 pos:18655070 chunknumber 569500 contains 453 sites
	-> Printing at chr: OZ034741.1 pos:18691839 chunknumber 569600 contains 300 sites
	-> Printing at chr: OZ034741.1 pos:18809568 chunknumber 569700 contains 456 sites
	-> Printing at chr: OZ034741.1 pos:18845065 chunknumber 569800 contains 288 sites
	-> Printing at chr: OZ034741.1 pos:18882035 chunknumber 569900 contains 253 sites
	-> Printing at chr: OZ034741.1 pos:18920339 chunknumber 570000 contains 317 sites
	-> Printing at chr: OZ034741.1 pos:18966799 chunknumber 570100 contains 363 sites
	-> Printing at chr: OZ034741.1 pos:19003146 chunknumber 570200 contains 253 sites
	-> Printing at chr: OZ034741.1 pos:19040727 chunknumber 570300 contains 285 sites
	-> Printing at chr: OZ034741.1 pos:19074841 chunknumber 570400 contains 264 sites
	-> Printing at chr: OZ034741.1 pos:19111390 chunknumber 570500 contains 251 sites
	-> Printing at chr: OZ034741.1 pos:19150594 chunknumber 570600 contains 401 sites
	-> Printing at chr: OZ034741.1 pos:19188407 chunknumber 570700 contains 409 sites
	-> Printing at chr: OZ034741.1 pos:19261832 chunknumber 570800 contains 346 sites
	-> Printing at chr: OZ034741.1 pos:19296947 chunknumber 570900 contains 350 sites
	-> Printing at chr: OZ034741.1 pos:19365472 chunknumber 571000 contains 253 sites
	-> Printing at chr: OZ034741.1 pos:19400416 chunknumber 571100 contains 285 sites
	-> Printing at chr: OZ034741.1 pos:19436312 chunknumber 571200 contains 315 sites
	-> Printing at chr: OZ034741.1 pos:19473491 chunknumber 571300 contains 284 sites
	-> Printing at chr: OZ034741.1 pos:19504629 chunknumber 571400 contains 342 sites
	-> Printing at chr: OZ034741.1 pos:19542064 chunknumber 571500 contains 343 sites
	-> Printing at chr: OZ034741.1 pos:19575831 chunknumber 571600 contains 315 sites
	-> Printing at chr: OZ034741.1 pos:19610801 chunknumber 571700 contains 303 sites
	-> Printing at chr: OZ034741.1 pos:19643409 chunknumber 571800 contains 322 sites
	-> Printing at chr: OZ034741.1 pos:19681194 chunknumber 571900 contains 254 sites
	-> Printing at chr: OZ034741.1 pos:19723120 chunknumber 572000 contains 306 sites
	-> Printing at chr: OZ034741.1 pos:19760500 chunknumber 572100 contains 285 sites
	-> Printing at chr: OZ034741.1 pos:19966473 chunknumber 572200 contains 298 sites
	-> Printing at chr: OZ034741.1 pos:20001126 chunknumber 572300 contains 280 sites
	-> Printing at chr: OZ034741.1 pos:20034779 chunknumber 572400 contains 252 sites
	-> Printing at chr: OZ034741.1 pos:20072367 chunknumber 572500 contains 258 sites
	-> Printing at chr: OZ034741.1 pos:20115323 chunknumber 572600 contains 535 sites
	-> Printing at chr: OZ034741.1 pos:20151029 chunknumber 572700 contains 370 sites
	-> Printing at chr: OZ034741.1 pos:20190258 chunknumber 572800 contains 317 sites
	-> Printing at chr: OZ034741.1 pos:20232838 chunknumber 572900 contains 276 sites
	-> Printing at chr: OZ034741.1 pos:20268942 chunknumber 573000 contains 497 sites
	-> Printing at chr: OZ034741.1 pos:20362127 chunknumber 573100 contains 936 sites
	-> Printing at chr: OZ034741.1 pos:20416768 chunknumber 573200 contains 260 sites
	-> Printing at chr: OZ034741.1 pos:20449693 chunknumber 573300 contains 336 sites
	-> Printing at chr: OZ034741.1 pos:20485006 chunknumber 573400 contains 520 sites
	-> Printing at chr: OZ034741.1 pos:20521880 chunknumber 573500 contains 346 sites
	-> Printing at chr: OZ034741.1 pos:20558346 chunknumber 573600 contains 834 sites
	-> Printing at chr: OZ034741.1 pos:20594193 chunknumber 573700 contains 257 sites
	-> Printing at chr: OZ034741.1 pos:20636931 chunknumber 573800 contains 316 sites
	-> Printing at chr: OZ034741.1 pos:20672669 chunknumber 573900 contains 259 sites
	-> Printing at chr: OZ034741.1 pos:20709499 chunknumber 574000 contains 279 sites
	-> Printing at chr: OZ034741.1 pos:20747002 chunknumber 574100 contains 612 sites
	-> Printing at chr: OZ034741.1 pos:20783070 chunknumber 574200 contains 471 sites
	-> Printing at chr: OZ034741.1 pos:20836443 chunknumber 574300 contains 1452 sites
	-> Printing at chr: OZ034741.1 pos:20882390 chunknumber 574400 contains 381 sites
	-> Printing at chr: OZ034741.1 pos:20919285 chunknumber 574500 contains 381 sites
	-> Printing at chr: OZ034741.1 pos:20954018 chunknumber 574600 contains 325 sites
	-> Printing at chr: OZ034741.1 pos:20991617 chunknumber 574700 contains 689 sites
	-> Printing at chr: OZ034741.1 pos:21038929 chunknumber 574800 contains 266 sites
	-> Printing at chr: OZ034741.1 pos:21077159 chunknumber 574900 contains 315 sites
	-> Printing at chr: OZ034741.1 pos:21113108 chunknumber 575000 contains 395 sites
	-> Printing at chr: OZ034741.1 pos:21151408 chunknumber 575100 contains 819 sites
	-> Printing at chr: OZ034741.1 pos:21189332 chunknumber 575200 contains 339 sites
	-> Printing at chr: OZ034741.1 pos:21229323 chunknumber 575300 contains 255 sites
	-> Printing at chr: OZ034741.1 pos:21267143 chunknumber 575400 contains 296 sites
	-> Printing at chr: OZ034741.1 pos:21303539 chunknumber 575500 contains 284 sites
	-> Printing at chr: OZ034741.1 pos:21339954 chunknumber 575600 contains 373 sites
	-> Printing at chr: OZ034741.1 pos:21374648 chunknumber 575700 contains 257 sites
	-> Printing at chr: OZ034741.1 pos:21411358 chunknumber 575800 contains 307 sites
	-> Printing at chr: OZ034741.1 pos:21456474 chunknumber 575900 contains 504 sites
	-> Printing at chr: OZ034741.1 pos:21493833 chunknumber 576000 contains 277 sites
	-> Printing at chr: OZ034741.1 pos:21529631 chunknumber 576100 contains 473 sites
	-> Region lookup 12/142
	-> Printing at chr: OZ034742.1 pos:13170 chunknumber 576200 contains 350 sites
	-> Printing at chr: OZ034742.1 pos:49531 chunknumber 576300 contains 255 sites
	-> Printing at chr: OZ034742.1 pos:85098 chunknumber 576400 contains 462 sites
	-> Printing at chr: OZ034742.1 pos:134252 chunknumber 576500 contains 463 sites
	-> Printing at chr: OZ034742.1 pos:168872 chunknumber 576600 contains 386 sites
	-> Printing at chr: OZ034742.1 pos:207160 chunknumber 576700 contains 251 sites
	-> Printing at chr: OZ034742.1 pos:240312 chunknumber 576800 contains 324 sites
	-> Printing at chr: OZ034742.1 pos:275073 chunknumber 576900 contains 428 sites
	-> Printing at chr: OZ034742.1 pos:311437 chunknumber 577000 contains 268 sites
	-> Printing at chr: OZ034742.1 pos:352454 chunknumber 577100 contains 276 sites
	-> Printing at chr: OZ034742.1 pos:386354 chunknumber 577200 contains 277 sites
	-> Printing at chr: OZ034742.1 pos:423018 chunknumber 577300 contains 467 sites
	-> Printing at chr: OZ034742.1 pos:457513 chunknumber 577400 contains 252 sites
	-> Printing at chr: OZ034742.1 pos:491632 chunknumber 577500 contains 254 sites
	-> Printing at chr: OZ034742.1 pos:551920 chunknumber 577600 contains 428 sites
	-> Printing at chr: OZ034742.1 pos:607846 chunknumber 577700 contains 257 sites
	-> Printing at chr: OZ034742.1 pos:643115 chunknumber 577800 contains 267 sites
	-> Printing at chr: OZ034742.1 pos:677685 chunknumber 577900 contains 381 sites
	-> Printing at chr: OZ034742.1 pos:714685 chunknumber 578000 contains 280 sites
	-> Printing at chr: OZ034742.1 pos:747342 chunknumber 578100 contains 354 sites
	-> Printing at chr: OZ034742.1 pos:785980 chunknumber 578200 contains 359 sites
	-> Printing at chr: OZ034742.1 pos:827962 chunknumber 578300 contains 292 sites
	-> Printing at chr: OZ034742.1 pos:869229 chunknumber 578400 contains 381 sites
	-> Printing at chr: OZ034742.1 pos:905390 chunknumber 578500 contains 298 sites
	-> Printing at chr: OZ034742.1 pos:938456 chunknumber 578600 contains 415 sites
	-> Printing at chr: OZ034742.1 pos:971909 chunknumber 578700 contains 391 sites
	-> Printing at chr: OZ034742.1 pos:1012018 chunknumber 578800 contains 671 sites
	-> Printing at chr: OZ034742.1 pos:1049603 chunknumber 578900 contains 251 sites
	-> Printing at chr: OZ034742.1 pos:1084120 chunknumber 579000 contains 484 sites
	-> Printing at chr: OZ034742.1 pos:1121084 chunknumber 579100 contains 334 sites
	-> Printing at chr: OZ034742.1 pos:1157165 chunknumber 579200 contains 360 sites
	-> Printing at chr: OZ034742.1 pos:1193346 chunknumber 579300 contains 266 sites
	-> Printing at chr: OZ034742.1 pos:1234892 chunknumber 579400 contains 255 sites
	-> Printing at chr: OZ034742.1 pos:1274572 chunknumber 579500 contains 371 sites
	-> Printing at chr: OZ034742.1 pos:1310475 chunknumber 579600 contains 425 sites
	-> Printing at chr: OZ034742.1 pos:1345064 chunknumber 579700 contains 260 sites
	-> Printing at chr: OZ034742.1 pos:1377685 chunknumber 579800 contains 406 sites
	-> Printing at chr: OZ034742.1 pos:1412705 chunknumber 579900 contains 329 sites
	-> Printing at chr: OZ034742.1 pos:1448579 chunknumber 580000 contains 266 sites
	-> Printing at chr: OZ034742.1 pos:1484528 chunknumber 580100 contains 266 sites
	-> Printing at chr: OZ034742.1 pos:1524762 chunknumber 580200 contains 294 sites
	-> Printing at chr: OZ034742.1 pos:1559167 chunknumber 580300 contains 282 sites
	-> Printing at chr: OZ034742.1 pos:1599300 chunknumber 580400 contains 391 sites
	-> Printing at chr: OZ034742.1 pos:1635432 chunknumber 580500 contains 470 sites
	-> Printing at chr: OZ034742.1 pos:1671025 chunknumber 580600 contains 265 sites
	-> Printing at chr: OZ034742.1 pos:1704845 chunknumber 580700 contains 254 sites
	-> Printing at chr: OZ034742.1 pos:1743226 chunknumber 580800 contains 251 sites
	-> Printing at chr: OZ034742.1 pos:1778123 chunknumber 580900 contains 324 sites
	-> Printing at chr: OZ034742.1 pos:1827397 chunknumber 581000 contains 272 sites
	-> Printing at chr: OZ034742.1 pos:1861864 chunknumber 581100 contains 258 sites
	-> Printing at chr: OZ034742.1 pos:1898735 chunknumber 581200 contains 328 sites
	-> Printing at chr: OZ034742.1 pos:1935464 chunknumber 581300 contains 257 sites
	-> Printing at chr: OZ034742.1 pos:1971320 chunknumber 581400 contains 275 sites
	-> Printing at chr: OZ034742.1 pos:2011768 chunknumber 581500 contains 282 sites
	-> Printing at chr: OZ034742.1 pos:2047415 chunknumber 581600 contains 345 sites
	-> Printing at chr: OZ034742.1 pos:2083649 chunknumber 581700 contains 259 sites
	-> Printing at chr: OZ034742.1 pos:2118612 chunknumber 581800 contains 379 sites
	-> Printing at chr: OZ034742.1 pos:2159811 chunknumber 581900 contains 373 sites
	-> Printing at chr: OZ034742.1 pos:2195269 chunknumber 582000 contains 387 sites
	-> Printing at chr: OZ034742.1 pos:2232163 chunknumber 582100 contains 356 sites
	-> Printing at chr: OZ034742.1 pos:2267674 chunknumber 582200 contains 363 sites
	-> Printing at chr: OZ034742.1 pos:2310364 chunknumber 582300 contains 313 sites
	-> Printing at chr: OZ034742.1 pos:2346511 chunknumber 582400 contains 322 sites
	-> Printing at chr: OZ034742.1 pos:2382075 chunknumber 582500 contains 318 sites
	-> Printing at chr: OZ034742.1 pos:2415386 chunknumber 582600 contains 381 sites
	-> Printing at chr: OZ034742.1 pos:2471795 chunknumber 582700 contains 277 sites
	-> Printing at chr: OZ034742.1 pos:2507926 chunknumber 582800 contains 292 sites
	-> Printing at chr: OZ034742.1 pos:2545004 chunknumber 582900 contains 277 sites
	-> Printing at chr: OZ034742.1 pos:2580158 chunknumber 583000 contains 352 sites
	-> Printing at chr: OZ034742.1 pos:2614780 chunknumber 583100 contains 274 sites
	-> Printing at chr: OZ034742.1 pos:2652259 chunknumber 583200 contains 510 sites
	-> Printing at chr: OZ034742.1 pos:2696351 chunknumber 583300 contains 267 sites
	-> Printing at chr: OZ034742.1 pos:2729195 chunknumber 583400 contains 519 sites
	-> Printing at chr: OZ034742.1 pos:2763199 chunknumber 583500 contains 252 sites
	-> Printing at chr: OZ034742.1 pos:2800338 chunknumber 583600 contains 327 sites
	-> Printing at chr: OZ034742.1 pos:2839178 chunknumber 583700 contains 251 sites
	-> Printing at chr: OZ034742.1 pos:2873426 chunknumber 583800 contains 388 sites
	-> Printing at chr: OZ034742.1 pos:2911610 chunknumber 583900 contains 948 sites
	-> Printing at chr: OZ034742.1 pos:2951366 chunknumber 584000 contains 497 sites
	-> Printing at chr: OZ034742.1 pos:2988154 chunknumber 584100 contains 432 sites
	-> Printing at chr: OZ034742.1 pos:3023472 chunknumber 584200 contains 413 sites
	-> Printing at chr: OZ034742.1 pos:3060311 chunknumber 584300 contains 381 sites
	-> Printing at chr: OZ034742.1 pos:3096034 chunknumber 584400 contains 298 sites
	-> Printing at chr: OZ034742.1 pos:3130077 chunknumber 584500 contains 315 sites
	-> Printing at chr: OZ034742.1 pos:3167583 chunknumber 584600 contains 434 sites
	-> Printing at chr: OZ034742.1 pos:3201946 chunknumber 584700 contains 393 sites
	-> Printing at chr: OZ034742.1 pos:3239004 chunknumber 584800 contains 527 sites
	-> Printing at chr: OZ034742.1 pos:3273311 chunknumber 584900 contains 273 sites
	-> Printing at chr: OZ034742.1 pos:3315679 chunknumber 585000 contains 281 sites
	-> Printing at chr: OZ034742.1 pos:3350772 chunknumber 585100 contains 374 sites
	-> Printing at chr: OZ034742.1 pos:3385784 chunknumber 585200 contains 270 sites
	-> Printing at chr: OZ034742.1 pos:3420918 chunknumber 585300 contains 553 sites
	-> Printing at chr: OZ034742.1 pos:3461429 chunknumber 585400 contains 267 sites
	-> Printing at chr: OZ034742.1 pos:3533853 chunknumber 585500 contains 394 sites
	-> Printing at chr: OZ034742.1 pos:3600955 chunknumber 585600 contains 287 sites
	-> Printing at chr: OZ034742.1 pos:3636384 chunknumber 585700 contains 362 sites
	-> Printing at chr: OZ034742.1 pos:3675081 chunknumber 585800 contains 355 sites
	-> Printing at chr: OZ034742.1 pos:3710885 chunknumber 585900 contains 255 sites
	-> Printing at chr: OZ034742.1 pos:3744555 chunknumber 586000 contains 1096 sites
	-> Printing at chr: OZ034742.1 pos:3781851 chunknumber 586100 contains 506 sites
	-> Printing at chr: OZ034742.1 pos:3818639 chunknumber 586200 contains 1513 sites
	-> Printing at chr: OZ034742.1 pos:3867355 chunknumber 586300 contains 399 sites
	-> Printing at chr: OZ034742.1 pos:3906681 chunknumber 586400 contains 257 sites
	-> Printing at chr: OZ034742.1 pos:3940684 chunknumber 586500 contains 419 sites
	-> Printing at chr: OZ034742.1 pos:3977810 chunknumber 586600 contains 496 sites
	-> Printing at chr: OZ034742.1 pos:4014730 chunknumber 586700 contains 329 sites
	-> Printing at chr: OZ034742.1 pos:4061183 chunknumber 586800 contains 266 sites
	-> Printing at chr: OZ034742.1 pos:4096308 chunknumber 586900 contains 466 sites
	-> Printing at chr: OZ034742.1 pos:4131118 chunknumber 587000 contains 264 sites
	-> Printing at chr: OZ034742.1 pos:4165784 chunknumber 587100 contains 256 sites
	-> Printing at chr: OZ034742.1 pos:4199974 chunknumber 587200 contains 377 sites
	-> Printing at chr: OZ034742.1 pos:4257822 chunknumber 587300 contains 431 sites
	-> Printing at chr: OZ034742.1 pos:4297540 chunknumber 587400 contains 296 sites
	-> Printing at chr: OZ034742.1 pos:4332704 chunknumber 587500 contains 309 sites
	-> Printing at chr: OZ034742.1 pos:4369275 chunknumber 587600 contains 650 sites
	-> Printing at chr: OZ034742.1 pos:4410004 chunknumber 587700 contains 435 sites
	-> Printing at chr: OZ034742.1 pos:4445600 chunknumber 587800 contains 333 sites
	-> Printing at chr: OZ034742.1 pos:4481158 chunknumber 587900 contains 286 sites
	-> Printing at chr: OZ034742.1 pos:4517416 chunknumber 588000 contains 298 sites
	-> Printing at chr: OZ034742.1 pos:4575801 chunknumber 588100 contains 411 sites
	-> Printing at chr: OZ034742.1 pos:4612406 chunknumber 588200 contains 588 sites
	-> Printing at chr: OZ034742.1 pos:4648719 chunknumber 588300 contains 320 sites
	-> Printing at chr: OZ034742.1 pos:4686597 chunknumber 588400 contains 303 sites
	-> Printing at chr: OZ034742.1 pos:4722359 chunknumber 588500 contains 306 sites
	-> Printing at chr: OZ034742.1 pos:4756606 chunknumber 588600 contains 392 sites
	-> Printing at chr: OZ034742.1 pos:4792446 chunknumber 588700 contains 259 sites
	-> Printing at chr: OZ034742.1 pos:4827621 chunknumber 588800 contains 289 sites
	-> Printing at chr: OZ034742.1 pos:4864948 chunknumber 588900 contains 464 sites
	-> Printing at chr: OZ034742.1 pos:4926856 chunknumber 589000 contains 3215 sites
	-> Printing at chr: OZ034742.1 pos:5001508 chunknumber 589100 contains 251 sites
	-> Printing at chr: OZ034742.1 pos:5042940 chunknumber 589200 contains 821 sites
	-> Printing at chr: OZ034742.1 pos:5080242 chunknumber 589300 contains 367 sites
	-> Printing at chr: OZ034742.1 pos:5115155 chunknumber 589400 contains 289 sites
	-> Printing at chr: OZ034742.1 pos:5165772 chunknumber 589500 contains 303 sites
	-> Printing at chr: OZ034742.1 pos:5199672 chunknumber 589600 contains 260 sites
	-> Printing at chr: OZ034742.1 pos:5238807 chunknumber 589700 contains 281 sites
	-> Printing at chr: OZ034742.1 pos:5273782 chunknumber 589800 contains 334 sites
	-> Printing at chr: OZ034742.1 pos:5312222 chunknumber 589900 contains 400 sites
	-> Printing at chr: OZ034742.1 pos:5362665 chunknumber 590000 contains 327 sites
	-> Printing at chr: OZ034742.1 pos:5398111 chunknumber 590100 contains 326 sites
	-> Printing at chr: OZ034742.1 pos:5473726 chunknumber 590200 contains 264 sites
	-> Printing at chr: OZ034742.1 pos:5506865 chunknumber 590300 contains 365 sites
	-> Printing at chr: OZ034742.1 pos:5542490 chunknumber 590400 contains 345 sites
	-> Printing at chr: OZ034742.1 pos:5583048 chunknumber 590500 contains 1112 sites
	-> Printing at chr: OZ034742.1 pos:5620818 chunknumber 590600 contains 253 sites
	-> Printing at chr: OZ034742.1 pos:5661607 chunknumber 590700 contains 268 sites
	-> Printing at chr: OZ034742.1 pos:5699218 chunknumber 590800 contains 257 sites
	-> Printing at chr: OZ034742.1 pos:5743315 chunknumber 590900 contains 520 sites
	-> Printing at chr: OZ034742.1 pos:5804328 chunknumber 591000 contains 355 sites
	-> Printing at chr: OZ034742.1 pos:5845369 chunknumber 591100 contains 254 sites
	-> Printing at chr: OZ034742.1 pos:5879090 chunknumber 591200 contains 375 sites
	-> Printing at chr: OZ034742.1 pos:5927427 chunknumber 591300 contains 253 sites
	-> Printing at chr: OZ034742.1 pos:5994241 chunknumber 591400 contains 289 sites
	-> Printing at chr: OZ034742.1 pos:6047932 chunknumber 591500 contains 3088 sites
	-> Printing at chr: OZ034742.1 pos:6094762 chunknumber 591600 contains 443 sites
	-> Printing at chr: OZ034742.1 pos:6130531 chunknumber 591700 contains 392 sites
	-> Printing at chr: OZ034742.1 pos:6164418 chunknumber 591800 contains 487 sites
	-> Printing at chr: OZ034742.1 pos:6204107 chunknumber 591900 contains 381 sites
	-> Printing at chr: OZ034742.1 pos:6245810 chunknumber 592000 contains 426 sites
	-> Printing at chr: OZ034742.1 pos:6355376 chunknumber 592100 contains 331 sites
	-> Printing at chr: OZ034742.1 pos:6395860 chunknumber 592200 contains 393 sites
	-> Printing at chr: OZ034742.1 pos:6431619 chunknumber 592300 contains 368 sites
	-> Printing at chr: OZ034742.1 pos:6467679 chunknumber 592400 contains 419 sites
	-> Printing at chr: OZ034742.1 pos:6507259 chunknumber 592500 contains 308 sites
	-> Printing at chr: OZ034742.1 pos:6543333 chunknumber 592600 contains 356 sites
	-> Printing at chr: OZ034742.1 pos:6579632 chunknumber 592700 contains 312 sites
	-> Printing at chr: OZ034742.1 pos:6617015 chunknumber 592800 contains 251 sites
	-> Printing at chr: OZ034742.1 pos:6652690 chunknumber 592900 contains 414 sites
	-> Printing at chr: OZ034742.1 pos:6689681 chunknumber 593000 contains 545 sites
	-> Printing at chr: OZ034742.1 pos:6726977 chunknumber 593100 contains 260 sites
	-> Printing at chr: OZ034742.1 pos:6757279 chunknumber 593200 contains 338 sites
	-> Printing at chr: OZ034742.1 pos:6793786 chunknumber 593300 contains 254 sites
	-> Printing at chr: OZ034742.1 pos:6918082 chunknumber 593400 contains 256 sites
	-> Printing at chr: OZ034742.1 pos:7073885 chunknumber 593500 contains 464 sites
	-> Printing at chr: OZ034742.1 pos:7115662 chunknumber 593600 contains 462 sites
	-> Printing at chr: OZ034742.1 pos:7151438 chunknumber 593700 contains 316 sites
	-> Printing at chr: OZ034742.1 pos:7193651 chunknumber 593800 contains 342 sites
	-> Printing at chr: OZ034742.1 pos:7229025 chunknumber 593900 contains 328 sites
	-> Printing at chr: OZ034742.1 pos:7264979 chunknumber 594000 contains 412 sites
	-> Printing at chr: OZ034742.1 pos:7301832 chunknumber 594100 contains 332 sites
	-> Printing at chr: OZ034742.1 pos:7338036 chunknumber 594200 contains 251 sites
	-> Printing at chr: OZ034742.1 pos:7606603 chunknumber 594300 contains 2600 sites
	-> Printing at chr: OZ034742.1 pos:7936735 chunknumber 594400 contains 1052 sites
	-> Printing at chr: OZ034742.1 pos:8205114 chunknumber 594500 contains 3444 sites
	-> Printing at chr: OZ034742.1 pos:8269628 chunknumber 594600 contains 276 sites
	-> Printing at chr: OZ034742.1 pos:8305073 chunknumber 594700 contains 336 sites
	-> Printing at chr: OZ034742.1 pos:8349166 chunknumber 594800 contains 381 sites
	-> Printing at chr: OZ034742.1 pos:8385667 chunknumber 594900 contains 478 sites
	-> Printing at chr: OZ034742.1 pos:8421041 chunknumber 595000 contains 288 sites
	-> Printing at chr: OZ034742.1 pos:8457639 chunknumber 595100 contains 265 sites
	-> Printing at chr: OZ034742.1 pos:8492217 chunknumber 595200 contains 407 sites
	-> Printing at chr: OZ034742.1 pos:8544076 chunknumber 595300 contains 3699 sites
	-> Printing at chr: OZ034742.1 pos:8597716 chunknumber 595400 contains 466 sites
	-> Printing at chr: OZ034742.1 pos:8636778 chunknumber 595500 contains 341 sites
	-> Printing at chr: OZ034742.1 pos:8672315 chunknumber 595600 contains 355 sites
	-> Printing at chr: OZ034742.1 pos:8706918 chunknumber 595700 contains 347 sites
	-> Printing at chr: OZ034742.1 pos:8745076 chunknumber 595800 contains 322 sites
	-> Printing at chr: OZ034742.1 pos:8781540 chunknumber 595900 contains 252 sites
	-> Printing at chr: OZ034742.1 pos:8840093 chunknumber 596000 contains 307 sites
	-> Printing at chr: OZ034742.1 pos:8876905 chunknumber 596100 contains 259 sites
	-> Printing at chr: OZ034742.1 pos:8906577 chunknumber 596200 contains 252 sites
	-> Printing at chr: OZ034742.1 pos:8942345 chunknumber 596300 contains 253 sites
	-> Printing at chr: OZ034742.1 pos:8971146 chunknumber 596400 contains 255 sites
	-> Printing at chr: OZ034742.1 pos:9002007 chunknumber 596500 contains 378 sites
	-> Printing at chr: OZ034742.1 pos:9037379 chunknumber 596600 contains 401 sites
	-> Printing at chr: OZ034742.1 pos:9072083 chunknumber 596700 contains 457 sites
	-> Printing at chr: OZ034742.1 pos:9107874 chunknumber 596800 contains 353 sites
	-> Printing at chr: OZ034742.1 pos:9150470 chunknumber 596900 contains 299 sites
	-> Printing at chr: OZ034742.1 pos:9209525 chunknumber 597000 contains 254 sites
	-> Printing at chr: OZ034742.1 pos:9245244 chunknumber 597100 contains 299 sites
	-> Printing at chr: OZ034742.1 pos:9321918 chunknumber 597200 contains 335 sites
	-> Printing at chr: OZ034742.1 pos:9364641 chunknumber 597300 contains 252 sites
	-> Printing at chr: OZ034742.1 pos:9401682 chunknumber 597400 contains 294 sites
	-> Printing at chr: OZ034742.1 pos:9436773 chunknumber 597500 contains 444 sites
	-> Printing at chr: OZ034742.1 pos:9469537 chunknumber 597600 contains 252 sites
	-> Printing at chr: OZ034742.1 pos:9498174 chunknumber 597700 contains 252 sites
	-> Printing at chr: OZ034742.1 pos:9540300 chunknumber 597800 contains 395 sites
	-> Printing at chr: OZ034742.1 pos:9576733 chunknumber 597900 contains 393 sites
	-> Printing at chr: OZ034742.1 pos:9610368 chunknumber 598000 contains 432 sites
	-> Printing at chr: OZ034742.1 pos:9644539 chunknumber 598100 contains 255 sites
	-> Printing at chr: OZ034742.1 pos:9682318 chunknumber 598200 contains 273 sites
	-> Printing at chr: OZ034742.1 pos:9721900 chunknumber 598300 contains 920 sites
	-> Printing at chr: OZ034742.1 pos:9760106 chunknumber 598400 contains 272 sites
	-> Printing at chr: OZ034742.1 pos:9795729 chunknumber 598500 contains 439 sites
	-> Printing at chr: OZ034742.1 pos:9832385 chunknumber 598600 contains 375 sites
	-> Printing at chr: OZ034742.1 pos:9881912 chunknumber 598700 contains 446 sites
	-> Printing at chr: OZ034742.1 pos:9918612 chunknumber 598800 contains 428 sites
	-> Printing at chr: OZ034742.1 pos:9953544 chunknumber 598900 contains 340 sites
	-> Printing at chr: OZ034742.1 pos:9986817 chunknumber 599000 contains 260 sites
	-> Printing at chr: OZ034742.1 pos:10025653 chunknumber 599100 contains 255 sites
	-> Printing at chr: OZ034742.1 pos:10059787 chunknumber 599200 contains 253 sites
	-> Printing at chr: OZ034742.1 pos:10108043 chunknumber 599300 contains 259 sites
	-> Printing at chr: OZ034742.1 pos:10166560 chunknumber 599400 contains 268 sites
	-> Printing at chr: OZ034742.1 pos:10207112 chunknumber 599500 contains 334 sites
	-> Printing at chr: OZ034742.1 pos:10241057 chunknumber 599600 contains 364 sites
	-> Printing at chr: OZ034742.1 pos:10280318 chunknumber 599700 contains 278 sites
	-> Printing at chr: OZ034742.1 pos:10312306 chunknumber 599800 contains 253 sites
	-> Printing at chr: OZ034742.1 pos:10347830 chunknumber 599900 contains 261 sites
	-> Printing at chr: OZ034742.1 pos:10378885 chunknumber 600000 contains 286 sites
	-> Printing at chr: OZ034742.1 pos:10453065 chunknumber 600100 contains 795 sites
	-> Printing at chr: OZ034742.1 pos:10519319 chunknumber 600200 contains 251 sites
	-> Printing at chr: OZ034742.1 pos:10562247 chunknumber 600300 contains 1204 sites
	-> Printing at chr: OZ034742.1 pos:10638945 chunknumber 600400 contains 322 sites
	-> Printing at chr: OZ034742.1 pos:10692368 chunknumber 600500 contains 258 sites
	-> Printing at chr: OZ034742.1 pos:10755892 chunknumber 600600 contains 324 sites
	-> Printing at chr: OZ034742.1 pos:10796416 chunknumber 600700 contains 266 sites
	-> Printing at chr: OZ034742.1 pos:10837013 chunknumber 600800 contains 441 sites
	-> Printing at chr: OZ034742.1 pos:10876156 chunknumber 600900 contains 251 sites
	-> Printing at chr: OZ034742.1 pos:10915299 chunknumber 601000 contains 504 sites
	-> Printing at chr: OZ034742.1 pos:10951455 chunknumber 601100 contains 256 sites
	-> Printing at chr: OZ034742.1 pos:10999283 chunknumber 601200 contains 308 sites
	-> Printing at chr: OZ034742.1 pos:11034565 chunknumber 601300 contains 437 sites
	-> Printing at chr: OZ034742.1 pos:11094808 chunknumber 601400 contains 345 sites
	-> Printing at chr: OZ034742.1 pos:11130339 chunknumber 601500 contains 253 sites
	-> Printing at chr: OZ034742.1 pos:11169294 chunknumber 601600 contains 611 sites
	-> Printing at chr: OZ034742.1 pos:11225589 chunknumber 601700 contains 407 sites
	-> Printing at chr: OZ034742.1 pos:11262876 chunknumber 601800 contains 335 sites
	-> Printing at chr: OZ034742.1 pos:11303105 chunknumber 601900 contains 267 sites
	-> Printing at chr: OZ034742.1 pos:11339431 chunknumber 602000 contains 252 sites
	-> Printing at chr: OZ034742.1 pos:11374832 chunknumber 602100 contains 321 sites
	-> Printing at chr: OZ034742.1 pos:11410230 chunknumber 602200 contains 471 sites
	-> Printing at chr: OZ034742.1 pos:11448241 chunknumber 602300 contains 318 sites
	-> Printing at chr: OZ034742.1 pos:11482843 chunknumber 602400 contains 343 sites
	-> Printing at chr: OZ034742.1 pos:11517761 chunknumber 602500 contains 792 sites
	-> Printing at chr: OZ034742.1 pos:11601729 chunknumber 602600 contains 431 sites
	-> Printing at chr: OZ034742.1 pos:11678796 chunknumber 602700 contains 369 sites
	-> Printing at chr: OZ034742.1 pos:11714478 chunknumber 602800 contains 344 sites
	-> Printing at chr: OZ034742.1 pos:11771540 chunknumber 602900 contains 566 sites
	-> Printing at chr: OZ034742.1 pos:11848330 chunknumber 603000 contains 336 sites
	-> Printing at chr: OZ034742.1 pos:11884163 chunknumber 603100 contains 254 sites
	-> Printing at chr: OZ034742.1 pos:11920645 chunknumber 603200 contains 294 sites
	-> Printing at chr: OZ034742.1 pos:11956802 chunknumber 603300 contains 313 sites
	-> Printing at chr: OZ034742.1 pos:11994219 chunknumber 603400 contains 347 sites
	-> Printing at chr: OZ034742.1 pos:12045367 chunknumber 603500 contains 364 sites
	-> Printing at chr: OZ034742.1 pos:12094212 chunknumber 603600 contains 252 sites
	-> Printing at chr: OZ034742.1 pos:12127734 chunknumber 603700 contains 459 sites
	-> Printing at chr: OZ034742.1 pos:12165103 chunknumber 603800 contains 251 sites
	-> Printing at chr: OZ034742.1 pos:12199125 chunknumber 603900 contains 480 sites
	-> Printing at chr: OZ034742.1 pos:12237299 chunknumber 604000 contains 498 sites
	-> Printing at chr: OZ034742.1 pos:12278861 chunknumber 604100 contains 279 sites
	-> Printing at chr: OZ034742.1 pos:12316554 chunknumber 604200 contains 278 sites
	-> Printing at chr: OZ034742.1 pos:12353648 chunknumber 604300 contains 281 sites
	-> Printing at chr: OZ034742.1 pos:12425391 chunknumber 604400 contains 875 sites
	-> Printing at chr: OZ034742.1 pos:12483029 chunknumber 604500 contains 372 sites
	-> Printing at chr: OZ034742.1 pos:12548721 chunknumber 604600 contains 380 sites
	-> Printing at chr: OZ034742.1 pos:12591216 chunknumber 604700 contains 601 sites
	-> Printing at chr: OZ034742.1 pos:12631485 chunknumber 604800 contains 753 sites
	-> Printing at chr: OZ034742.1 pos:12700444 chunknumber 604900 contains 337 sites
	-> Printing at chr: OZ034742.1 pos:12735344 chunknumber 605000 contains 410 sites
	-> Printing at chr: OZ034742.1 pos:12770838 chunknumber 605100 contains 390 sites
	-> Printing at chr: OZ034742.1 pos:12804958 chunknumber 605200 contains 263 sites
	-> Printing at chr: OZ034742.1 pos:12839826 chunknumber 605300 contains 253 sites
	-> Printing at chr: OZ034742.1 pos:12874459 chunknumber 605400 contains 420 sites
	-> Printing at chr: OZ034742.1 pos:12961862 chunknumber 605500 contains 353 sites
	-> Printing at chr: OZ034742.1 pos:13040100 chunknumber 605600 contains 346 sites
	-> Printing at chr: OZ034742.1 pos:13078214 chunknumber 605700 contains 410 sites
	-> Printing at chr: OZ034742.1 pos:13113724 chunknumber 605800 contains 269 sites
	-> Printing at chr: OZ034742.1 pos:13239799 chunknumber 605900 contains 386 sites
	-> Printing at chr: OZ034742.1 pos:13860005 chunknumber 606000 contains 12774 sites
	-> Printing at chr: OZ034742.1 pos:14503181 chunknumber 606100 contains 269 sites
	-> Printing at chr: OZ034742.1 pos:14919651 chunknumber 606200 contains 411 sites
	-> Printing at chr: OZ034742.1 pos:15178211 chunknumber 606300 contains 296 sites
	-> Printing at chr: OZ034742.1 pos:15213836 chunknumber 606400 contains 255 sites
	-> Printing at chr: OZ034742.1 pos:15255866 chunknumber 606500 contains 387 sites
	-> Printing at chr: OZ034742.1 pos:15332077 chunknumber 606600 contains 361 sites
	-> Printing at chr: OZ034742.1 pos:15368089 chunknumber 606700 contains 251 sites
	-> Printing at chr: OZ034742.1 pos:15404321 chunknumber 606800 contains 518 sites
	-> Printing at chr: OZ034742.1 pos:15462464 chunknumber 606900 contains 4122 sites
	-> Printing at chr: OZ034742.1 pos:15504994 chunknumber 607000 contains 263 sites
	-> Printing at chr: OZ034742.1 pos:15538776 chunknumber 607100 contains 335 sites
	-> Printing at chr: OZ034742.1 pos:15574796 chunknumber 607200 contains 395 sites
	-> Printing at chr: OZ034742.1 pos:15613823 chunknumber 607300 contains 303 sites
	-> Printing at chr: OZ034742.1 pos:15665819 chunknumber 607400 contains 457 sites
	-> Printing at chr: OZ034742.1 pos:15732150 chunknumber 607500 contains 350 sites
	-> Printing at chr: OZ034742.1 pos:15816971 chunknumber 607600 contains 856 sites
	-> Printing at chr: OZ034742.1 pos:15901968 chunknumber 607700 contains 643 sites
	-> Printing at chr: OZ034742.1 pos:15944288 chunknumber 607800 contains 422 sites
	-> Printing at chr: OZ034742.1 pos:16008506 chunknumber 607900 contains 326 sites
	-> Printing at chr: OZ034742.1 pos:16084683 chunknumber 608000 contains 611 sites
	-> Printing at chr: OZ034742.1 pos:16134030 chunknumber 608100 contains 486 sites
	-> Printing at chr: OZ034742.1 pos:16173892 chunknumber 608200 contains 453 sites
	-> Printing at chr: OZ034742.1 pos:16208225 chunknumber 608300 contains 3023 sites
	-> Printing at chr: OZ034742.1 pos:16245926 chunknumber 608400 contains 347 sites
	-> Printing at chr: OZ034742.1 pos:16286011 chunknumber 608500 contains 345 sites
	-> Printing at chr: OZ034742.1 pos:16325282 chunknumber 608600 contains 387 sites
	-> Printing at chr: OZ034742.1 pos:16373586 chunknumber 608700 contains 416 sites
	-> Printing at chr: OZ034742.1 pos:16410359 chunknumber 608800 contains 369 sites
	-> Printing at chr: OZ034742.1 pos:16467005 chunknumber 608900 contains 385 sites
	-> Printing at chr: OZ034742.1 pos:16543427 chunknumber 609000 contains 350 sites
	-> Printing at chr: OZ034742.1 pos:16578731 chunknumber 609100 contains 363 sites
	-> Printing at chr: OZ034742.1 pos:16613755 chunknumber 609200 contains 346 sites
	-> Printing at chr: OZ034742.1 pos:16670252 chunknumber 609300 contains 1106 sites
	-> Printing at chr: OZ034742.1 pos:16711035 chunknumber 609400 contains 475 sites
	-> Printing at chr: OZ034742.1 pos:16762421 chunknumber 609500 contains 2473 sites
	-> Printing at chr: OZ034742.1 pos:16804586 chunknumber 609600 contains 313 sites
	-> Printing at chr: OZ034742.1 pos:16838265 chunknumber 609700 contains 301 sites
	-> Printing at chr: OZ034742.1 pos:16873526 chunknumber 609800 contains 255 sites
	-> Printing at chr: OZ034742.1 pos:16996010 chunknumber 609900 contains 254 sites
	-> Printing at chr: OZ034742.1 pos:17035904 chunknumber 610000 contains 260 sites
	-> Printing at chr: OZ034742.1 pos:17071795 chunknumber 610100 contains 333 sites
	-> Printing at chr: OZ034742.1 pos:17106425 chunknumber 610200 contains 274 sites
	-> Printing at chr: OZ034742.1 pos:17142470 chunknumber 610300 contains 266 sites
	-> Printing at chr: OZ034742.1 pos:17177751 chunknumber 610400 contains 391 sites
	-> Printing at chr: OZ034742.1 pos:17209825 chunknumber 610500 contains 470 sites
	-> Printing at chr: OZ034742.1 pos:17245925 chunknumber 610600 contains 278 sites
	-> Printing at chr: OZ034742.1 pos:17280407 chunknumber 610700 contains 410 sites
	-> Printing at chr: OZ034742.1 pos:17316602 chunknumber 610800 contains 271 sites
	-> Printing at chr: OZ034742.1 pos:17353043 chunknumber 610900 contains 468 sites
	-> Printing at chr: OZ034742.1 pos:17388488 chunknumber 611000 contains 389 sites
	-> Printing at chr: OZ034742.1 pos:17426724 chunknumber 611100 contains 344 sites
	-> Printing at chr: OZ034742.1 pos:17459754 chunknumber 611200 contains 285 sites
	-> Printing at chr: OZ034742.1 pos:17495425 chunknumber 611300 contains 545 sites
	-> Printing at chr: OZ034742.1 pos:17532106 chunknumber 611400 contains 327 sites
	-> Printing at chr: OZ034742.1 pos:17570370 chunknumber 611500 contains 357 sites
	-> Printing at chr: OZ034742.1 pos:17629108 chunknumber 611600 contains 255 sites
	-> Printing at chr: OZ034742.1 pos:17679038 chunknumber 611700 contains 256 sites
	-> Printing at chr: OZ034742.1 pos:17714191 chunknumber 611800 contains 363 sites
	-> Printing at chr: OZ034742.1 pos:17750691 chunknumber 611900 contains 318 sites
	-> Printing at chr: OZ034742.1 pos:17785680 chunknumber 612000 contains 354 sites
	-> Printing at chr: OZ034742.1 pos:17878052 chunknumber 612100 contains 3918 sites
	-> Printing at chr: OZ034742.1 pos:17951904 chunknumber 612200 contains 387 sites
	-> Printing at chr: OZ034742.1 pos:18005401 chunknumber 612300 contains 269 sites
	-> Printing at chr: OZ034742.1 pos:18039072 chunknumber 612400 contains 435 sites
	-> Printing at chr: OZ034742.1 pos:18078163 chunknumber 612500 contains 261 sites
	-> Printing at chr: OZ034742.1 pos:18114950 chunknumber 612600 contains 415 sites
	-> Printing at chr: OZ034742.1 pos:18152785 chunknumber 612700 contains 409 sites
	-> Printing at chr: OZ034742.1 pos:18185968 chunknumber 612800 contains 280 sites
	-> Printing at chr: OZ034742.1 pos:18229512 chunknumber 612900 contains 289 sites
	-> Printing at chr: OZ034742.1 pos:18268301 chunknumber 613000 contains 347 sites
	-> Printing at chr: OZ034742.1 pos:18305146 chunknumber 613100 contains 285 sites
	-> Printing at chr: OZ034742.1 pos:18365181 chunknumber 613200 contains 282 sites
	-> Printing at chr: OZ034742.1 pos:18402316 chunknumber 613300 contains 471 sites
	-> Printing at chr: OZ034742.1 pos:18444812 chunknumber 613400 contains 584 sites
	-> Printing at chr: OZ034742.1 pos:18496855 chunknumber 613500 contains 281 sites
	-> Printing at chr: OZ034742.1 pos:18543063 chunknumber 613600 contains 454 sites
	-> Printing at chr: OZ034742.1 pos:18589022 chunknumber 613700 contains 303 sites
	-> Printing at chr: OZ034742.1 pos:18631667 chunknumber 613800 contains 261 sites
	-> Printing at chr: OZ034742.1 pos:18668264 chunknumber 613900 contains 278 sites
	-> Printing at chr: OZ034742.1 pos:18704024 chunknumber 614000 contains 294 sites
	-> Printing at chr: OZ034742.1 pos:18742466 chunknumber 614100 contains 370 sites
	-> Printing at chr: OZ034742.1 pos:18781248 chunknumber 614200 contains 300 sites
	-> Printing at chr: OZ034742.1 pos:18818387 chunknumber 614300 contains 397 sites
	-> Printing at chr: OZ034742.1 pos:18853504 chunknumber 614400 contains 307 sites
	-> Printing at chr: OZ034742.1 pos:18888357 chunknumber 614500 contains 508 sites
	-> Printing at chr: OZ034742.1 pos:18934807 chunknumber 614600 contains 940 sites
	-> Printing at chr: OZ034742.1 pos:18983554 chunknumber 614700 contains 357 sites
	-> Printing at chr: OZ034742.1 pos:19020432 chunknumber 614800 contains 331 sites
	-> Printing at chr: OZ034742.1 pos:19055995 chunknumber 614900 contains 383 sites
	-> Printing at chr: OZ034742.1 pos:19092719 chunknumber 615000 contains 376 sites
	-> Printing at chr: OZ034742.1 pos:19128037 chunknumber 615100 contains 354 sites
	-> Printing at chr: OZ034742.1 pos:19174148 chunknumber 615200 contains 4106 sites
	-> Printing at chr: OZ034742.1 pos:19291792 chunknumber 615300 contains 7128 sites
	-> Printing at chr: OZ034742.1 pos:19350232 chunknumber 615400 contains 383 sites
	-> Printing at chr: OZ034742.1 pos:19386872 chunknumber 615500 contains 285 sites
	-> Printing at chr: OZ034742.1 pos:19424197 chunknumber 615600 contains 328 sites
	-> Printing at chr: OZ034742.1 pos:19462221 chunknumber 615700 contains 260 sites
	-> Printing at chr: OZ034742.1 pos:19503896 chunknumber 615800 contains 255 sites
	-> Printing at chr: OZ034742.1 pos:19545606 chunknumber 615900 contains 371 sites
	-> Printing at chr: OZ034742.1 pos:19583367 chunknumber 616000 contains 312 sites
	-> Printing at chr: OZ034742.1 pos:19663325 chunknumber 616100 contains 252 sites
	-> Printing at chr: OZ034742.1 pos:19701250 chunknumber 616200 contains 319 sites
	-> Printing at chr: OZ034742.1 pos:19736567 chunknumber 616300 contains 395 sites
	-> Printing at chr: OZ034742.1 pos:19771838 chunknumber 616400 contains 275 sites
	-> Printing at chr: OZ034742.1 pos:19807478 chunknumber 616500 contains 255 sites
	-> Printing at chr: OZ034742.1 pos:19842490 chunknumber 616600 contains 449 sites
	-> Printing at chr: OZ034742.1 pos:19877995 chunknumber 616700 contains 259 sites
	-> Printing at chr: OZ034742.1 pos:19911000 chunknumber 616800 contains 301 sites
	-> Printing at chr: OZ034742.1 pos:19946922 chunknumber 616900 contains 406 sites
	-> Printing at chr: OZ034742.1 pos:19981408 chunknumber 617000 contains 253 sites
	-> Printing at chr: OZ034742.1 pos:20014266 chunknumber 617100 contains 459 sites
	-> Printing at chr: OZ034742.1 pos:20049636 chunknumber 617200 contains 336 sites
	-> Printing at chr: OZ034742.1 pos:20088405 chunknumber 617300 contains 414 sites
	-> Printing at chr: OZ034742.1 pos:20127473 chunknumber 617400 contains 566 sites
	-> Printing at chr: OZ034742.1 pos:20175065 chunknumber 617500 contains 332 sites
	-> Printing at chr: OZ034742.1 pos:20214976 chunknumber 617600 contains 336 sites
	-> Printing at chr: OZ034742.1 pos:20249144 chunknumber 617700 contains 252 sites
	-> Printing at chr: OZ034742.1 pos:20285622 chunknumber 617800 contains 258 sites
	-> Printing at chr: OZ034742.1 pos:20328978 chunknumber 617900 contains 497 sites
	-> Printing at chr: OZ034742.1 pos:20376582 chunknumber 618000 contains 283 sites
	-> Printing at chr: OZ034742.1 pos:20411467 chunknumber 618100 contains 451 sites
	-> Printing at chr: OZ034742.1 pos:20446409 chunknumber 618200 contains 260 sites
	-> Printing at chr: OZ034742.1 pos:20486627 chunknumber 618300 contains 415 sites
	-> Printing at chr: OZ034742.1 pos:20530794 chunknumber 618400 contains 275 sites
	-> Printing at chr: OZ034742.1 pos:20570182 chunknumber 618500 contains 376 sites
	-> Printing at chr: OZ034742.1 pos:20604517 chunknumber 618600 contains 267 sites
	-> Printing at chr: OZ034742.1 pos:20639882 chunknumber 618700 contains 259 sites
	-> Printing at chr: OZ034742.1 pos:20677008 chunknumber 618800 contains 258 sites
	-> Printing at chr: OZ034742.1 pos:20713237 chunknumber 618900 contains 271 sites
	-> Printing at chr: OZ034742.1 pos:20747645 chunknumber 619000 contains 523 sites
	-> Printing at chr: OZ034742.1 pos:20785980 chunknumber 619100 contains 266 sites
	-> Printing at chr: OZ034742.1 pos:20829004 chunknumber 619200 contains 522 sites
	-> Printing at chr: OZ034742.1 pos:20869753 chunknumber 619300 contains 259 sites
	-> Printing at chr: OZ034742.1 pos:20903816 chunknumber 619400 contains 285 sites
	-> Printing at chr: OZ034742.1 pos:20940537 chunknumber 619500 contains 426 sites
	-> Printing at chr: OZ034742.1 pos:20985168 chunknumber 619600 contains 304 sites
	-> Printing at chr: OZ034742.1 pos:21020708 chunknumber 619700 contains 268 sites
	-> Printing at chr: OZ034742.1 pos:21064164 chunknumber 619800 contains 252 sites
	-> Printing at chr: OZ034742.1 pos:21106559 chunknumber 619900 contains 472 sites
	-> Printing at chr: OZ034742.1 pos:21145970 chunknumber 620000 contains 487 sites
	-> Printing at chr: OZ034742.1 pos:21181408 chunknumber 620100 contains 251 sites
	-> Printing at chr: OZ034742.1 pos:21217725 chunknumber 620200 contains 394 sites
	-> Printing at chr: OZ034742.1 pos:21251985 chunknumber 620300 contains 251 sites
	-> Printing at chr: OZ034742.1 pos:21285348 chunknumber 620400 contains 463 sites
	-> Printing at chr: OZ034742.1 pos:21320068 chunknumber 620500 contains 339 sites
	-> Printing at chr: OZ034742.1 pos:21368330 chunknumber 620600 contains 437 sites
	-> Printing at chr: OZ034742.1 pos:21402799 chunknumber 620700 contains 407 sites
	-> Printing at chr: OZ034742.1 pos:21441150 chunknumber 620800 contains 335 sites
	-> Region lookup 13/142
	-> Printing at chr: OZ034743.1 pos:5961 chunknumber 620900 contains 251 sites
	-> Printing at chr: OZ034743.1 pos:42714 chunknumber 621000 contains 326 sites
	-> Printing at chr: OZ034743.1 pos:88669 chunknumber 621100 contains 628 sites
	-> Printing at chr: OZ034743.1 pos:128588 chunknumber 621200 contains 251 sites
	-> Printing at chr: OZ034743.1 pos:166192 chunknumber 621300 contains 336 sites
	-> Printing at chr: OZ034743.1 pos:201562 chunknumber 621400 contains 416 sites
	-> Printing at chr: OZ034743.1 pos:240687 chunknumber 621500 contains 381 sites
	-> Printing at chr: OZ034743.1 pos:278569 chunknumber 621600 contains 406 sites
	-> Printing at chr: OZ034743.1 pos:350052 chunknumber 621700 contains 328 sites
	-> Printing at chr: OZ034743.1 pos:386335 chunknumber 621800 contains 386 sites
	-> Printing at chr: OZ034743.1 pos:425072 chunknumber 621900 contains 668 sites
	-> Printing at chr: OZ034743.1 pos:461761 chunknumber 622000 contains 351 sites
	-> Printing at chr: OZ034743.1 pos:523965 chunknumber 622100 contains 380 sites
	-> Printing at chr: OZ034743.1 pos:559614 chunknumber 622200 contains 352 sites
	-> Printing at chr: OZ034743.1 pos:600609 chunknumber 622300 contains 255 sites
	-> Printing at chr: OZ034743.1 pos:637154 chunknumber 622400 contains 408 sites
	-> Printing at chr: OZ034743.1 pos:672824 chunknumber 622500 contains 396 sites
	-> Printing at chr: OZ034743.1 pos:706905 chunknumber 622600 contains 401 sites
	-> Printing at chr: OZ034743.1 pos:743646 chunknumber 622700 contains 486 sites
	-> Printing at chr: OZ034743.1 pos:781107 chunknumber 622800 contains 318 sites
	-> Printing at chr: OZ034743.1 pos:814590 chunknumber 622900 contains 504 sites
	-> Printing at chr: OZ034743.1 pos:853779 chunknumber 623000 contains 390 sites
	-> Printing at chr: OZ034743.1 pos:889394 chunknumber 623100 contains 374 sites
	-> Printing at chr: OZ034743.1 pos:924929 chunknumber 623200 contains 251 sites
	-> Printing at chr: OZ034743.1 pos:997268 chunknumber 623300 contains 282 sites
	-> Printing at chr: OZ034743.1 pos:1034067 chunknumber 623400 contains 370 sites
	-> Printing at chr: OZ034743.1 pos:1068103 chunknumber 623500 contains 395 sites
	-> Printing at chr: OZ034743.1 pos:1104376 chunknumber 623600 contains 423 sites
	-> Printing at chr: OZ034743.1 pos:1142789 chunknumber 623700 contains 299 sites
	-> Printing at chr: OZ034743.1 pos:1178301 chunknumber 623800 contains 286 sites
	-> Printing at chr: OZ034743.1 pos:1212369 chunknumber 623900 contains 260 sites
	-> Printing at chr: OZ034743.1 pos:1247606 chunknumber 624000 contains 331 sites
	-> Printing at chr: OZ034743.1 pos:1286913 chunknumber 624100 contains 374 sites
	-> Printing at chr: OZ034743.1 pos:1427764 chunknumber 624200 contains 422 sites
	-> Printing at chr: OZ034743.1 pos:1526568 chunknumber 624300 contains 282 sites
	-> Printing at chr: OZ034743.1 pos:1591397 chunknumber 624400 contains 492 sites
	-> Printing at chr: OZ034743.1 pos:1628375 chunknumber 624500 contains 338 sites
	-> Printing at chr: OZ034743.1 pos:1662581 chunknumber 624600 contains 253 sites
	-> Printing at chr: OZ034743.1 pos:1697366 chunknumber 624700 contains 348 sites
	-> Printing at chr: OZ034743.1 pos:1731157 chunknumber 624800 contains 254 sites
	-> Printing at chr: OZ034743.1 pos:1767111 chunknumber 624900 contains 440 sites
	-> Printing at chr: OZ034743.1 pos:1801617 chunknumber 625000 contains 294 sites
	-> Printing at chr: OZ034743.1 pos:1838961 chunknumber 625100 contains 277 sites
	-> Printing at chr: OZ034743.1 pos:1875168 chunknumber 625200 contains 363 sites
	-> Printing at chr: OZ034743.1 pos:1911154 chunknumber 625300 contains 319 sites
	-> Printing at chr: OZ034743.1 pos:1948661 chunknumber 625400 contains 347 sites
	-> Printing at chr: OZ034743.1 pos:1991085 chunknumber 625500 contains 317 sites
	-> Printing at chr: OZ034743.1 pos:2050208 chunknumber 625600 contains 352 sites
	-> Printing at chr: OZ034743.1 pos:2086292 chunknumber 625700 contains 348 sites
	-> Printing at chr: OZ034743.1 pos:2122188 chunknumber 625800 contains 325 sites
	-> Printing at chr: OZ034743.1 pos:2159777 chunknumber 625900 contains 451 sites
	-> Printing at chr: OZ034743.1 pos:2196759 chunknumber 626000 contains 414 sites
	-> Printing at chr: OZ034743.1 pos:2231855 chunknumber 626100 contains 282 sites
	-> Printing at chr: OZ034743.1 pos:2268652 chunknumber 626200 contains 323 sites
	-> Printing at chr: OZ034743.1 pos:2307887 chunknumber 626300 contains 543 sites
	-> Printing at chr: OZ034743.1 pos:2344644 chunknumber 626400 contains 433 sites
	-> Printing at chr: OZ034743.1 pos:2382050 chunknumber 626500 contains 401 sites
	-> Printing at chr: OZ034743.1 pos:2418859 chunknumber 626600 contains 409 sites
	-> Printing at chr: OZ034743.1 pos:2453641 chunknumber 626700 contains 382 sites
	-> Printing at chr: OZ034743.1 pos:2487788 chunknumber 626800 contains 324 sites
	-> Printing at chr: OZ034743.1 pos:2520725 chunknumber 626900 contains 440 sites
	-> Printing at chr: OZ034743.1 pos:2559806 chunknumber 627000 contains 252 sites
	-> Printing at chr: OZ034743.1 pos:2593505 chunknumber 627100 contains 390 sites
	-> Printing at chr: OZ034743.1 pos:2631401 chunknumber 627200 contains 443 sites
	-> Printing at chr: OZ034743.1 pos:2669671 chunknumber 627300 contains 289 sites
	-> Printing at chr: OZ034743.1 pos:2704355 chunknumber 627400 contains 435 sites
	-> Printing at chr: OZ034743.1 pos:2743646 chunknumber 627500 contains 443 sites
	-> Printing at chr: OZ034743.1 pos:2792650 chunknumber 627600 contains 299 sites
	-> Printing at chr: OZ034743.1 pos:2834138 chunknumber 627700 contains 439 sites
	-> Printing at chr: OZ034743.1 pos:2905311 chunknumber 627800 contains 538 sites
	-> Printing at chr: OZ034743.1 pos:2966935 chunknumber 627900 contains 359 sites
	-> Printing at chr: OZ034743.1 pos:3001901 chunknumber 628000 contains 260 sites
	-> Printing at chr: OZ034743.1 pos:3034670 chunknumber 628100 contains 397 sites
	-> Printing at chr: OZ034743.1 pos:3071217 chunknumber 628200 contains 423 sites
	-> Printing at chr: OZ034743.1 pos:3108057 chunknumber 628300 contains 357 sites
	-> Printing at chr: OZ034743.1 pos:3143908 chunknumber 628400 contains 285 sites
	-> Printing at chr: OZ034743.1 pos:3182681 chunknumber 628500 contains 338 sites
	-> Printing at chr: OZ034743.1 pos:3214996 chunknumber 628600 contains 294 sites
	-> Printing at chr: OZ034743.1 pos:3254007 chunknumber 628700 contains 280 sites
	-> Printing at chr: OZ034743.1 pos:3299374 chunknumber 628800 contains 355 sites
	-> Printing at chr: OZ034743.1 pos:3336766 chunknumber 628900 contains 255 sites
	-> Printing at chr: OZ034743.1 pos:3373117 chunknumber 629000 contains 410 sites
	-> Printing at chr: OZ034743.1 pos:3413836 chunknumber 629100 contains 680 sites
	-> Printing at chr: OZ034743.1 pos:3463715 chunknumber 629200 contains 376 sites
	-> Printing at chr: OZ034743.1 pos:3499487 chunknumber 629300 contains 367 sites
	-> Printing at chr: OZ034743.1 pos:3566992 chunknumber 629400 contains 405 sites
	-> Printing at chr: OZ034743.1 pos:3651471 chunknumber 629500 contains 305 sites
	-> Printing at chr: OZ034743.1 pos:3684241 chunknumber 629600 contains 439 sites
	-> Printing at chr: OZ034743.1 pos:3740708 chunknumber 629700 contains 757 sites
	-> Printing at chr: OZ034743.1 pos:3794440 chunknumber 629800 contains 261 sites
	-> Printing at chr: OZ034743.1 pos:3944465 chunknumber 629900 contains 1729 sites
	-> Printing at chr: OZ034743.1 pos:4064260 chunknumber 630000 contains 329 sites
	-> Printing at chr: OZ034743.1 pos:4103706 chunknumber 630100 contains 362 sites
	-> Printing at chr: OZ034743.1 pos:4136463 chunknumber 630200 contains 253 sites
	-> Printing at chr: OZ034743.1 pos:4170852 chunknumber 630300 contains 252 sites
	-> Printing at chr: OZ034743.1 pos:4224599 chunknumber 630400 contains 353 sites
	-> Printing at chr: OZ034743.1 pos:4263314 chunknumber 630500 contains 280 sites
	-> Printing at chr: OZ034743.1 pos:4301655 chunknumber 630600 contains 252 sites
	-> Printing at chr: OZ034743.1 pos:4344786 chunknumber 630700 contains 538 sites
	-> Printing at chr: OZ034743.1 pos:4383706 chunknumber 630800 contains 432 sites
	-> Printing at chr: OZ034743.1 pos:4420170 chunknumber 630900 contains 303 sites
	-> Printing at chr: OZ034743.1 pos:4493884 chunknumber 631000 contains 288 sites
	-> Printing at chr: OZ034743.1 pos:4527744 chunknumber 631100 contains 429 sites
	-> Printing at chr: OZ034743.1 pos:4576878 chunknumber 631200 contains 630 sites
	-> Printing at chr: OZ034743.1 pos:4613199 chunknumber 631300 contains 414 sites
	-> Printing at chr: OZ034743.1 pos:4650700 chunknumber 631400 contains 309 sites
	-> Printing at chr: OZ034743.1 pos:4688031 chunknumber 631500 contains 431 sites
	-> Printing at chr: OZ034743.1 pos:4725176 chunknumber 631600 contains 351 sites
	-> Printing at chr: OZ034743.1 pos:4776299 chunknumber 631700 contains 466 sites
	-> Printing at chr: OZ034743.1 pos:4815901 chunknumber 631800 contains 322 sites
	-> Printing at chr: OZ034743.1 pos:4852766 chunknumber 631900 contains 330 sites
	-> Printing at chr: OZ034743.1 pos:4890135 chunknumber 632000 contains 345 sites
	-> Printing at chr: OZ034743.1 pos:4927893 chunknumber 632100 contains 445 sites
	-> Printing at chr: OZ034743.1 pos:4966220 chunknumber 632200 contains 271 sites
	-> Printing at chr: OZ034743.1 pos:5002295 chunknumber 632300 contains 257 sites
	-> Printing at chr: OZ034743.1 pos:5052565 chunknumber 632400 contains 325 sites
	-> Printing at chr: OZ034743.1 pos:5126306 chunknumber 632500 contains 349 sites
	-> Printing at chr: OZ034743.1 pos:5162496 chunknumber 632600 contains 409 sites
	-> Printing at chr: OZ034743.1 pos:5202197 chunknumber 632700 contains 251 sites
	-> Printing at chr: OZ034743.1 pos:5236511 chunknumber 632800 contains 374 sites
	-> Printing at chr: OZ034743.1 pos:5277287 chunknumber 632900 contains 316 sites
	-> Printing at chr: OZ034743.1 pos:5313764 chunknumber 633000 contains 418 sites
	-> Printing at chr: OZ034743.1 pos:5353619 chunknumber 633100 contains 495 sites
	-> Printing at chr: OZ034743.1 pos:5395374 chunknumber 633200 contains 260 sites
	-> Printing at chr: OZ034743.1 pos:5458558 chunknumber 633300 contains 385 sites
	-> Printing at chr: OZ034743.1 pos:5499304 chunknumber 633400 contains 434 sites
	-> Printing at chr: OZ034743.1 pos:5536424 chunknumber 633500 contains 341 sites
	-> Printing at chr: OZ034743.1 pos:5644618 chunknumber 633600 contains 4586 sites
	-> Printing at chr: OZ034743.1 pos:5797432 chunknumber 633700 contains 376 sites
	-> Printing at chr: OZ034743.1 pos:5829195 chunknumber 633800 contains 506 sites
	-> Printing at chr: OZ034743.1 pos:5868225 chunknumber 633900 contains 509 sites
	-> Printing at chr: OZ034743.1 pos:5904853 chunknumber 634000 contains 318 sites
	-> Printing at chr: OZ034743.1 pos:5942650 chunknumber 634100 contains 275 sites
	-> Printing at chr: OZ034743.1 pos:5979835 chunknumber 634200 contains 359 sites
	-> Printing at chr: OZ034743.1 pos:6018055 chunknumber 634300 contains 273 sites
	-> Printing at chr: OZ034743.1 pos:6058917 chunknumber 634400 contains 865 sites
	-> Printing at chr: OZ034743.1 pos:6094497 chunknumber 634500 contains 317 sites
	-> Printing at chr: OZ034743.1 pos:6130461 chunknumber 634600 contains 252 sites
	-> Printing at chr: OZ034743.1 pos:6165841 chunknumber 634700 contains 458 sites
	-> Printing at chr: OZ034743.1 pos:6201808 chunknumber 634800 contains 506 sites
	-> Printing at chr: OZ034743.1 pos:6227983 chunknumber 634900 contains 251 sites
	-> Printing at chr: OZ034743.1 pos:6254742 chunknumber 635000 contains 253 sites
	-> Printing at chr: OZ034743.1 pos:6284256 chunknumber 635100 contains 275 sites
	-> Printing at chr: OZ034743.1 pos:6325293 chunknumber 635200 contains 458 sites
	-> Printing at chr: OZ034743.1 pos:6363174 chunknumber 635300 contains 382 sites
	-> Printing at chr: OZ034743.1 pos:6394050 chunknumber 635400 contains 285 sites
	-> Printing at chr: OZ034743.1 pos:6430267 chunknumber 635500 contains 334 sites
	-> Printing at chr: OZ034743.1 pos:6485006 chunknumber 635600 contains 282 sites
	-> Printing at chr: OZ034743.1 pos:6520680 chunknumber 635700 contains 400 sites
	-> Printing at chr: OZ034743.1 pos:6554069 chunknumber 635800 contains 378 sites
	-> Printing at chr: OZ034743.1 pos:6591874 chunknumber 635900 contains 258 sites
	-> Printing at chr: OZ034743.1 pos:6626554 chunknumber 636000 contains 257 sites
	-> Printing at chr: OZ034743.1 pos:6656244 chunknumber 636100 contains 275 sites
	-> Printing at chr: OZ034743.1 pos:6693591 chunknumber 636200 contains 284 sites
	-> Printing at chr: OZ034743.1 pos:6728656 chunknumber 636300 contains 351 sites
	-> Printing at chr: OZ034743.1 pos:6759464 chunknumber 636400 contains 344 sites
	-> Printing at chr: OZ034743.1 pos:6796538 chunknumber 636500 contains 426 sites
	-> Printing at chr: OZ034743.1 pos:6831607 chunknumber 636600 contains 356 sites
	-> Printing at chr: OZ034743.1 pos:6866465 chunknumber 636700 contains 357 sites
	-> Printing at chr: OZ034743.1 pos:6900340 chunknumber 636800 contains 430 sites
	-> Printing at chr: OZ034743.1 pos:6969326 chunknumber 636900 contains 386 sites
	-> Printing at chr: OZ034743.1 pos:7018248 chunknumber 637000 contains 339 sites
	-> Printing at chr: OZ034743.1 pos:7055477 chunknumber 637100 contains 770 sites
	-> Printing at chr: OZ034743.1 pos:7107243 chunknumber 637200 contains 453 sites
	-> Printing at chr: OZ034743.1 pos:7165844 chunknumber 637300 contains 384 sites
	-> Printing at chr: OZ034743.1 pos:7220265 chunknumber 637400 contains 769 sites
	-> Printing at chr: OZ034743.1 pos:7293725 chunknumber 637500 contains 660 sites
	-> Printing at chr: OZ034743.1 pos:7363391 chunknumber 637600 contains 408 sites
	-> Printing at chr: OZ034743.1 pos:7404535 chunknumber 637700 contains 396 sites
	-> Printing at chr: OZ034743.1 pos:7656313 chunknumber 637800 contains 345 sites
	-> Printing at chr: OZ034743.1 pos:8096795 chunknumber 637900 contains 427 sites
	-> Printing at chr: OZ034743.1 pos:8506510 chunknumber 638000 contains 2479 sites
	-> Printing at chr: OZ034743.1 pos:8914730 chunknumber 638100 contains 617 sites
	-> Printing at chr: OZ034743.1 pos:9010526 chunknumber 638200 contains 251 sites
	-> Printing at chr: OZ034743.1 pos:9056742 chunknumber 638300 contains 302 sites
	-> Printing at chr: OZ034743.1 pos:9132373 chunknumber 638400 contains 438 sites
	-> Printing at chr: OZ034743.1 pos:9214082 chunknumber 638500 contains 262 sites
	-> Printing at chr: OZ034743.1 pos:9283284 chunknumber 638600 contains 305 sites
	-> Printing at chr: OZ034743.1 pos:9327971 chunknumber 638700 contains 353 sites
	-> Printing at chr: OZ034743.1 pos:9379153 chunknumber 638800 contains 257 sites
	-> Printing at chr: OZ034743.1 pos:9429055 chunknumber 638900 contains 252 sites
	-> Printing at chr: OZ034743.1 pos:9468180 chunknumber 639000 contains 251 sites
	-> Printing at chr: OZ034743.1 pos:9494801 chunknumber 639100 contains 251 sites
	-> Printing at chr: OZ034743.1 pos:9574700 chunknumber 639200 contains 1158 sites
	-> Printing at chr: OZ034743.1 pos:9621259 chunknumber 639300 contains 341 sites
	-> Printing at chr: OZ034743.1 pos:9657290 chunknumber 639400 contains 433 sites
	-> Printing at chr: OZ034743.1 pos:9696410 chunknumber 639500 contains 375 sites
	-> Printing at chr: OZ034743.1 pos:9743111 chunknumber 639600 contains 260 sites
	-> Printing at chr: OZ034743.1 pos:9784798 chunknumber 639700 contains 405 sites
	-> Printing at chr: OZ034743.1 pos:9826018 chunknumber 639800 contains 486 sites
	-> Printing at chr: OZ034743.1 pos:9864450 chunknumber 639900 contains 342 sites
	-> Printing at chr: OZ034743.1 pos:9913967 chunknumber 640000 contains 289 sites
	-> Printing at chr: OZ034743.1 pos:9953115 chunknumber 640100 contains 392 sites
	-> Printing at chr: OZ034743.1 pos:9986568 chunknumber 640200 contains 386 sites
	-> Printing at chr: OZ034743.1 pos:10036834 chunknumber 640300 contains 289 sites
	-> Printing at chr: OZ034743.1 pos:10071062 chunknumber 640400 contains 447 sites
	-> Printing at chr: OZ034743.1 pos:10108473 chunknumber 640500 contains 392 sites
	-> Printing at chr: OZ034743.1 pos:10139092 chunknumber 640600 contains 347 sites
	-> Printing at chr: OZ034743.1 pos:10174685 chunknumber 640700 contains 256 sites
	-> Printing at chr: OZ034743.1 pos:10206282 chunknumber 640800 contains 295 sites
	-> Printing at chr: OZ034743.1 pos:10259510 chunknumber 640900 contains 321 sites
	-> Printing at chr: OZ034743.1 pos:10302064 chunknumber 641000 contains 251 sites
	-> Printing at chr: OZ034743.1 pos:10334451 chunknumber 641100 contains 343 sites
	-> Printing at chr: OZ034743.1 pos:10386624 chunknumber 641200 contains 318 sites
	-> Printing at chr: OZ034743.1 pos:10440683 chunknumber 641300 contains 535 sites
	-> Printing at chr: OZ034743.1 pos:10485202 chunknumber 641400 contains 791 sites
	-> Printing at chr: OZ034743.1 pos:10543639 chunknumber 641500 contains 258 sites
	-> Printing at chr: OZ034743.1 pos:10583611 chunknumber 641600 contains 506 sites
	-> Printing at chr: OZ034743.1 pos:10638925 chunknumber 641700 contains 1422 sites
	-> Printing at chr: OZ034743.1 pos:10679724 chunknumber 641800 contains 292 sites
	-> Printing at chr: OZ034743.1 pos:10716017 chunknumber 641900 contains 361 sites
	-> Printing at chr: OZ034743.1 pos:10759889 chunknumber 642000 contains 252 sites
	-> Printing at chr: OZ034743.1 pos:10798225 chunknumber 642100 contains 680 sites
	-> Printing at chr: OZ034743.1 pos:10848422 chunknumber 642200 contains 332 sites
	-> Printing at chr: OZ034743.1 pos:10892709 chunknumber 642300 contains 496 sites
	-> Printing at chr: OZ034743.1 pos:10935613 chunknumber 642400 contains 810 sites
	-> Printing at chr: OZ034743.1 pos:11073752 chunknumber 642500 contains 2831 sites
	-> Printing at chr: OZ034743.1 pos:11162465 chunknumber 642600 contains 434 sites
	-> Printing at chr: OZ034743.1 pos:11201812 chunknumber 642700 contains 253 sites
	-> Printing at chr: OZ034743.1 pos:11243459 chunknumber 642800 contains 364 sites
	-> Printing at chr: OZ034743.1 pos:11315429 chunknumber 642900 contains 1664 sites
	-> Printing at chr: OZ034743.1 pos:11436167 chunknumber 643000 contains 295 sites
	-> Printing at chr: OZ034743.1 pos:11470621 chunknumber 643100 contains 399 sites
	-> Printing at chr: OZ034743.1 pos:11508251 chunknumber 643200 contains 400 sites
	-> Printing at chr: OZ034743.1 pos:11593216 chunknumber 643300 contains 1097 sites
	-> Printing at chr: OZ034743.1 pos:11635375 chunknumber 643400 contains 1482 sites
	-> Printing at chr: OZ034743.1 pos:11683056 chunknumber 643500 contains 399 sites
	-> Printing at chr: OZ034743.1 pos:11728208 chunknumber 643600 contains 261 sites
	-> Printing at chr: OZ034743.1 pos:11764460 chunknumber 643700 contains 513 sites
	-> Printing at chr: OZ034743.1 pos:11799311 chunknumber 643800 contains 381 sites
	-> Printing at chr: OZ034743.1 pos:11837554 chunknumber 643900 contains 372 sites
	-> Printing at chr: OZ034743.1 pos:11871335 chunknumber 644000 contains 260 sites
	-> Printing at chr: OZ034743.1 pos:11905857 chunknumber 644100 contains 263 sites
	-> Printing at chr: OZ034743.1 pos:11939286 chunknumber 644200 contains 320 sites
	-> Printing at chr: OZ034743.1 pos:11977068 chunknumber 644300 contains 258 sites
	-> Printing at chr: OZ034743.1 pos:12020634 chunknumber 644400 contains 360 sites
	-> Printing at chr: OZ034743.1 pos:12081884 chunknumber 644500 contains 354 sites
	-> Printing at chr: OZ034743.1 pos:12144939 chunknumber 644600 contains 657 sites
	-> Printing at chr: OZ034743.1 pos:12206166 chunknumber 644700 contains 252 sites
	-> Printing at chr: OZ034743.1 pos:12249622 chunknumber 644800 contains 3801 sites
	-> Printing at chr: OZ034743.1 pos:12297319 chunknumber 644900 contains 480 sites
	-> Printing at chr: OZ034743.1 pos:12338050 chunknumber 645000 contains 402 sites
	-> Printing at chr: OZ034743.1 pos:12374669 chunknumber 645100 contains 436 sites
	-> Printing at chr: OZ034743.1 pos:12416016 chunknumber 645200 contains 314 sites
	-> Printing at chr: OZ034743.1 pos:12455146 chunknumber 645300 contains 478 sites
	-> Printing at chr: OZ034743.1 pos:12536381 chunknumber 645400 contains 269 sites
	-> Printing at chr: OZ034743.1 pos:12598544 chunknumber 645500 contains 252 sites
	-> Printing at chr: OZ034743.1 pos:12640112 chunknumber 645600 contains 285 sites
	-> Printing at chr: OZ034743.1 pos:12674011 chunknumber 645700 contains 279 sites
	-> Printing at chr: OZ034743.1 pos:12709459 chunknumber 645800 contains 399 sites
	-> Printing at chr: OZ034743.1 pos:12768700 chunknumber 645900 contains 356 sites
	-> Printing at chr: OZ034743.1 pos:12804808 chunknumber 646000 contains 299 sites
	-> Printing at chr: OZ034743.1 pos:12850430 chunknumber 646100 contains 357 sites
	-> Printing at chr: OZ034743.1 pos:12923834 chunknumber 646200 contains 282 sites
	-> Printing at chr: OZ034743.1 pos:12974566 chunknumber 646300 contains 253 sites
	-> Printing at chr: OZ034743.1 pos:13030030 chunknumber 646400 contains 531 sites
	-> Printing at chr: OZ034743.1 pos:13068478 chunknumber 646500 contains 381 sites
	-> Printing at chr: OZ034743.1 pos:13103812 chunknumber 646600 contains 268 sites
	-> Printing at chr: OZ034743.1 pos:13139669 chunknumber 646700 contains 369 sites
	-> Printing at chr: OZ034743.1 pos:13174672 chunknumber 646800 contains 295 sites
	-> Printing at chr: OZ034743.1 pos:13211164 chunknumber 646900 contains 299 sites
	-> Printing at chr: OZ034743.1 pos:13247667 chunknumber 647000 contains 273 sites
	-> Printing at chr: OZ034743.1 pos:13285670 chunknumber 647100 contains 473 sites
	-> Printing at chr: OZ034743.1 pos:13333056 chunknumber 647200 contains 289 sites
	-> Printing at chr: OZ034743.1 pos:13367480 chunknumber 647300 contains 317 sites
	-> Printing at chr: OZ034743.1 pos:13404295 chunknumber 647400 contains 419 sites
	-> Printing at chr: OZ034743.1 pos:13490454 chunknumber 647500 contains 297 sites
	-> Printing at chr: OZ034743.1 pos:13572502 chunknumber 647600 contains 1052 sites
	-> Printing at chr: OZ034743.1 pos:13613209 chunknumber 647700 contains 268 sites
	-> Printing at chr: OZ034743.1 pos:13650203 chunknumber 647800 contains 302 sites
	-> Printing at chr: OZ034743.1 pos:13685648 chunknumber 647900 contains 283 sites
	-> Printing at chr: OZ034743.1 pos:13720779 chunknumber 648000 contains 300 sites
	-> Printing at chr: OZ034743.1 pos:13760681 chunknumber 648100 contains 255 sites
	-> Printing at chr: OZ034743.1 pos:13792829 chunknumber 648200 contains 251 sites
	-> Printing at chr: OZ034743.1 pos:13830631 chunknumber 648300 contains 254 sites
	-> Printing at chr: OZ034743.1 pos:13866397 chunknumber 648400 contains 328 sites
	-> Printing at chr: OZ034743.1 pos:13908401 chunknumber 648500 contains 716 sites
	-> Printing at chr: OZ034743.1 pos:13945585 chunknumber 648600 contains 357 sites
	-> Printing at chr: OZ034743.1 pos:13979805 chunknumber 648700 contains 471 sites
	-> Printing at chr: OZ034743.1 pos:14017259 chunknumber 648800 contains 365 sites
	-> Printing at chr: OZ034743.1 pos:14074383 chunknumber 648900 contains 254 sites
	-> Printing at chr: OZ034743.1 pos:14141824 chunknumber 649000 contains 251 sites
	-> Printing at chr: OZ034743.1 pos:14215872 chunknumber 649100 contains 255 sites
	-> Printing at chr: OZ034743.1 pos:14262465 chunknumber 649200 contains 335 sites
	-> Printing at chr: OZ034743.1 pos:14297250 chunknumber 649300 contains 293 sites
	-> Printing at chr: OZ034743.1 pos:14331157 chunknumber 649400 contains 340 sites
	-> Printing at chr: OZ034743.1 pos:14366343 chunknumber 649500 contains 455 sites
	-> Printing at chr: OZ034743.1 pos:14403784 chunknumber 649600 contains 525 sites
	-> Printing at chr: OZ034743.1 pos:14490104 chunknumber 649700 contains 4853 sites
	-> Printing at chr: OZ034743.1 pos:14776018 chunknumber 649800 contains 1288 sites
	-> Printing at chr: OZ034743.1 pos:15193083 chunknumber 649900 contains 254 sites
	-> Printing at chr: OZ034743.1 pos:15232382 chunknumber 650000 contains 387 sites
	-> Printing at chr: OZ034743.1 pos:15340865 chunknumber 650100 contains 479 sites
	-> Printing at chr: OZ034743.1 pos:15377675 chunknumber 650200 contains 364 sites
	-> Printing at chr: OZ034743.1 pos:15415818 chunknumber 650300 contains 255 sites
	-> Printing at chr: OZ034743.1 pos:15466330 chunknumber 650400 contains 251 sites
	-> Printing at chr: OZ034743.1 pos:15512206 chunknumber 650500 contains 438 sites
	-> Printing at chr: OZ034743.1 pos:15547610 chunknumber 650600 contains 371 sites
	-> Printing at chr: OZ034743.1 pos:15582991 chunknumber 650700 contains 253 sites
	-> Printing at chr: OZ034743.1 pos:15619860 chunknumber 650800 contains 402 sites
	-> Printing at chr: OZ034743.1 pos:15660412 chunknumber 650900 contains 252 sites
	-> Printing at chr: OZ034743.1 pos:15721890 chunknumber 651000 contains 416 sites
	-> Printing at chr: OZ034743.1 pos:15785787 chunknumber 651100 contains 262 sites
	-> Printing at chr: OZ034743.1 pos:15824251 chunknumber 651200 contains 419 sites
	-> Printing at chr: OZ034743.1 pos:15902822 chunknumber 651300 contains 417 sites
	-> Printing at chr: OZ034743.1 pos:15940813 chunknumber 651400 contains 518 sites
	-> Printing at chr: OZ034743.1 pos:15977555 chunknumber 651500 contains 530 sites
	-> Printing at chr: OZ034743.1 pos:16032103 chunknumber 651600 contains 402 sites
	-> Printing at chr: OZ034743.1 pos:16070596 chunknumber 651700 contains 695 sites
	-> Printing at chr: OZ034743.1 pos:16202221 chunknumber 651800 contains 1313 sites
	-> Printing at chr: OZ034743.1 pos:16294984 chunknumber 651900 contains 406 sites
	-> Printing at chr: OZ034743.1 pos:16344503 chunknumber 652000 contains 251 sites
	-> Printing at chr: OZ034743.1 pos:16382798 chunknumber 652100 contains 619 sites
	-> Printing at chr: OZ034743.1 pos:16418607 chunknumber 652200 contains 461 sites
	-> Printing at chr: OZ034743.1 pos:16458089 chunknumber 652300 contains 254 sites
	-> Printing at chr: OZ034743.1 pos:16497824 chunknumber 652400 contains 802 sites
	-> Printing at chr: OZ034743.1 pos:16567293 chunknumber 652500 contains 374 sites
	-> Printing at chr: OZ034743.1 pos:16614946 chunknumber 652600 contains 287 sites
	-> Printing at chr: OZ034743.1 pos:16660307 chunknumber 652700 contains 365 sites
	-> Printing at chr: OZ034743.1 pos:16724164 chunknumber 652800 contains 1117 sites
	-> Printing at chr: OZ034743.1 pos:16783614 chunknumber 652900 contains 281 sites
	-> Printing at chr: OZ034743.1 pos:16831236 chunknumber 653000 contains 355 sites
	-> Printing at chr: OZ034743.1 pos:16869842 chunknumber 653100 contains 921 sites
	-> Printing at chr: OZ034743.1 pos:16913350 chunknumber 653200 contains 251 sites
	-> Printing at chr: OZ034743.1 pos:16938969 chunknumber 653300 contains 256 sites
	-> Printing at chr: OZ034743.1 pos:16997335 chunknumber 653400 contains 556 sites
	-> Printing at chr: OZ034743.1 pos:17029938 chunknumber 653500 contains 252 sites
	-> Printing at chr: OZ034743.1 pos:17090060 chunknumber 653600 contains 552 sites
	-> Printing at chr: OZ034743.1 pos:17183697 chunknumber 653700 contains 356 sites
	-> Printing at chr: OZ034743.1 pos:17223525 chunknumber 653800 contains 266 sites
	-> Printing at chr: OZ034743.1 pos:17257193 chunknumber 653900 contains 251 sites
	-> Printing at chr: OZ034743.1 pos:17297000 chunknumber 654000 contains 519 sites
	-> Printing at chr: OZ034743.1 pos:17360160 chunknumber 654100 contains 256 sites
	-> Printing at chr: OZ034743.1 pos:17454671 chunknumber 654200 contains 5474 sites
	-> Printing at chr: OZ034743.1 pos:17525077 chunknumber 654300 contains 965 sites
	-> Printing at chr: OZ034743.1 pos:17595955 chunknumber 654400 contains 325 sites
	-> Printing at chr: OZ034743.1 pos:17640408 chunknumber 654500 contains 398 sites
	-> Printing at chr: OZ034743.1 pos:17675989 chunknumber 654600 contains 394 sites
	-> Printing at chr: OZ034743.1 pos:17712713 chunknumber 654700 contains 270 sites
	-> Printing at chr: OZ034743.1 pos:17762328 chunknumber 654800 contains 327 sites
	-> Printing at chr: OZ034743.1 pos:17799890 chunknumber 654900 contains 351 sites
	-> Printing at chr: OZ034743.1 pos:17838894 chunknumber 655000 contains 342 sites
	-> Printing at chr: OZ034743.1 pos:17873764 chunknumber 655100 contains 391 sites
	-> Printing at chr: OZ034743.1 pos:17914509 chunknumber 655200 contains 288 sites
	-> Printing at chr: OZ034743.1 pos:17952230 chunknumber 655300 contains 524 sites
	-> Printing at chr: OZ034743.1 pos:17988691 chunknumber 655400 contains 251 sites
	-> Printing at chr: OZ034743.1 pos:18038193 chunknumber 655500 contains 263 sites
	-> Printing at chr: OZ034743.1 pos:18075699 chunknumber 655600 contains 402 sites
	-> Printing at chr: OZ034743.1 pos:18119338 chunknumber 655700 contains 253 sites
	-> Printing at chr: OZ034743.1 pos:18183217 chunknumber 655800 contains 1278 sites
	-> Printing at chr: OZ034743.1 pos:18270870 chunknumber 655900 contains 252 sites
	-> Printing at chr: OZ034743.1 pos:18310184 chunknumber 656000 contains 254 sites
	-> Printing at chr: OZ034743.1 pos:18346014 chunknumber 656100 contains 581 sites
	-> Printing at chr: OZ034743.1 pos:18394728 chunknumber 656200 contains 416 sites
	-> Printing at chr: OZ034743.1 pos:18444937 chunknumber 656300 contains 501 sites
	-> Printing at chr: OZ034743.1 pos:18487204 chunknumber 656400 contains 519 sites
	-> Printing at chr: OZ034743.1 pos:18541596 chunknumber 656500 contains 255 sites
	-> Printing at chr: OZ034743.1 pos:18589989 chunknumber 656600 contains 890 sites
	-> Printing at chr: OZ034743.1 pos:18640083 chunknumber 656700 contains 382 sites
	-> Printing at chr: OZ034743.1 pos:18679400 chunknumber 656800 contains 322 sites
	-> Printing at chr: OZ034743.1 pos:18723606 chunknumber 656900 contains 417 sites
	-> Printing at chr: OZ034743.1 pos:18816162 chunknumber 657000 contains 528 sites
	-> Printing at chr: OZ034743.1 pos:18877724 chunknumber 657100 contains 283 sites
	-> Printing at chr: OZ034743.1 pos:18915388 chunknumber 657200 contains 509 sites
	-> Printing at chr: OZ034743.1 pos:18954648 chunknumber 657300 contains 464 sites
	-> Printing at chr: OZ034743.1 pos:18995950 chunknumber 657400 contains 269 sites
	-> Printing at chr: OZ034743.1 pos:19120752 chunknumber 657500 contains 437 sites
	-> Printing at chr: OZ034743.1 pos:19209680 chunknumber 657600 contains 428 sites
	-> Printing at chr: OZ034743.1 pos:19296259 chunknumber 657700 contains 2245 sites
	-> Printing at chr: OZ034743.1 pos:19364377 chunknumber 657800 contains 1788 sites
	-> Printing at chr: OZ034743.1 pos:19426109 chunknumber 657900 contains 253 sites
	-> Printing at chr: OZ034743.1 pos:19462183 chunknumber 658000 contains 1180 sites
	-> Printing at chr: OZ034743.1 pos:19510419 chunknumber 658100 contains 923 sites
	-> Printing at chr: OZ034743.1 pos:19627779 chunknumber 658200 contains 267 sites
	-> Printing at chr: OZ034743.1 pos:19663255 chunknumber 658300 contains 653 sites
	-> Printing at chr: OZ034743.1 pos:19736498 chunknumber 658400 contains 1222 sites
	-> Printing at chr: OZ034743.1 pos:19820263 chunknumber 658500 contains 743 sites
	-> Printing at chr: OZ034743.1 pos:19895914 chunknumber 658600 contains 560 sites
	-> Printing at chr: OZ034743.1 pos:19998844 chunknumber 658700 contains 281 sites
	-> Printing at chr: OZ034743.1 pos:20089495 chunknumber 658800 contains 610 sites
	-> Printing at chr: OZ034743.1 pos:20158482 chunknumber 658900 contains 326 sites
	-> Printing at chr: OZ034743.1 pos:20192964 chunknumber 659000 contains 255 sites
	-> Printing at chr: OZ034743.1 pos:20227098 chunknumber 659100 contains 255 sites
	-> Printing at chr: OZ034743.1 pos:20263169 chunknumber 659200 contains 253 sites
	-> Printing at chr: OZ034743.1 pos:20299830 chunknumber 659300 contains 435 sites
	-> Printing at chr: OZ034743.1 pos:20334762 chunknumber 659400 contains 337 sites
	-> Printing at chr: OZ034743.1 pos:20383947 chunknumber 659500 contains 412 sites
	-> Printing at chr: OZ034743.1 pos:20421302 chunknumber 659600 contains 251 sites
	-> Printing at chr: OZ034743.1 pos:20484256 chunknumber 659700 contains 1481 sites
	-> Printing at chr: OZ034743.1 pos:20542092 chunknumber 659800 contains 252 sites
	-> Printing at chr: OZ034743.1 pos:20579007 chunknumber 659900 contains 912 sites
	-> Printing at chr: OZ034743.1 pos:20612743 chunknumber 660000 contains 535 sites
	-> Printing at chr: OZ034743.1 pos:20646991 chunknumber 660100 contains 442 sites
	-> Printing at chr: OZ034743.1 pos:20682883 chunknumber 660200 contains 328 sites
	-> Printing at chr: OZ034743.1 pos:20717893 chunknumber 660300 contains 519 sites
	-> Printing at chr: OZ034743.1 pos:20753769 chunknumber 660400 contains 592 sites
	-> Printing at chr: OZ034743.1 pos:20793777 chunknumber 660500 contains 372 sites
	-> Printing at chr: OZ034743.1 pos:20830825 chunknumber 660600 contains 377 sites
	-> Printing at chr: OZ034743.1 pos:20879006 chunknumber 660700 contains 387 sites
	-> Printing at chr: OZ034743.1 pos:20921935 chunknumber 660800 contains 304 sites
	-> Printing at chr: OZ034743.1 pos:20959258 chunknumber 660900 contains 338 sites
	-> Printing at chr: OZ034743.1 pos:20996936 chunknumber 661000 contains 255 sites
	-> Printing at chr: OZ034743.1 pos:21034382 chunknumber 661100 contains 345 sites
	-> Printing at chr: OZ034743.1 pos:21072850 chunknumber 661200 contains 259 sites
	-> Printing at chr: OZ034743.1 pos:21121533 chunknumber 661300 contains 409 sites
	-> Printing at chr: OZ034743.1 pos:21155435 chunknumber 661400 contains 254 sites
	-> Printing at chr: OZ034743.1 pos:21193763 chunknumber 661500 contains 261 sites
	-> Printing at chr: OZ034743.1 pos:21243082 chunknumber 661600 contains 287 sites
	-> Region lookup 14/142
	-> Printing at chr: OZ034744.1 pos:32825 chunknumber 661700 contains 306 sites
	-> Printing at chr: OZ034744.1 pos:75568 chunknumber 661800 contains 327 sites
	-> Printing at chr: OZ034744.1 pos:110398 chunknumber 661900 contains 275 sites
	-> Printing at chr: OZ034744.1 pos:143545 chunknumber 662000 contains 286 sites
	-> Printing at chr: OZ034744.1 pos:176818 chunknumber 662100 contains 253 sites
	-> Printing at chr: OZ034744.1 pos:216673 chunknumber 662200 contains 259 sites
	-> Printing at chr: OZ034744.1 pos:250281 chunknumber 662300 contains 251 sites
	-> Printing at chr: OZ034744.1 pos:277723 chunknumber 662400 contains 317 sites
	-> Printing at chr: OZ034744.1 pos:321877 chunknumber 662500 contains 269 sites
	-> Printing at chr: OZ034744.1 pos:359274 chunknumber 662600 contains 366 sites
	-> Printing at chr: OZ034744.1 pos:393988 chunknumber 662700 contains 453 sites
	-> Printing at chr: OZ034744.1 pos:432740 chunknumber 662800 contains 253 sites
	-> Printing at chr: OZ034744.1 pos:470110 chunknumber 662900 contains 296 sites
	-> Printing at chr: OZ034744.1 pos:505962 chunknumber 663000 contains 318 sites
	-> Printing at chr: OZ034744.1 pos:544436 chunknumber 663100 contains 324 sites
	-> Printing at chr: OZ034744.1 pos:582401 chunknumber 663200 contains 464 sites
	-> Printing at chr: OZ034744.1 pos:747853 chunknumber 663300 contains 306 sites
	-> Printing at chr: OZ034744.1 pos:820006 chunknumber 663400 contains 339 sites
	-> Printing at chr: OZ034744.1 pos:854964 chunknumber 663500 contains 253 sites
	-> Printing at chr: OZ034744.1 pos:889864 chunknumber 663600 contains 795 sites
	-> Printing at chr: OZ034744.1 pos:927085 chunknumber 663700 contains 363 sites
	-> Printing at chr: OZ034744.1 pos:963007 chunknumber 663800 contains 320 sites
	-> Printing at chr: OZ034744.1 pos:1001959 chunknumber 663900 contains 251 sites
	-> Printing at chr: OZ034744.1 pos:1038285 chunknumber 664000 contains 394 sites
	-> Printing at chr: OZ034744.1 pos:1076227 chunknumber 664100 contains 286 sites
	-> Printing at chr: OZ034744.1 pos:1112463 chunknumber 664200 contains 361 sites
	-> Printing at chr: OZ034744.1 pos:1161402 chunknumber 664300 contains 470 sites
	-> Printing at chr: OZ034744.1 pos:1197886 chunknumber 664400 contains 428 sites
	-> Printing at chr: OZ034744.1 pos:1245861 chunknumber 664500 contains 400 sites
	-> Printing at chr: OZ034744.1 pos:1281102 chunknumber 664600 contains 502 sites
	-> Printing at chr: OZ034744.1 pos:1318067 chunknumber 664700 contains 286 sites
	-> Printing at chr: OZ034744.1 pos:1352969 chunknumber 664800 contains 472 sites
	-> Printing at chr: OZ034744.1 pos:1387453 chunknumber 664900 contains 287 sites
	-> Printing at chr: OZ034744.1 pos:1424689 chunknumber 665000 contains 256 sites
	-> Printing at chr: OZ034744.1 pos:1461358 chunknumber 665100 contains 368 sites
	-> Printing at chr: OZ034744.1 pos:1498709 chunknumber 665200 contains 302 sites
	-> Printing at chr: OZ034744.1 pos:1533405 chunknumber 665300 contains 253 sites
	-> Printing at chr: OZ034744.1 pos:1570581 chunknumber 665400 contains 264 sites
	-> Printing at chr: OZ034744.1 pos:1607202 chunknumber 665500 contains 444 sites
	-> Printing at chr: OZ034744.1 pos:1644989 chunknumber 665600 contains 284 sites
	-> Printing at chr: OZ034744.1 pos:1681484 chunknumber 665700 contains 397 sites
	-> Printing at chr: OZ034744.1 pos:1717239 chunknumber 665800 contains 324 sites
	-> Printing at chr: OZ034744.1 pos:1754359 chunknumber 665900 contains 386 sites
	-> Printing at chr: OZ034744.1 pos:1787765 chunknumber 666000 contains 381 sites
	-> Printing at chr: OZ034744.1 pos:1824001 chunknumber 666100 contains 425 sites
	-> Printing at chr: OZ034744.1 pos:1923503 chunknumber 666200 contains 7652 sites
	-> Printing at chr: OZ034744.1 pos:1968480 chunknumber 666300 contains 310 sites
	-> Printing at chr: OZ034744.1 pos:2004619 chunknumber 666400 contains 314 sites
	-> Printing at chr: OZ034744.1 pos:2039352 chunknumber 666500 contains 373 sites
	-> Printing at chr: OZ034744.1 pos:2075062 chunknumber 666600 contains 339 sites
	-> Printing at chr: OZ034744.1 pos:2122192 chunknumber 666700 contains 493 sites
	-> Printing at chr: OZ034744.1 pos:2155490 chunknumber 666800 contains 255 sites
	-> Printing at chr: OZ034744.1 pos:2257195 chunknumber 666900 contains 580 sites
	-> Printing at chr: OZ034744.1 pos:2382192 chunknumber 667000 contains 2498 sites
	-> Printing at chr: OZ034744.1 pos:2529017 chunknumber 667100 contains 269 sites
	-> Printing at chr: OZ034744.1 pos:2655981 chunknumber 667200 contains 1624 sites
	-> Printing at chr: OZ034744.1 pos:2809556 chunknumber 667300 contains 601 sites
	-> Printing at chr: OZ034744.1 pos:3047144 chunknumber 667400 contains 271 sites
	-> Printing at chr: OZ034744.1 pos:3165049 chunknumber 667500 contains 254 sites
	-> Printing at chr: OZ034744.1 pos:3201743 chunknumber 667600 contains 270 sites
	-> Printing at chr: OZ034744.1 pos:3257195 chunknumber 667700 contains 268 sites
	-> Printing at chr: OZ034744.1 pos:3301037 chunknumber 667800 contains 331 sites
	-> Printing at chr: OZ034744.1 pos:3340429 chunknumber 667900 contains 411 sites
	-> Printing at chr: OZ034744.1 pos:3399338 chunknumber 668000 contains 521 sites
	-> Printing at chr: OZ034744.1 pos:3431118 chunknumber 668100 contains 417 sites
	-> Printing at chr: OZ034744.1 pos:3467802 chunknumber 668200 contains 347 sites
	-> Printing at chr: OZ034744.1 pos:3507219 chunknumber 668300 contains 461 sites
	-> Printing at chr: OZ034744.1 pos:3543160 chunknumber 668400 contains 367 sites
	-> Printing at chr: OZ034744.1 pos:3577933 chunknumber 668500 contains 270 sites
	-> Printing at chr: OZ034744.1 pos:3615003 chunknumber 668600 contains 265 sites
	-> Printing at chr: OZ034744.1 pos:3666898 chunknumber 668700 contains 251 sites
	-> Printing at chr: OZ034744.1 pos:3709145 chunknumber 668800 contains 383 sites
	-> Printing at chr: OZ034744.1 pos:3746275 chunknumber 668900 contains 278 sites
	-> Printing at chr: OZ034744.1 pos:3783202 chunknumber 669000 contains 304 sites
	-> Printing at chr: OZ034744.1 pos:3821353 chunknumber 669100 contains 1965 sites
	-> Printing at chr: OZ034744.1 pos:3961406 chunknumber 669200 contains 350 sites
	-> Printing at chr: OZ034744.1 pos:3998922 chunknumber 669300 contains 252 sites
	-> Printing at chr: OZ034744.1 pos:4036937 chunknumber 669400 contains 332 sites
	-> Printing at chr: OZ034744.1 pos:4074560 chunknumber 669500 contains 341 sites
	-> Printing at chr: OZ034744.1 pos:4111370 chunknumber 669600 contains 497 sites
	-> Printing at chr: OZ034744.1 pos:4146902 chunknumber 669700 contains 290 sites
	-> Printing at chr: OZ034744.1 pos:4186670 chunknumber 669800 contains 544 sites
	-> Printing at chr: OZ034744.1 pos:4222615 chunknumber 669900 contains 255 sites
	-> Printing at chr: OZ034744.1 pos:4262904 chunknumber 670000 contains 253 sites
	-> Printing at chr: OZ034744.1 pos:4300234 chunknumber 670100 contains 259 sites
	-> Printing at chr: OZ034744.1 pos:4361129 chunknumber 670200 contains 251 sites
	-> Printing at chr: OZ034744.1 pos:4399799 chunknumber 670300 contains 724 sites
	-> Printing at chr: OZ034744.1 pos:4443395 chunknumber 670400 contains 1207 sites
	-> Printing at chr: OZ034744.1 pos:4491107 chunknumber 670500 contains 350 sites
	-> Printing at chr: OZ034744.1 pos:4523331 chunknumber 670600 contains 255 sites
	-> Printing at chr: OZ034744.1 pos:4567386 chunknumber 670700 contains 258 sites
	-> Printing at chr: OZ034744.1 pos:4602167 chunknumber 670800 contains 253 sites
	-> Printing at chr: OZ034744.1 pos:4641165 chunknumber 670900 contains 302 sites
	-> Printing at chr: OZ034744.1 pos:4676312 chunknumber 671000 contains 316 sites
	-> Printing at chr: OZ034744.1 pos:4709115 chunknumber 671100 contains 314 sites
	-> Printing at chr: OZ034744.1 pos:4746123 chunknumber 671200 contains 252 sites
	-> Printing at chr: OZ034744.1 pos:4804982 chunknumber 671300 contains 336 sites
	-> Printing at chr: OZ034744.1 pos:4855529 chunknumber 671400 contains 362 sites
	-> Printing at chr: OZ034744.1 pos:4899086 chunknumber 671500 contains 463 sites
	-> Printing at chr: OZ034744.1 pos:4937921 chunknumber 671600 contains 379 sites
	-> Printing at chr: OZ034744.1 pos:4977416 chunknumber 671700 contains 333 sites
	-> Printing at chr: OZ034744.1 pos:5017337 chunknumber 671800 contains 273 sites
	-> Printing at chr: OZ034744.1 pos:5103601 chunknumber 671900 contains 451 sites
	-> Printing at chr: OZ034744.1 pos:5140353 chunknumber 672000 contains 375 sites
	-> Printing at chr: OZ034744.1 pos:5174028 chunknumber 672100 contains 308 sites
	-> Printing at chr: OZ034744.1 pos:5225807 chunknumber 672200 contains 310 sites
	-> Printing at chr: OZ034744.1 pos:5261752 chunknumber 672300 contains 335 sites
	-> Printing at chr: OZ034744.1 pos:5296759 chunknumber 672400 contains 535 sites
	-> Printing at chr: OZ034744.1 pos:5337954 chunknumber 672500 contains 274 sites
	-> Printing at chr: OZ034744.1 pos:5372749 chunknumber 672600 contains 302 sites
	-> Printing at chr: OZ034744.1 pos:5409502 chunknumber 672700 contains 272 sites
	-> Printing at chr: OZ034744.1 pos:5455236 chunknumber 672800 contains 252 sites
	-> Printing at chr: OZ034744.1 pos:5486201 chunknumber 672900 contains 254 sites
	-> Printing at chr: OZ034744.1 pos:5539738 chunknumber 673000 contains 447 sites
	-> Printing at chr: OZ034744.1 pos:5576497 chunknumber 673100 contains 470 sites
	-> Printing at chr: OZ034744.1 pos:5734961 chunknumber 673200 contains 1591 sites
	-> Printing at chr: OZ034744.1 pos:5795947 chunknumber 673300 contains 395 sites
	-> Printing at chr: OZ034744.1 pos:5865358 chunknumber 673400 contains 712 sites
	-> Printing at chr: OZ034744.1 pos:5900592 chunknumber 673500 contains 288 sites
	-> Printing at chr: OZ034744.1 pos:5937809 chunknumber 673600 contains 395 sites
	-> Printing at chr: OZ034744.1 pos:5982831 chunknumber 673700 contains 318 sites
	-> Printing at chr: OZ034744.1 pos:6019613 chunknumber 673800 contains 427 sites
	-> Printing at chr: OZ034744.1 pos:6061819 chunknumber 673900 contains 317 sites
	-> Printing at chr: OZ034744.1 pos:6098217 chunknumber 674000 contains 258 sites
	-> Printing at chr: OZ034744.1 pos:6135497 chunknumber 674100 contains 261 sites
	-> Printing at chr: OZ034744.1 pos:6176028 chunknumber 674200 contains 258 sites
	-> Printing at chr: OZ034744.1 pos:6220174 chunknumber 674300 contains 330 sites
	-> Printing at chr: OZ034744.1 pos:6265402 chunknumber 674400 contains 251 sites
	-> Printing at chr: OZ034744.1 pos:6316770 chunknumber 674500 contains 381 sites
	-> Printing at chr: OZ034744.1 pos:6353141 chunknumber 674600 contains 345 sites
	-> Printing at chr: OZ034744.1 pos:6386575 chunknumber 674700 contains 331 sites
	-> Printing at chr: OZ034744.1 pos:6422167 chunknumber 674800 contains 311 sites
	-> Printing at chr: OZ034744.1 pos:6455505 chunknumber 674900 contains 439 sites
	-> Printing at chr: OZ034744.1 pos:6490971 chunknumber 675000 contains 253 sites
	-> Printing at chr: OZ034744.1 pos:6525028 chunknumber 675100 contains 478 sites
	-> Printing at chr: OZ034744.1 pos:6563095 chunknumber 675200 contains 268 sites
	-> Printing at chr: OZ034744.1 pos:6599714 chunknumber 675300 contains 336 sites
	-> Printing at chr: OZ034744.1 pos:6636929 chunknumber 675400 contains 392 sites
	-> Printing at chr: OZ034744.1 pos:6670623 chunknumber 675500 contains 389 sites
	-> Printing at chr: OZ034744.1 pos:6720734 chunknumber 675600 contains 252 sites
	-> Printing at chr: OZ034744.1 pos:6830253 chunknumber 675700 contains 749 sites
	-> Printing at chr: OZ034744.1 pos:6902965 chunknumber 675800 contains 362 sites
	-> Printing at chr: OZ034744.1 pos:6984642 chunknumber 675900 contains 312 sites
	-> Printing at chr: OZ034744.1 pos:7018484 chunknumber 676000 contains 341 sites
	-> Printing at chr: OZ034744.1 pos:7068142 chunknumber 676100 contains 252 sites
	-> Printing at chr: OZ034744.1 pos:7103685 chunknumber 676200 contains 323 sites
	-> Printing at chr: OZ034744.1 pos:7181477 chunknumber 676300 contains 462 sites
	-> Printing at chr: OZ034744.1 pos:7216303 chunknumber 676400 contains 251 sites
	-> Printing at chr: OZ034744.1 pos:7250108 chunknumber 676500 contains 252 sites
	-> Printing at chr: OZ034744.1 pos:7291965 chunknumber 676600 contains 253 sites
	-> Printing at chr: OZ034744.1 pos:7334424 chunknumber 676700 contains 545 sites
	-> Printing at chr: OZ034744.1 pos:7380998 chunknumber 676800 contains 383 sites
	-> Printing at chr: OZ034744.1 pos:7438008 chunknumber 676900 contains 357 sites
	-> Printing at chr: OZ034744.1 pos:7474487 chunknumber 677000 contains 253 sites
	-> Printing at chr: OZ034744.1 pos:7512661 chunknumber 677100 contains 419 sites
	-> Printing at chr: OZ034744.1 pos:7552948 chunknumber 677200 contains 252 sites
	-> Printing at chr: OZ034744.1 pos:7596348 chunknumber 677300 contains 558 sites
	-> Printing at chr: OZ034744.1 pos:7636953 chunknumber 677400 contains 364 sites
	-> Printing at chr: OZ034744.1 pos:7672140 chunknumber 677500 contains 396 sites
	-> Printing at chr: OZ034744.1 pos:7706807 chunknumber 677600 contains 351 sites
	-> Printing at chr: OZ034744.1 pos:7744598 chunknumber 677700 contains 315 sites
	-> Printing at chr: OZ034744.1 pos:7784557 chunknumber 677800 contains 363 sites
	-> Printing at chr: OZ034744.1 pos:7822924 chunknumber 677900 contains 341 sites
	-> Printing at chr: OZ034744.1 pos:7866221 chunknumber 678000 contains 417 sites
	-> Printing at chr: OZ034744.1 pos:7904477 chunknumber 678100 contains 255 sites
	-> Printing at chr: OZ034744.1 pos:7943488 chunknumber 678200 contains 254 sites
	-> Printing at chr: OZ034744.1 pos:7989265 chunknumber 678300 contains 274 sites
	-> Printing at chr: OZ034744.1 pos:8025686 chunknumber 678400 contains 372 sites
	-> Printing at chr: OZ034744.1 pos:8069781 chunknumber 678500 contains 321 sites
	-> Printing at chr: OZ034744.1 pos:8106556 chunknumber 678600 contains 259 sites
	-> Printing at chr: OZ034744.1 pos:8138992 chunknumber 678700 contains 255 sites
	-> Printing at chr: OZ034744.1 pos:8174218 chunknumber 678800 contains 692 sites
	-> Printing at chr: OZ034744.1 pos:8213941 chunknumber 678900 contains 306 sites
	-> Printing at chr: OZ034744.1 pos:8259397 chunknumber 679000 contains 261 sites
	-> Printing at chr: OZ034744.1 pos:8314139 chunknumber 679100 contains 267 sites
	-> Printing at chr: OZ034744.1 pos:8364576 chunknumber 679200 contains 252 sites
	-> Printing at chr: OZ034744.1 pos:8406378 chunknumber 679300 contains 356 sites
	-> Printing at chr: OZ034744.1 pos:8441170 chunknumber 679400 contains 307 sites
	-> Printing at chr: OZ034744.1 pos:8479835 chunknumber 679500 contains 375 sites
	-> Printing at chr: OZ034744.1 pos:8518553 chunknumber 679600 contains 260 sites
	-> Printing at chr: OZ034744.1 pos:8614811 chunknumber 679700 contains 292 sites
	-> Printing at chr: OZ034744.1 pos:8649678 chunknumber 679800 contains 358 sites
	-> Printing at chr: OZ034744.1 pos:8686856 chunknumber 679900 contains 277 sites
	-> Printing at chr: OZ034744.1 pos:8733180 chunknumber 680000 contains 325 sites
	-> Printing at chr: OZ034744.1 pos:8779334 chunknumber 680100 contains 283 sites
	-> Printing at chr: OZ034744.1 pos:8824503 chunknumber 680200 contains 335 sites
	-> Printing at chr: OZ034744.1 pos:8860139 chunknumber 680300 contains 347 sites
	-> Printing at chr: OZ034744.1 pos:8899972 chunknumber 680400 contains 481 sites
	-> Printing at chr: OZ034744.1 pos:8934329 chunknumber 680500 contains 473 sites
	-> Printing at chr: OZ034744.1 pos:8969923 chunknumber 680600 contains 422 sites
	-> Printing at chr: OZ034744.1 pos:9002412 chunknumber 680700 contains 343 sites
	-> Printing at chr: OZ034744.1 pos:9036974 chunknumber 680800 contains 274 sites
	-> Printing at chr: OZ034744.1 pos:9069320 chunknumber 680900 contains 252 sites
	-> Printing at chr: OZ034744.1 pos:9114809 chunknumber 681000 contains 266 sites
	-> Printing at chr: OZ034744.1 pos:9153358 chunknumber 681100 contains 252 sites
	-> Printing at chr: OZ034744.1 pos:9188798 chunknumber 681200 contains 310 sites
	-> Printing at chr: OZ034744.1 pos:9224207 chunknumber 681300 contains 466 sites
	-> Printing at chr: OZ034744.1 pos:9259687 chunknumber 681400 contains 303 sites
	-> Printing at chr: OZ034744.1 pos:9294222 chunknumber 681500 contains 405 sites
	-> Printing at chr: OZ034744.1 pos:9330722 chunknumber 681600 contains 569 sites
	-> Printing at chr: OZ034744.1 pos:9366871 chunknumber 681700 contains 329 sites
	-> Printing at chr: OZ034744.1 pos:9406424 chunknumber 681800 contains 361 sites
	-> Printing at chr: OZ034744.1 pos:9445938 chunknumber 681900 contains 340 sites
	-> Printing at chr: OZ034744.1 pos:9526133 chunknumber 682000 contains 401 sites
	-> Printing at chr: OZ034744.1 pos:9598609 chunknumber 682100 contains 2018 sites
	-> Printing at chr: OZ034744.1 pos:9656683 chunknumber 682200 contains 413 sites
	-> Printing at chr: OZ034744.1 pos:9707623 chunknumber 682300 contains 255 sites
	-> Printing at chr: OZ034744.1 pos:9769510 chunknumber 682400 contains 1279 sites
	-> Printing at chr: OZ034744.1 pos:9861193 chunknumber 682500 contains 253 sites
	-> Printing at chr: OZ034744.1 pos:9913216 chunknumber 682600 contains 387 sites
	-> Printing at chr: OZ034744.1 pos:9949340 chunknumber 682700 contains 270 sites
	-> Printing at chr: OZ034744.1 pos:9982023 chunknumber 682800 contains 392 sites
	-> Printing at chr: OZ034744.1 pos:10016889 chunknumber 682900 contains 613 sites
	-> Printing at chr: OZ034744.1 pos:10058303 chunknumber 683000 contains 437 sites
	-> Printing at chr: OZ034744.1 pos:10094028 chunknumber 683100 contains 252 sites
	-> Printing at chr: OZ034744.1 pos:10390037 chunknumber 683200 contains 641 sites
	-> Printing at chr: OZ034744.1 pos:10462172 chunknumber 683300 contains 396 sites
	-> Printing at chr: OZ034744.1 pos:10535066 chunknumber 683400 contains 253 sites
	-> Printing at chr: OZ034744.1 pos:10569757 chunknumber 683500 contains 375 sites
	-> Printing at chr: OZ034744.1 pos:10602303 chunknumber 683600 contains 421 sites
	-> Printing at chr: OZ034744.1 pos:10640461 chunknumber 683700 contains 616 sites
	-> Printing at chr: OZ034744.1 pos:10709475 chunknumber 683800 contains 329 sites
	-> Printing at chr: OZ034744.1 pos:10749292 chunknumber 683900 contains 420 sites
	-> Printing at chr: OZ034744.1 pos:10786337 chunknumber 684000 contains 321 sites
	-> Printing at chr: OZ034744.1 pos:10821917 chunknumber 684100 contains 291 sites
	-> Printing at chr: OZ034744.1 pos:10858218 chunknumber 684200 contains 278 sites
	-> Printing at chr: OZ034744.1 pos:10896363 chunknumber 684300 contains 253 sites
	-> Printing at chr: OZ034744.1 pos:10935223 chunknumber 684400 contains 362 sites
	-> Printing at chr: OZ034744.1 pos:10972132 chunknumber 684500 contains 346 sites
	-> Printing at chr: OZ034744.1 pos:11008087 chunknumber 684600 contains 693 sites
	-> Printing at chr: OZ034744.1 pos:11049694 chunknumber 684700 contains 470 sites
	-> Printing at chr: OZ034744.1 pos:11234532 chunknumber 684800 contains 725 sites
	-> Printing at chr: OZ034744.1 pos:11320477 chunknumber 684900 contains 280 sites
	-> Printing at chr: OZ034744.1 pos:11453383 chunknumber 685000 contains 307 sites
	-> Printing at chr: OZ034744.1 pos:11490338 chunknumber 685100 contains 359 sites
	-> Printing at chr: OZ034744.1 pos:11528271 chunknumber 685200 contains 352 sites
	-> Printing at chr: OZ034744.1 pos:11563633 chunknumber 685300 contains 404 sites
	-> Printing at chr: OZ034744.1 pos:11600131 chunknumber 685400 contains 330 sites
	-> Printing at chr: OZ034744.1 pos:11637102 chunknumber 685500 contains 414 sites
	-> Printing at chr: OZ034744.1 pos:11674476 chunknumber 685600 contains 253 sites
	-> Printing at chr: OZ034744.1 pos:11739799 chunknumber 685700 contains 1565 sites
	-> Printing at chr: OZ034744.1 pos:11799621 chunknumber 685800 contains 254 sites
	-> Printing at chr: OZ034744.1 pos:11857884 chunknumber 685900 contains 368 sites
	-> Printing at chr: OZ034744.1 pos:11926467 chunknumber 686000 contains 355 sites
	-> Printing at chr: OZ034744.1 pos:11998975 chunknumber 686100 contains 290 sites
	-> Printing at chr: OZ034744.1 pos:12035496 chunknumber 686200 contains 773 sites
	-> Printing at chr: OZ034744.1 pos:12068923 chunknumber 686300 contains 252 sites
	-> Printing at chr: OZ034744.1 pos:12108181 chunknumber 686400 contains 265 sites
	-> Printing at chr: OZ034744.1 pos:12143091 chunknumber 686500 contains 261 sites
	-> Printing at chr: OZ034744.1 pos:12182032 chunknumber 686600 contains 582 sites
	-> Printing at chr: OZ034744.1 pos:12223621 chunknumber 686700 contains 254 sites
	-> Printing at chr: OZ034744.1 pos:12281496 chunknumber 686800 contains 335 sites
	-> Printing at chr: OZ034744.1 pos:12318850 chunknumber 686900 contains 340 sites
	-> Printing at chr: OZ034744.1 pos:12383653 chunknumber 687000 contains 260 sites
	-> Printing at chr: OZ034744.1 pos:12419638 chunknumber 687100 contains 270 sites
	-> Printing at chr: OZ034744.1 pos:12473669 chunknumber 687200 contains 4061 sites
	-> Printing at chr: OZ034744.1 pos:12562651 chunknumber 687300 contains 531 sites
	-> Printing at chr: OZ034744.1 pos:12715489 chunknumber 687400 contains 3456 sites
	-> Printing at chr: OZ034744.1 pos:12779405 chunknumber 687500 contains 275 sites
	-> Printing at chr: OZ034744.1 pos:12910248 chunknumber 687600 contains 331 sites
	-> Printing at chr: OZ034744.1 pos:12994205 chunknumber 687700 contains 331 sites
	-> Printing at chr: OZ034744.1 pos:13031225 chunknumber 687800 contains 356 sites
	-> Printing at chr: OZ034744.1 pos:13067234 chunknumber 687900 contains 307 sites
	-> Printing at chr: OZ034744.1 pos:13102602 chunknumber 688000 contains 535 sites
	-> Printing at chr: OZ034744.1 pos:13140684 chunknumber 688100 contains 417 sites
	-> Printing at chr: OZ034744.1 pos:13176869 chunknumber 688200 contains 322 sites
	-> Printing at chr: OZ034744.1 pos:13210883 chunknumber 688300 contains 354 sites
	-> Printing at chr: OZ034744.1 pos:13266838 chunknumber 688400 contains 277 sites
	-> Printing at chr: OZ034744.1 pos:13303983 chunknumber 688500 contains 383 sites
	-> Printing at chr: OZ034744.1 pos:13338509 chunknumber 688600 contains 252 sites
	-> Printing at chr: OZ034744.1 pos:13450051 chunknumber 688700 contains 316 sites
	-> Printing at chr: OZ034744.1 pos:13491571 chunknumber 688800 contains 639 sites
	-> Printing at chr: OZ034744.1 pos:13538681 chunknumber 688900 contains 356 sites
	-> Printing at chr: OZ034744.1 pos:13592678 chunknumber 689000 contains 1080 sites
	-> Printing at chr: OZ034744.1 pos:13630258 chunknumber 689100 contains 346 sites
	-> Printing at chr: OZ034744.1 pos:13667335 chunknumber 689200 contains 321 sites
	-> Printing at chr: OZ034744.1 pos:13704425 chunknumber 689300 contains 252 sites
	-> Printing at chr: OZ034744.1 pos:13739004 chunknumber 689400 contains 358 sites
	-> Printing at chr: OZ034744.1 pos:13772533 chunknumber 689500 contains 318 sites
	-> Printing at chr: OZ034744.1 pos:13806878 chunknumber 689600 contains 443 sites
	-> Printing at chr: OZ034744.1 pos:13843950 chunknumber 689700 contains 392 sites
	-> Printing at chr: OZ034744.1 pos:13885146 chunknumber 689800 contains 371 sites
	-> Printing at chr: OZ034744.1 pos:13924397 chunknumber 689900 contains 309 sites
	-> Printing at chr: OZ034744.1 pos:13962398 chunknumber 690000 contains 564 sites
	-> Printing at chr: OZ034744.1 pos:14015880 chunknumber 690100 contains 376 sites
	-> Printing at chr: OZ034744.1 pos:14051925 chunknumber 690200 contains 496 sites
	-> Printing at chr: OZ034744.1 pos:14093701 chunknumber 690300 contains 267 sites
	-> Printing at chr: OZ034744.1 pos:14130482 chunknumber 690400 contains 251 sites
	-> Printing at chr: OZ034744.1 pos:14187400 chunknumber 690500 contains 372 sites
	-> Printing at chr: OZ034744.1 pos:14224408 chunknumber 690600 contains 636 sites
	-> Printing at chr: OZ034744.1 pos:14260959 chunknumber 690700 contains 898 sites
	-> Printing at chr: OZ034744.1 pos:14298256 chunknumber 690800 contains 1070 sites
	-> Printing at chr: OZ034744.1 pos:14414233 chunknumber 690900 contains 363 sites
	-> Printing at chr: OZ034744.1 pos:14451374 chunknumber 691000 contains 255 sites
	-> Printing at chr: OZ034744.1 pos:14502767 chunknumber 691100 contains 789 sites
	-> Printing at chr: OZ034744.1 pos:14539073 chunknumber 691200 contains 351 sites
	-> Printing at chr: OZ034744.1 pos:14576508 chunknumber 691300 contains 286 sites
	-> Printing at chr: OZ034744.1 pos:14617653 chunknumber 691400 contains 467 sites
	-> Printing at chr: OZ034744.1 pos:14652187 chunknumber 691500 contains 331 sites
	-> Printing at chr: OZ034744.1 pos:14688192 chunknumber 691600 contains 251 sites
	-> Printing at chr: OZ034744.1 pos:14722957 chunknumber 691700 contains 330 sites
	-> Printing at chr: OZ034744.1 pos:14755571 chunknumber 691800 contains 403 sites
	-> Printing at chr: OZ034744.1 pos:14793676 chunknumber 691900 contains 298 sites
	-> Printing at chr: OZ034744.1 pos:14846818 chunknumber 692000 contains 1618 sites
	-> Printing at chr: OZ034744.1 pos:14893742 chunknumber 692100 contains 286 sites
	-> Printing at chr: OZ034744.1 pos:14928309 chunknumber 692200 contains 531 sites
	-> Printing at chr: OZ034744.1 pos:14966636 chunknumber 692300 contains 648 sites
	-> Printing at chr: OZ034744.1 pos:15003250 chunknumber 692400 contains 327 sites
	-> Printing at chr: OZ034744.1 pos:15049815 chunknumber 692500 contains 334 sites
	-> Printing at chr: OZ034744.1 pos:15085812 chunknumber 692600 contains 468 sites
	-> Printing at chr: OZ034744.1 pos:15120443 chunknumber 692700 contains 300 sites
	-> Printing at chr: OZ034744.1 pos:15155618 chunknumber 692800 contains 312 sites
	-> Printing at chr: OZ034744.1 pos:15191414 chunknumber 692900 contains 1983 sites
	-> Printing at chr: OZ034744.1 pos:15229575 chunknumber 693000 contains 358 sites
	-> Printing at chr: OZ034744.1 pos:15264589 chunknumber 693100 contains 430 sites
	-> Printing at chr: OZ034744.1 pos:15301161 chunknumber 693200 contains 469 sites
	-> Printing at chr: OZ034744.1 pos:15341623 chunknumber 693300 contains 273 sites
	-> Printing at chr: OZ034744.1 pos:15403513 chunknumber 693400 contains 627 sites
	-> Printing at chr: OZ034744.1 pos:15517285 chunknumber 693500 contains 1151 sites
	-> Printing at chr: OZ034744.1 pos:15562835 chunknumber 693600 contains 411 sites
	-> Printing at chr: OZ034744.1 pos:15600993 chunknumber 693700 contains 338 sites
	-> Printing at chr: OZ034744.1 pos:15637246 chunknumber 693800 contains 267 sites
	-> Printing at chr: OZ034744.1 pos:15675520 chunknumber 693900 contains 255 sites
	-> Printing at chr: OZ034744.1 pos:15713302 chunknumber 694000 contains 259 sites
	-> Printing at chr: OZ034744.1 pos:15749550 chunknumber 694100 contains 320 sites
	-> Printing at chr: OZ034744.1 pos:15785960 chunknumber 694200 contains 596 sites
	-> Printing at chr: OZ034744.1 pos:15822443 chunknumber 694300 contains 356 sites
	-> Printing at chr: OZ034744.1 pos:15858509 chunknumber 694400 contains 491 sites
	-> Printing at chr: OZ034744.1 pos:15896362 chunknumber 694500 contains 478 sites
	-> Printing at chr: OZ034744.1 pos:15930653 chunknumber 694600 contains 566 sites
	-> Printing at chr: OZ034744.1 pos:15968654 chunknumber 694700 contains 328 sites
	-> Printing at chr: OZ034744.1 pos:16033342 chunknumber 694800 contains 268 sites
	-> Printing at chr: OZ034744.1 pos:16071399 chunknumber 694900 contains 396 sites
	-> Printing at chr: OZ034744.1 pos:16104336 chunknumber 695000 contains 251 sites
	-> Printing at chr: OZ034744.1 pos:16140277 chunknumber 695100 contains 427 sites
	-> Printing at chr: OZ034744.1 pos:16175187 chunknumber 695200 contains 389 sites
	-> Printing at chr: OZ034744.1 pos:16211190 chunknumber 695300 contains 342 sites
	-> Printing at chr: OZ034744.1 pos:16252092 chunknumber 695400 contains 304 sites
	-> Printing at chr: OZ034744.1 pos:16289248 chunknumber 695500 contains 318 sites
	-> Printing at chr: OZ034744.1 pos:16325889 chunknumber 695600 contains 510 sites
	-> Printing at chr: OZ034744.1 pos:16373805 chunknumber 695700 contains 671 sites
	-> Printing at chr: OZ034744.1 pos:16411016 chunknumber 695800 contains 392 sites
	-> Printing at chr: OZ034744.1 pos:16446863 chunknumber 695900 contains 275 sites
	-> Printing at chr: OZ034744.1 pos:16484991 chunknumber 696000 contains 350 sites
	-> Printing at chr: OZ034744.1 pos:16521747 chunknumber 696100 contains 466 sites
	-> Printing at chr: OZ034744.1 pos:16559562 chunknumber 696200 contains 377 sites
	-> Printing at chr: OZ034744.1 pos:16595554 chunknumber 696300 contains 389 sites
	-> Printing at chr: OZ034744.1 pos:16647528 chunknumber 696400 contains 558 sites
	-> Printing at chr: OZ034744.1 pos:16685124 chunknumber 696500 contains 425 sites
	-> Printing at chr: OZ034744.1 pos:16721461 chunknumber 696600 contains 314 sites
	-> Printing at chr: OZ034744.1 pos:16756622 chunknumber 696700 contains 350 sites
	-> Printing at chr: OZ034744.1 pos:16792091 chunknumber 696800 contains 432 sites
	-> Printing at chr: OZ034744.1 pos:16829602 chunknumber 696900 contains 374 sites
	-> Printing at chr: OZ034744.1 pos:16866868 chunknumber 697000 contains 398 sites
	-> Printing at chr: OZ034744.1 pos:16904042 chunknumber 697100 contains 253 sites
	-> Printing at chr: OZ034744.1 pos:16951907 chunknumber 697200 contains 266 sites
	-> Printing at chr: OZ034744.1 pos:16984246 chunknumber 697300 contains 318 sites
	-> Printing at chr: OZ034744.1 pos:17019637 chunknumber 697400 contains 543 sites
	-> Printing at chr: OZ034744.1 pos:17054813 chunknumber 697500 contains 567 sites
	-> Printing at chr: OZ034744.1 pos:17090391 chunknumber 697600 contains 386 sites
	-> Printing at chr: OZ034744.1 pos:17128047 chunknumber 697700 contains 414 sites
	-> Printing at chr: OZ034744.1 pos:17164464 chunknumber 697800 contains 251 sites
	-> Printing at chr: OZ034744.1 pos:17200913 chunknumber 697900 contains 456 sites
	-> Printing at chr: OZ034744.1 pos:17236557 chunknumber 698000 contains 601 sites
	-> Printing at chr: OZ034744.1 pos:17271162 chunknumber 698100 contains 456 sites
	-> Printing at chr: OZ034744.1 pos:17308243 chunknumber 698200 contains 283 sites
	-> Printing at chr: OZ034744.1 pos:17343153 chunknumber 698300 contains 430 sites
	-> Printing at chr: OZ034744.1 pos:17380484 chunknumber 698400 contains 465 sites
	-> Printing at chr: OZ034744.1 pos:17417429 chunknumber 698500 contains 327 sites
	-> Printing at chr: OZ034744.1 pos:17454982 chunknumber 698600 contains 251 sites
	-> Region lookup 15/142
	-> Region lookup 16/142
	-> Region lookup 17/142

	-> Potential problem: The filereading has reached a chromsome: 'CAXIEY020000009.1', which is not included in your '-sites' file.
	-> Please consider limiting your analysis to the chromsomes of interest 
	-> see 'http://www.popgen.dk/angsd/index.php/Sites' for more information
	-> Program will continue reading this chromosome... 
	-> Region lookup 18/142
	-> Printing at chr: CAXIEY020000011.1 pos:7114 chunknumber 698700 contains 256 sites
	-> Region lookup 19/142
	-> Region lookup 20/142
	-> Region lookup 21/142
	-> Region lookup 22/142
	-> Region lookup 23/142
	-> Printing at chr: CAXIEY020000019.1 pos:17497 chunknumber 698800 contains 17 sites
	-> Region lookup 24/142
	-> Region lookup 25/142
	-> Region lookup 26/142

	-> Potential problem: The filereading has reached a chromsome: 'CAXIEY020000024.1', which is not included in your '-sites' file.
	-> Please consider limiting your analysis to the chromsomes of interest 
	-> see 'http://www.popgen.dk/angsd/index.php/Sites' for more information
	-> Program will continue reading this chromosome... 
	-> Region lookup 27/142
	-> Printing at chr: CAXIEY020000025.1 pos:8394 chunknumber 698900 contains 533 sites
	-> Region lookup 28/142
	-> Region lookup 29/142
	-> Region lookup 30/142
	-> Region lookup 31/142
	-> Printing at chr: CAXIEY020000031.1 pos:19919 chunknumber 699000 contains 415 sites
	-> Region lookup 32/142
	-> Region lookup 33/142
	-> Region lookup 34/142
	-> Region lookup 35/142
	-> Printing at chr: CAXIEY020000037.1 pos:45045 chunknumber 699100 contains 344 sites
	-> Region lookup 36/142
	-> Region lookup 37/142
	-> Region lookup 38/142
	-> Printing at chr: CAXIEY020000043.1 pos:51139 chunknumber 699200 contains 12 sites
	-> Region lookup 39/142
	-> Region lookup 40/142
	-> Region lookup 41/142
	-> Printing at chr: CAXIEY020000047.1 pos:8910 chunknumber 699300 contains 893 sites
	-> Region lookup 42/142
	-> Region lookup 43/142
	-> Printing at chr: CAXIEY020000052.1 pos:32098 chunknumber 699400 contains 386 sites
	-> Region lookup 44/142
	-> Region lookup 45/142
	-> Region lookup 46/142
	-> Region lookup 47/142
	-> Printing at chr: CAXIEY020000058.1 pos:1 chunknumber 699500 contains 3332 sites
	-> Region lookup 48/142
	-> Region lookup 49/142
	-> Region lookup 50/142
	-> Printing at chr: CAXIEY020000075.1 pos:28749 chunknumber 699600 contains 1089 sites
	-> Region lookup 51/142

	-> Potential problem: The filereading has reached a chromsome: 'CAXIEY020000080.1', which is not included in your '-sites' file.
	-> Please consider limiting your analysis to the chromsomes of interest 
	-> see 'http://www.popgen.dk/angsd/index.php/Sites' for more information
	-> Program will continue reading this chromosome... 
	-> Region lookup 52/142
	-> Printing at chr: CAXIEY020000081.1 pos:43795 chunknumber 699700 contains 322 sites
	-> Printing at chr: CAXIEY020000081.1 pos:80557 chunknumber 699800 contains 400 sites
	-> Region lookup 53/142
	-> Region lookup 54/142
	-> Region lookup 55/142
	-> Region lookup 56/142
	-> Printing at chr: CAXIEY020000087.1 pos:3024 chunknumber 699900 contains 390 sites
	-> Region lookup 57/142
	-> Region lookup 58/142
	-> Region lookup 59/142
	-> Region lookup 60/142
	-> Printing at chr: CAXIEY020000101.1 pos:1 chunknumber 700000 contains 495 sites
	-> Region lookup 61/142
	-> Region lookup 62/142
	-> Region lookup 63/142
	-> Region lookup 64/142
	-> Printing at chr: CAXIEY020000110.1 pos:2221 chunknumber 700100 contains 407 sites
	-> Region lookup 65/142
	-> Region lookup 66/142
	-> Region lookup 67/142
	-> Region lookup 68/142
	-> Region lookup 69/142
	-> Region lookup 70/142
	-> Printing at chr: CAXIEY020000117.1 pos:22423 chunknumber 700200 contains 3 sites
	-> Region lookup 71/142
	-> Region lookup 72/142
	-> Region lookup 73/142
	-> Printing at chr: CAXIEY020000127.1 pos:2224 chunknumber 700300 contains 417 sites
	-> Region lookup 74/142
	-> Region lookup 75/142
	-> Region lookup 76/142
	-> Region lookup 77/142
	-> Region lookup 78/142
	-> Printing at chr: CAXIEY020000141.1 pos:552 chunknumber 700400 contains 352 sites
	-> Region lookup 79/142
	-> Region lookup 80/142
	-> Region lookup 81/142
	-> Region lookup 82/142
	-> Printing at chr: CAXIEY020000154.1 pos:8881 chunknumber 700500 contains 251 sites
	-> Region lookup 83/142

	-> Potential problem: The filereading has reached a chromsome: 'CAXIEY020000155.1', which is not included in your '-sites' file.
	-> Please consider limiting your analysis to the chromsomes of interest 
	-> see 'http://www.popgen.dk/angsd/index.php/Sites' for more information
	-> Program will continue reading this chromosome... 
	-> Region lookup 84/142
	-> Region lookup 85/142

	-> Potential problem: The filereading has reached a chromsome: 'CAXIEY020000158.1', which is not included in your '-sites' file.
	-> Please consider limiting your analysis to the chromsomes of interest 
	-> see 'http://www.popgen.dk/angsd/index.php/Sites' for more information
	-> Program will continue reading this chromosome... 
	-> Region lookup 86/142

	-> Potential problem: The filereading has reached a chromsome: 'CAXIEY020000162.1', which is not included in your '-sites' file.
	-> Please consider limiting your analysis to the chromsomes of interest 
	-> see 'http://www.popgen.dk/angsd/index.php/Sites' for more information
	-> Program will continue reading this chromosome... 
	-> Region lookup 87/142
	-> Region lookup 88/142

	-> Potential problem: The filereading has reached a chromsome: 'CAXIEY020000169.1', which is not included in your '-sites' file.
	-> Please consider limiting your analysis to the chromsomes of interest 
	-> see 'http://www.popgen.dk/angsd/index.php/Sites' for more information
	-> Program will continue reading this chromosome... 
	-> Region lookup 89/142
	-> Printing at chr: CAXIEY020000174.1 pos:2969 chunknumber 700600 contains 296 sites
	-> Region lookup 90/142
	-> Region lookup 91/142
	-> Region lookup 92/142

	-> Potential problem: The filereading has reached a chromsome: 'CAXIEY020000180.1', which is not included in your '-sites' file.
	-> Please consider limiting your analysis to the chromsomes of interest 
	-> see 'http://www.popgen.dk/angsd/index.php/Sites' for more information
	-> Program will continue reading this chromosome... 
	-> Region lookup 93/142
	-> Region lookup 94/142
	-> Printing at chr: CAXIEY020000185.1 pos:8513 chunknumber 700700 contains 773 sites
	-> Region lookup 95/142
	-> Printing at chr: CAXIEY020000186.1 pos:186626 chunknumber 700800 contains 350 sites
	-> Region lookup 96/142
	-> Region lookup 97/142

	-> Potential problem: The filereading has reached a chromsome: 'CAXIEY020000189.1', which is not included in your '-sites' file.
	-> Please consider limiting your analysis to the chromsomes of interest 
	-> see 'http://www.popgen.dk/angsd/index.php/Sites' for more information
	-> Program will continue reading this chromosome... 
	-> Region lookup 98/142
	-> Printing at chr: CAXIEY020000191.1 pos:16311 chunknumber 700900 contains 365 sites
	-> Region lookup 99/142
	-> Region lookup 100/142
	-> Region lookup 101/142
	-> Region lookup 102/142
	-> Region lookup 103/142
	-> Printing at chr: CAXIEY020000206.1 pos:4327 chunknumber 701000 contains 368 sites
	-> Printing at chr: CAXIEY020000206.1 pos:37640 chunknumber 701100 contains 347 sites
	-> Printing at chr: CAXIEY020000206.1 pos:74318 chunknumber 701200 contains 368 sites
	-> Printing at chr: CAXIEY020000206.1 pos:110415 chunknumber 701300 contains 347 sites
	-> Region lookup 104/142
	-> Region lookup 105/142
	-> Printing at chr: CAXIEY020000208.1 pos:17392 chunknumber 701400 contains 725 sites
	-> Region lookup 106/142
	-> Printing at chr: CAXIEY020000211.1 pos:66813 chunknumber 701500 contains 310 sites
	-> Region lookup 107/142
	-> Region lookup 108/142
	-> Printing at chr: CAXIEY020000214.1 pos:7896 chunknumber 701600 contains 358 sites
	-> Region lookup 109/142

	-> Potential problem: The filereading has reached a chromsome: 'CAXIEY020000215.1', which is not included in your '-sites' file.
	-> Please consider limiting your analysis to the chromsomes of interest 
	-> see 'http://www.popgen.dk/angsd/index.php/Sites' for more information
	-> Program will continue reading this chromosome... 
	-> Region lookup 110/142

	-> Potential problem: The filereading has reached a chromsome: 'CAXIEY020000218.1', which is not included in your '-sites' file.
	-> Please consider limiting your analysis to the chromsomes of interest 
	-> see 'http://www.popgen.dk/angsd/index.php/Sites' for more information
	-> Program will continue reading this chromosome... 
	-> Region lookup 111/142
	-> Region lookup 112/142
	-> Printing at chr: CAXIEY020000222.1 pos:7251 chunknumber 701700 contains 560 sites
	-> Region lookup 113/142
	-> Printing at chr: CAXIEY020000226.1 pos:807 chunknumber 701800 contains 253 sites
	-> Region lookup 114/142
	-> Region lookup 115/142
	-> Printing at chr: CAXIEY020000228.1 pos:108257 chunknumber 701900 contains 4122 sites
	-> Region lookup 116/142
	-> Printing at chr: CAXIEY020000229.1 pos:48805 chunknumber 702000 contains 256 sites
	-> Region lookup 117/142
	-> Region lookup 118/142
	-> Region lookup 119/142
	-> Printing at chr: CAXIEY020000235.1 pos:59747 chunknumber 702100 contains 1089 sites
	-> Region lookup 120/142
	-> Region lookup 121/142
	-> Region lookup 122/142
	-> Printing at chr: CAXIEY020000240.1 pos:25467 chunknumber 702200 contains 60 sites
	-> Region lookup 123/142
	-> Region lookup 124/142
	-> Region lookup 125/142

	-> Potential problem: The filereading has reached a chromsome: 'CAXIEY020000246.1', which is not included in your '-sites' file.
	-> Please consider limiting your analysis to the chromsomes of interest 
	-> see 'http://www.popgen.dk/angsd/index.php/Sites' for more information
	-> Program will continue reading this chromosome... 
	-> Region lookup 126/142
	-> Region lookup 127/142
	-> Region lookup 128/142
	-> Printing at chr: CAXIEY020000249.1 pos:1922 chunknumber 702300 contains 11 sites
	-> Region lookup 129/142
	-> Region lookup 130/142
	-> Printing at chr: CAXIEY020000252.1 pos:25050 chunknumber 702400 contains 517 sites
	-> Region lookup 131/142
	-> Printing at chr: CAXIEY020000257.1 pos:5794 chunknumber 702500 contains 324 sites
	-> Region lookup 132/142
	-> Region lookup 133/142

	-> Potential problem: The filereading has reached a chromsome: 'CAXIEY020000262.1', which is not included in your '-sites' file.
	-> Please consider limiting your analysis to the chromsomes of interest 
	-> see 'http://www.popgen.dk/angsd/index.php/Sites' for more information
	-> Program will continue reading this chromosome... 
	-> Region lookup 134/142

	-> Potential problem: The filereading has reached a chromsome: 'CAXIEY020000264.1', which is not included in your '-sites' file.
	-> Please consider limiting your analysis to the chromsomes of interest 
	-> see 'http://www.popgen.dk/angsd/index.php/Sites' for more information
	-> Program will continue reading this chromosome... 
	-> Region lookup 135/142
	-> Region lookup 136/142
	-> Printing at chr: CAXIEY020000269.1 pos:25740 chunknumber 702600 contains 256 sites
	-> Region lookup 137/142
	-> Region lookup 138/142
	-> Region lookup 139/142
	-> Printing at chr: CAXIEY020000274.1 pos:27054 chunknumber 702700 contains 380 sites
	-> Region lookup 140/142
	-> Region lookup 141/142
	-> Region lookup 142/142
	-> Printing at chr: OZ034745.1 pos:2009 chunknumber 702800 contains 251 sites

	-> Done reading data waiting for calculations to finish
	-> Done waiting for threads
	-> Output filenames:
		->"/scratch/nmnh_corals/connellym/projects/etp_pocillopora_gskim/outputs/angsd/final_noclones/final_noclones_noLD_pgra_himb_filtered.arg"
		->"/scratch/nmnh_corals/connellym/projects/etp_pocillopora_gskim/outputs/angsd/final_noclones/final_noclones_noLD_pgra_himb_filtered.pos.gz"
		->"/scratch/nmnh_corals/connellym/projects/etp_pocillopora_gskim/outputs/angsd/final_noclones/final_noclones_noLD_pgra_himb_filtered.counts.gz"
		->"/scratch/nmnh_corals/connellym/projects/etp_pocillopora_gskim/outputs/angsd/final_noclones/final_noclones_noLD_pgra_himb_filtered.beagle.gz"
		->"/scratch/nmnh_corals/connellym/projects/etp_pocillopora_gskim/outputs/angsd/final_noclones/final_noclones_noLD_pgra_himb_filtered.mafs.gz"
		->"/scratch/nmnh_corals/connellym/projects/etp_pocillopora_gskim/outputs/angsd/final_noclones/final_noclones_noLD_pgra_himb_filtered.hwe.gz"
		->"/scratch/nmnh_corals/connellym/projects/etp_pocillopora_gskim/outputs/angsd/final_noclones/final_noclones_noLD_pgra_himb_filtered.geno.gz"
		->"/scratch/nmnh_corals/connellym/projects/etp_pocillopora_gskim/outputs/angsd/final_noclones/final_noclones_noLD_pgra_himb_filtered.snpStat.gz"
		->"/scratch/nmnh_corals/connellym/projects/etp_pocillopora_gskim/outputs/angsd/final_noclones/final_noclones_noLD_pgra_himb_filtered.ibs.gz"
		->"/scratch/nmnh_corals/connellym/projects/etp_pocillopora_gskim/outputs/angsd/final_noclones/final_noclones_noLD_pgra_himb_filtered.ibsMat"
		->"/scratch/nmnh_corals/connellym/projects/etp_pocillopora_gskim/outputs/angsd/final_noclones/final_noclones_noLD_pgra_himb_filtered.covMat"
	-> Fri Sep 13 23:15:02 2024
	-> Arguments and parameters for all analysis are located in .arg file
	-> Total number of sites analyzed: 346077608
	-> Number of sites retained after filtering: 1310435 
	[ALL done] cpu-time used =  47898.95 sec
	[ALL done] walltime used =  43059.00 sec
1310436
= Fri Sep 13 23:15:04 EDT 2024 job angsd_noLD_pgra_himb done
