+ Fri Mar 15 12:52:31 EDT 2024 job angsd_noLD started in mThM.q with jobID=24069610 on compute-65-11
+ NSLOTS = 16
 These are the samples to be processed: BahiaCulebra_10_S28
BahiaCulebra_14_S32
BahiaCulebra_16_S34
BahiaCulebra_19_S37
BahiaCulebra_20_S38
BahiaCulebra_21_S39
BahiaCulebra_22_S40
BahiaCulebra_23_S41
BahiaCulebra_25_S43
BahiaCulebra_26_S44
BahiaCulebra_27_S45
BahiaCulebra_29_S47
BahiaCulebra_8_S26
BahiaCulebra_9_S27
Clip_01_S154
Clip_02_S199
Clip_03_S200
Clip_15_S201
Clip_16_S155
Clip_19_S202
Clip_21_S203
Clip_26_S204
Coco_611_AP3XF77_S91
Coco_612_AP3XF78_S92
Coco_613_AP3XF79_S93
Coco_614_AP3XF80_S94
Coco_615_AP3XF81_S95
Coco_616_AP3XF82_S96
Coco_617_AP3XF83_S97
Coco_618_AP3XF84_S98
Coco_619_AP3XF85_S99
Coco_620_AP3XF86_S100
Coco_621_AP3XF87_S101
Coco_644_AP3XF88_S102
Coco_645_AP3XF89_S103
Coco_646_AP3XF90_S145
Coco_647_AP3XF91_S146
Coco_648_AP3XF92_S106
Coco_649_AP3XF93_S107
Coco_650_AP3XF94_S108
Coco_651_AP3XF95_S109
Coco_652_AP3XF96_S110
Coco_653_AP3XF97_S111
Coco_654_AP3XF98_S112
Coco_655_AP3XF99_S113
Coco_656_AP3XG00_S114
Coco_657_AP3XG01_S147
Coco_658_AP3XG02_S148
Coco_659_AP3XG03_S149
Coco_660_AP3XG04_S150
Coco_661_AP3XG05_S151
Coco_662_AP3XG06_S152
Coco_664_AP3XG08_S153
Coco_665_AP3XG09_S170
Coco_666_AP3XG10_S171
Coco_667_AP3XG11_S172
Coco_668_AP3XG12_S173
Coiba_677_AP3XF57_S135
Coiba_680_AP3XF41_S136
Coiba_682_AP3XF51_S137
Coiba_683_AP3XF56_S138
Coiba_684_AP3XF75_S81
Coiba_685_AP3XF43_S71
Coiba_686_AP3XF47_S156
Coiba_688_AP3XF58_S160
Coiba_691_AP3XF49_S158
Coiba_693_AP3XF45_S154
Coiba_694_AP3XF73_S79
Coiba_696_AP3XF67_S70
Coiba_697_AP3XF37_S139
Coiba_698_AP3XF39_S133
Coiba_900_AP3XF69_S75
Coiba_901_AP3XF53_S140
Coiba_902_AP3XF54_S141
Coiba_903_AP3XF59_S161
Coiba_904_AP3XF68_S142
Coiba_906_AP3XF65_S68
Coiba_907_AP3XF62_S164
Coiba_908_AP3XF72_S78
Coiba_909_AP3XF42_S134
Coiba_910_AP3XF46_S155
Coiba_914_AP3XF63_S165
Coiba_915_AP3XF66_S69
Coiba_918_AP3XF74_S80
Coiba_919_AP3XF76_S82
Coiba_920_AP3XF71_S77
Coiba_922_AP3XF60_S162
Coiba_925_AP3XF61_S163
Coiba_926_AP3XF52_S143
Coiba_927_AP3XF48_S157
Coiba_928_AP3XF50_S159
Coiba_929_AP3XF38_S47
Coiba_930_AP3XF44_S72
Coiba_931_AP3XF40_S144
Darwin_1A_S85
Darwin_2A_S86
Darwin_3A_S87
Darwin_4A_S88
Darwin_534_S67
Darwin_539_S60
Darwin_548_S62
Darwin_549_S76
Darwin_550_S77
Darwin_551_S78
Darwin_553_S68
Darwin_556_S74
Darwin_557_S79
Darwin_558_S63
Darwin_563b_S64
Darwin_564_S80
Darwin_567_S81
Darwin_576_S65
Darwin_584_S82
Darwin_591_S84
Darwin_594_S75
Darwin_5A_S89
Darwin_617_S66
Espanola_1A_S90
Espanola_2A_S91
Espanola_3A_S92
Espanola_4A_S93
Espanola_5A_S94
Floreana_2E_S96
Floreana_473_S59
Floreana_581_S70
Floreana_584_S71
Floreana_589_S72
Floreana_590_S73
GolfoDulce_12_S52
GolfoDulce_18_S53
GolfoDulce_20_S54
GolfoDulce_21_S55
GolfoDulce_22_S56
GolfoDulce_23_S57
GolfoDulce_25_S58
GolfoDulce_26_S59
GolfoDulce_2_S49
GolfoDulce_30_S60
GolfoDulce_31_S61
GolfoDulce_37_S64
GolfoDulce_47_S65
GolfoDulce_8_S50
Gorgona_121_S24
Gorgona_123_S25
Gorgona_126_S28
Gorgona_129_S31
Gorgona_131_S33
Gorgona_132_S34
Gorgona_134_S35
Gorgona_135_S36
Gorgona_142_S37
Gorgona_143_S38
Gorgona_144_S39
Gorgona_146_S41
Gorgona_147_S42
Gorgona_149_S43
Gorgona_167_S47
Gorgona_171_S49
Gorgona_173_S50
Gorgona_179_S51
Gorgona_180_S52
Gorgona_26_S5
Gorgona_27_S6
Gorgona_28_S7
Gorgona_31_S9
Gorgona_44_S11
Gorgona_47_S13
Gorgona_49_S14
Gorgona_71_S17
Gorgona_73_S19
Gorgona_76_S22
Gorgona_77_S23
Gorgona_78_S54
Isabela_2E_S101
PAN_05_S174
PAN_10_S175
PAN_32_S176
PAN_34_S177
PAN_35_S178
PAN_37_S179
PAN_43_S182
PAN_78_S184
PAN_83_S186
Perlas_333_AP3XG24_S58
Perlas_334_AP3XG25_S125
Perlas_336_AP3XG27_S126
Perlas_337b_AP3XG28_S127
Perlas_338_AP3XG29_S128
Perlas_340_AP3XG31_S168
Perlas_342_AP3XG33_S129
Perlas_348_AP3XG39_S131
Perlas_349_AP3XG40_S132
Perlas_352_AP3XG43_S85
Perlas_358_AP3XG49_S123
Perlas_359_AP3XG50_S124
Perlas_364_AP3XG55_S129
Perlas_366_AP3XG57_S131
Perlas_367_AP3XG58_S132
Perlas_371_AP3XG62_S136
Perlas_372_AP3XG63_S137
Perlas_373_AP3XG64_S138
Perlas_374_AP3XG65_S139
Perlas_375_AP3XG66_S140
Perlas_376_AP3XG67_S141
Perlas_402_AP3XG69_S143
Perlas_403_AP3XG70_S144
Perlas_406_AP3XG73_S147
Perlas_407_AP3XG74_S148
Perlas_408_AP3XG75_S149
Perlas_410_AP3XG77_S151
Perlas_411_AP3XG78_S152
Perlas_412_AP3XG79_S153
SanCristobal_1A_S110
SanCristobal_3A_S112
SanCristobal_5A_S114
SantaCruz_1A_S105
Secas_299_S55
Secas_303_S57
URA_12_S187
URA_51_S189
Wolf_1E_S115
Wolf2_2E_S121
Wolf2_3E_S122
Wolf2_4E_S123
Wolf2_5E_S124
Wolf_2E_S116
Wolf_3E_S117
Wolf_4E_S118
Wolf_5E_S119, there are 229 in total
	-> angsd version: 0.940-dirty (htslib: 1.19) build(May 18 2023 16:53:32)
	-> angsd -sites /scratch/nmnh_corals/connellym/projects/etp_pocillopora_gskim/outputs/angsd/final_noclones/final_noclones_noLD_sorted_v3.sites.txt -rf /scratch/nmnh_corals/connellym/projects/etp_pocillopora_gskim/outputs/angsd/final_noclones/final_noclones_noLD.SczhEnG_v3.txt -b /scratch/nmnh_corals/connellym/projects/etp_pocillopora_gskim/outputs/angsd/final_noclones/final_noclones_bamfile.txt -GL 1 -uniqueOnly 1 -remove_bads 1 -minMapQ 30 -minQ 30 -dosnpstat 1 -doHWE 1 -sb_pval 1e-5 -hetbias_pval 1e-5 -skipTriallelic 1 -minInd 195 -snp_pval 1e-5 -minMaf 0.05 -doMajorMinor 1 -doMaf 1 -doCounts 1 -dumpCounts 2 -makeMatrix 1 -doIBS 1 -doCov 1 -doGeno 8 -doPost 1 -doGlf 2 -P 16 -out /scratch/nmnh_corals/connellym/projects/etp_pocillopora_gskim/outputs/angsd/final_noclones/final_noclones_noLD_filtered 
	-> Inputtype is BAM/CRAM
[multiReader] 229 samples in 229 input files
	-> You have choosen to supply a very high number of threads. The number of threads will be capped at 8
	-> [prep_sites.cpp] Reading binary representation of '/scratch/nmnh_corals/connellym/projects/etp_pocillopora_gskim/outputs/angsd/final_noclones/final_noclones_noLD_sorted_v3.sites.txt'
	-> [prep_sites.cpp] nChr: 1139 loaded from binary filter file
	-> [abcFilter.cpp] -sites is still beta, use at own risk...
	-> SNP-filter using a pvalue: 1.000000e-05 correspond to 19.511421 likelihood units
	-> Parsing 229 number of samples 
	-> Region lookup 1/1139

	-> Allocated ~ 10 million nodes to the nodepool, this is not an estimate of the memory usage
	-> Printing at chr: SczhEnG_5 pos:32039 chunknumber 100 contains 251 sites

	-> Allocated ~ 20 million nodes to the nodepool, this is not an estimate of the memory usage

	-> Allocated ~ 30 million nodes to the nodepool, this is not an estimate of the memory usage
	-> Printing at chr: SczhEnG_5 pos:70549 chunknumber 200 contains 1608 sites
	-> Printing at chr: SczhEnG_5 pos:107630 chunknumber 300 contains 318 sites
	-> Region lookup 2/1139
	-> Printing at chr: SczhEnG_9 pos:28241 chunknumber 400 contains 360 sites
	-> Printing at chr: SczhEnG_9 pos:64131 chunknumber 500 contains 254 sites
	-> Printing at chr: SczhEnG_9 pos:99096 chunknumber 600 contains 251 sites

	-> Allocated ~ 40 million nodes to the nodepool, this is not an estimate of the memory usage

	-> Allocated ~ 50 million nodes to the nodepool, this is not an estimate of the memory usage
	-> Printing at chr: SczhEnG_9 pos:144431 chunknumber 700 contains 1240 sites
	-> Printing at chr: SczhEnG_9 pos:188546 chunknumber 800 contains 254 sites
	-> Printing at chr: SczhEnG_9 pos:223334 chunknumber 900 contains 259 sites
	-> Printing at chr: SczhEnG_9 pos:258032 chunknumber 1000 contains 402 sites
	-> Printing at chr: SczhEnG_9 pos:297089 chunknumber 1100 contains 251 sites
	-> Region lookup 3/1139
	-> Printing at chr: SczhEnG_10 pos:30614 chunknumber 1200 contains 1030 sites
	-> Printing at chr: SczhEnG_10 pos:64950 chunknumber 1300 contains 350 sites
	-> Printing at chr: SczhEnG_10 pos:100727 chunknumber 1400 contains 364 sites
	-> Printing at chr: SczhEnG_10 pos:135718 chunknumber 1500 contains 319 sites
	-> Printing at chr: SczhEnG_10 pos:167953 chunknumber 1600 contains 256 sites
	-> Printing at chr: SczhEnG_10 pos:203477 chunknumber 1700 contains 316 sites
	-> Printing at chr: SczhEnG_10 pos:236096 chunknumber 1800 contains 251 sites
	-> Printing at chr: SczhEnG_10 pos:272618 chunknumber 1900 contains 401 sites
	-> Printing at chr: SczhEnG_10 pos:308233 chunknumber 2000 contains 253 sites
	-> Printing at chr: SczhEnG_10 pos:344582 chunknumber 2100 contains 482 sites
	-> Printing at chr: SczhEnG_10 pos:379975 chunknumber 2200 contains 328 sites
	-> Printing at chr: SczhEnG_10 pos:414309 chunknumber 2300 contains 484 sites
	-> Printing at chr: SczhEnG_10 pos:448288 chunknumber 2400 contains 346 sites
	-> Printing at chr: SczhEnG_10 pos:484725 chunknumber 2500 contains 295 sites
	-> Printing at chr: SczhEnG_10 pos:517461 chunknumber 2600 contains 310 sites
	-> Printing at chr: SczhEnG_10 pos:553390 chunknumber 2700 contains 253 sites
	-> Printing at chr: SczhEnG_10 pos:588752 chunknumber 2800 contains 260 sites
	-> Printing at chr: SczhEnG_10 pos:623169 chunknumber 2900 contains 286 sites
	-> Printing at chr: SczhEnG_10 pos:656367 chunknumber 3000 contains 439 sites
	-> Printing at chr: SczhEnG_10 pos:690209 chunknumber 3100 contains 256 sites
	-> Printing at chr: SczhEnG_10 pos:722865 chunknumber 3200 contains 366 sites
	-> Printing at chr: SczhEnG_10 pos:757338 chunknumber 3300 contains 359 sites
	-> Printing at chr: SczhEnG_10 pos:791260 chunknumber 3400 contains 291 sites
	-> Region lookup 4/1139

	-> Allocated ~ 60 million nodes to the nodepool, this is not an estimate of the memory usage

	-> Allocated ~ 70 million nodes to the nodepool, this is not an estimate of the memory usage

	-> Allocated ~ 80 million nodes to the nodepool, this is not an estimate of the memory usage

	-> Allocated ~ 90 million nodes to the nodepool, this is not an estimate of the memory usage
	-> Printing at chr: SczhEnG_11 pos:34923 chunknumber 3500 contains 251 sites
	-> Region lookup 5/1139
	-> Printing at chr: SczhEnG_12 pos:23294 chunknumber 3600 contains 395 sites
	-> Printing at chr: SczhEnG_12 pos:58544 chunknumber 3700 contains 252 sites
	-> Printing at chr: SczhEnG_12 pos:89797 chunknumber 3800 contains 277 sites
	-> Region lookup 6/1139
	-> Region lookup 7/1139
	-> Printing at chr: SczhEnG_21 pos:272 chunknumber 3900 contains 253 sites
	-> Printing at chr: SczhEnG_21 pos:34097 chunknumber 4000 contains 397 sites
	-> Printing at chr: SczhEnG_21 pos:70878 chunknumber 4100 contains 309 sites
	-> Printing at chr: SczhEnG_21 pos:107331 chunknumber 4200 contains 257 sites
	-> Printing at chr: SczhEnG_21 pos:143689 chunknumber 4300 contains 307 sites
	-> Region lookup 8/1139
	-> Printing at chr: SczhEnG_23 pos:2252 chunknumber 4400 contains 253 sites
	-> Region lookup 9/1139
	-> Printing at chr: SczhEnG_24 pos:4728 chunknumber 4500 contains 408 sites
	-> Printing at chr: SczhEnG_24 pos:40631 chunknumber 4600 contains 344 sites
	-> Printing at chr: SczhEnG_24 pos:77214 chunknumber 4700 contains 254 sites
	-> Printing at chr: SczhEnG_24 pos:112907 chunknumber 4800 contains 389 sites
	-> Region lookup 10/1139
	-> Printing at chr: SczhEnG_34 pos:19742 chunknumber 4900 contains 171 sites
	-> Region lookup 11/1139
	-> Printing at chr: SczhEnG_47 pos:24787 chunknumber 5000 contains 254 sites
	-> Region lookup 12/1139
	-> Printing at chr: SczhEnG_49 pos:42765 chunknumber 5100 contains 445 sites
	-> Region lookup 13/1139
	-> Printing at chr: SczhEnG_50 pos:32884 chunknumber 5200 contains 469 sites
	-> Printing at chr: SczhEnG_50 pos:66995 chunknumber 5300 contains 251 sites
	-> Printing at chr: SczhEnG_50 pos:112717 chunknumber 5400 contains 306 sites
	-> Printing at chr: SczhEnG_50 pos:149258 chunknumber 5500 contains 340 sites
	-> Region lookup 14/1139
	-> Printing at chr: SczhEnG_54 pos:2608 chunknumber 5600 contains 331 sites
	-> Printing at chr: SczhEnG_54 pos:39141 chunknumber 5700 contains 252 sites
	-> Region lookup 15/1139
	-> Printing at chr: SczhEnG_58 pos:28119 chunknumber 5800 contains 469 sites
	-> Printing at chr: SczhEnG_58 pos:69873 chunknumber 5900 contains 281 sites
	-> Region lookup 16/1139
	-> Printing at chr: SczhEnG_59 pos:14915 chunknumber 6000 contains 364 sites
	-> Region lookup 17/1139
	-> Printing at chr: SczhEnG_62 pos:37425 chunknumber 6100 contains 251 sites
	-> Region lookup 18/1139
	-> Printing at chr: SczhEnG_64 pos:26009 chunknumber 6200 contains 435 sites
	-> Printing at chr: SczhEnG_64 pos:60420 chunknumber 6300 contains 365 sites
	-> Region lookup 19/1139
	-> Printing at chr: SczhEnG_65 pos:14887 chunknumber 6400 contains 259 sites
	-> Printing at chr: SczhEnG_65 pos:49779 chunknumber 6500 contains 327 sites
	-> Printing at chr: SczhEnG_65 pos:85371 chunknumber 6600 contains 405 sites
	-> Printing at chr: SczhEnG_65 pos:122002 chunknumber 6700 contains 269 sites
	-> Printing at chr: SczhEnG_65 pos:157300 chunknumber 6800 contains 302 sites
	-> Printing at chr: SczhEnG_65 pos:189609 chunknumber 6900 contains 352 sites
	-> Printing at chr: SczhEnG_65 pos:224111 chunknumber 7000 contains 257 sites
	-> Printing at chr: SczhEnG_65 pos:259356 chunknumber 7100 contains 252 sites
	-> Printing at chr: SczhEnG_65 pos:295843 chunknumber 7200 contains 467 sites
	-> Printing at chr: SczhEnG_65 pos:330194 chunknumber 7300 contains 737 sites
	-> Printing at chr: SczhEnG_65 pos:367710 chunknumber 7400 contains 447 sites
	-> Printing at chr: SczhEnG_65 pos:409275 chunknumber 7500 contains 747 sites
	-> Printing at chr: SczhEnG_65 pos:445927 chunknumber 7600 contains 356 sites
	-> Printing at chr: SczhEnG_65 pos:478999 chunknumber 7700 contains 347 sites
	-> Printing at chr: SczhEnG_65 pos:515703 chunknumber 7800 contains 411 sites
	-> Printing at chr: SczhEnG_65 pos:550293 chunknumber 7900 contains 267 sites
	-> Region lookup 20/1139
	-> Printing at chr: SczhEnG_67 pos:26187 chunknumber 8000 contains 311 sites
	-> Region lookup 21/1139
	-> Region lookup 22/1139
	-> Printing at chr: SczhEnG_73 pos:28919 chunknumber 8100 contains 245 sites
	-> Printing at chr: SczhEnG_74 pos:56973 chunknumber 8200 contains 960 sites
	-> Printing at chr: SczhEnG_74 pos:98327 chunknumber 8300 contains 263 sites
	-> Printing at chr: SczhEnG_74 pos:127544 chunknumber 8400 contains 254 sites
	-> Printing at chr: SczhEnG_74 pos:168726 chunknumber 8500 contains 320 sites
	-> Printing at chr: SczhEnG_74 pos:203553 chunknumber 8600 contains 261 sites
	-> Printing at chr: SczhEnG_74 pos:239279 chunknumber 8700 contains 297 sites
	-> Printing at chr: SczhEnG_74 pos:272693 chunknumber 8800 contains 261 sites
	-> Printing at chr: SczhEnG_74 pos:306461 chunknumber 8900 contains 258 sites
	-> Printing at chr: SczhEnG_74 pos:341234 chunknumber 9000 contains 535 sites
	-> Printing at chr: SczhEnG_74 pos:377247 chunknumber 9100 contains 733 sites
	-> Printing at chr: SczhEnG_74 pos:424226 chunknumber 9200 contains 362 sites
	-> Printing at chr: SczhEnG_74 pos:470076 chunknumber 9300 contains 393 sites
	-> Printing at chr: SczhEnG_74 pos:507057 chunknumber 9400 contains 378 sites
	-> Printing at chr: SczhEnG_74 pos:541520 chunknumber 9500 contains 351 sites
	-> Printing at chr: SczhEnG_74 pos:577547 chunknumber 9600 contains 372 sites
	-> Printing at chr: SczhEnG_74 pos:613280 chunknumber 9700 contains 259 sites
	-> Printing at chr: SczhEnG_74 pos:642170 chunknumber 9800 contains 643 sites
	-> Region lookup 23/1139
	-> Printing at chr: SczhEnG_76 pos:23311 chunknumber 9900 contains 256 sites
	-> Printing at chr: SczhEnG_76 pos:59714 chunknumber 10000 contains 277 sites
	-> Printing at chr: SczhEnG_76 pos:108060 chunknumber 10100 contains 270 sites
	-> Printing at chr: SczhEnG_76 pos:140763 chunknumber 10200 contains 376 sites
	-> Printing at chr: SczhEnG_76 pos:175731 chunknumber 10300 contains 460 sites
	-> Printing at chr: SczhEnG_76 pos:209703 chunknumber 10400 contains 282 sites
	-> Region lookup 24/1139
	-> Printing at chr: SczhEnG_85 pos:21126 chunknumber 10500 contains 252 sites
	-> Printing at chr: SczhEnG_85 pos:53905 chunknumber 10600 contains 343 sites
	-> Printing at chr: SczhEnG_85 pos:87564 chunknumber 10700 contains 408 sites
	-> Printing at chr: SczhEnG_85 pos:126836 chunknumber 10800 contains 375 sites
	-> Printing at chr: SczhEnG_85 pos:159592 chunknumber 10900 contains 287 sites
	-> Printing at chr: SczhEnG_85 pos:193478 chunknumber 11000 contains 297 sites
	-> Printing at chr: SczhEnG_85 pos:231897 chunknumber 11100 contains 286 sites
	-> Printing at chr: SczhEnG_85 pos:269080 chunknumber 11200 contains 415 sites
	-> Printing at chr: SczhEnG_85 pos:304538 chunknumber 11300 contains 381 sites
	-> Printing at chr: SczhEnG_85 pos:344455 chunknumber 11400 contains 296 sites
	-> Printing at chr: SczhEnG_85 pos:379469 chunknumber 11500 contains 301 sites
	-> Printing at chr: SczhEnG_85 pos:408977 chunknumber 11600 contains 313 sites
	-> Printing at chr: SczhEnG_85 pos:440373 chunknumber 11700 contains 251 sites
	-> Printing at chr: SczhEnG_85 pos:470043 chunknumber 11800 contains 338 sites
	-> Printing at chr: SczhEnG_85 pos:505067 chunknumber 11900 contains 326 sites
	-> Printing at chr: SczhEnG_85 pos:540104 chunknumber 12000 contains 256 sites
	-> Region lookup 25/1139
	-> Printing at chr: SczhEnG_86 pos:31764 chunknumber 12100 contains 255 sites
	-> Printing at chr: SczhEnG_86 pos:68014 chunknumber 12200 contains 447 sites
	-> Printing at chr: SczhEnG_86 pos:104007 chunknumber 12300 contains 350 sites
	-> Printing at chr: SczhEnG_86 pos:139283 chunknumber 12400 contains 420 sites
	-> Printing at chr: SczhEnG_86 pos:176956 chunknumber 12500 contains 251 sites
	-> Printing at chr: SczhEnG_86 pos:213072 chunknumber 12600 contains 264 sites
	-> Printing at chr: SczhEnG_86 pos:248817 chunknumber 12700 contains 339 sites
	-> Printing at chr: SczhEnG_86 pos:283510 chunknumber 12800 contains 456 sites
	-> Region lookup 26/1139
	-> Printing at chr: SczhEnG_90 pos:30131 chunknumber 12900 contains 254 sites
	-> Region lookup 27/1139
	-> Printing at chr: SczhEnG_92 pos:26823 chunknumber 13000 contains 396 sites
	-> Region lookup 28/1139
	-> Printing at chr: SczhEnG_93 pos:22583 chunknumber 13100 contains 272 sites
	-> Printing at chr: SczhEnG_93 pos:58477 chunknumber 13200 contains 383 sites
	-> Printing at chr: SczhEnG_93 pos:98477 chunknumber 13300 contains 471 sites
	-> Printing at chr: SczhEnG_93 pos:136083 chunknumber 13400 contains 342 sites
	-> Printing at chr: SczhEnG_93 pos:171742 chunknumber 13500 contains 254 sites
	-> Region lookup 29/1139
	-> Printing at chr: SczhEnG_99 pos:4157 chunknumber 13600 contains 283 sites
	-> Printing at chr: SczhEnG_99 pos:40864 chunknumber 13700 contains 403 sites
	-> Printing at chr: SczhEnG_99 pos:75327 chunknumber 13800 contains 324 sites
	-> Printing at chr: SczhEnG_99 pos:111402 chunknumber 13900 contains 275 sites
	-> Printing at chr: SczhEnG_99 pos:146496 chunknumber 14000 contains 286 sites
	-> Printing at chr: SczhEnG_99 pos:184853 chunknumber 14100 contains 254 sites
	-> Printing at chr: SczhEnG_99 pos:221162 chunknumber 14200 contains 290 sites
	-> Printing at chr: SczhEnG_99 pos:256378 chunknumber 14300 contains 281 sites
	-> Printing at chr: SczhEnG_99 pos:293658 chunknumber 14400 contains 254 sites
	-> Printing at chr: SczhEnG_99 pos:332632 chunknumber 14500 contains 455 sites
	-> Printing at chr: SczhEnG_99 pos:366986 chunknumber 14600 contains 283 sites
	-> Printing at chr: SczhEnG_99 pos:402855 chunknumber 14700 contains 872 sites
	-> Printing at chr: SczhEnG_99 pos:439319 chunknumber 14800 contains 452 sites
	-> Printing at chr: SczhEnG_99 pos:474765 chunknumber 14900 contains 359 sites
	-> Printing at chr: SczhEnG_99 pos:508971 chunknumber 15000 contains 383 sites
	-> Printing at chr: SczhEnG_99 pos:541943 chunknumber 15100 contains 252 sites
	-> Printing at chr: SczhEnG_99 pos:573694 chunknumber 15200 contains 455 sites
	-> Printing at chr: SczhEnG_99 pos:609474 chunknumber 15300 contains 409 sites
	-> Printing at chr: SczhEnG_99 pos:641246 chunknumber 15400 contains 268 sites
	-> Printing at chr: SczhEnG_99 pos:674181 chunknumber 15500 contains 267 sites
	-> Printing at chr: SczhEnG_99 pos:708528 chunknumber 15600 contains 296 sites
	-> Printing at chr: SczhEnG_99 pos:747418 chunknumber 15700 contains 251 sites
	-> Printing at chr: SczhEnG_99 pos:784460 chunknumber 15800 contains 385 sites
	-> Printing at chr: SczhEnG_99 pos:820899 chunknumber 15900 contains 257 sites
	-> Region lookup 30/1139
	-> Printing at chr: SczhEnG_101 pos:21366 chunknumber 16000 contains 285 sites
	-> Printing at chr: SczhEnG_101 pos:57534 chunknumber 16100 contains 464 sites
	-> Printing at chr: SczhEnG_101 pos:90889 chunknumber 16200 contains 414 sites
	-> Printing at chr: SczhEnG_101 pos:125489 chunknumber 16300 contains 339 sites
	-> Printing at chr: SczhEnG_101 pos:159897 chunknumber 16400 contains 264 sites
	-> Printing at chr: SczhEnG_101 pos:194561 chunknumber 16500 contains 438 sites
	-> Printing at chr: SczhEnG_101 pos:229655 chunknumber 16600 contains 546 sites
	-> Printing at chr: SczhEnG_101 pos:267035 chunknumber 16700 contains 258 sites
	-> Printing at chr: SczhEnG_101 pos:298506 chunknumber 16800 contains 683 sites
	-> Printing at chr: SczhEnG_101 pos:336686 chunknumber 16900 contains 321 sites
	-> Printing at chr: SczhEnG_101 pos:369490 chunknumber 17000 contains 310 sites
	-> Printing at chr: SczhEnG_101 pos:401743 chunknumber 17100 contains 283 sites
	-> Printing at chr: SczhEnG_101 pos:437248 chunknumber 17200 contains 487 sites
	-> Printing at chr: SczhEnG_101 pos:472333 chunknumber 17300 contains 460 sites
	-> Printing at chr: SczhEnG_101 pos:508209 chunknumber 17400 contains 289 sites
	-> Region lookup 31/1139
	-> Printing at chr: SczhEnG_113 pos:4755 chunknumber 17500 contains 375 sites
	-> Printing at chr: SczhEnG_113 pos:39006 chunknumber 17600 contains 278 sites
	-> Region lookup 32/1139
	-> Printing at chr: SczhEnG_114 pos:8407 chunknumber 17700 contains 360 sites
	-> Region lookup 33/1139
	-> Region lookup 34/1139
	-> Printing at chr: SczhEnG_121 pos:8652 chunknumber 17800 contains 355 sites
	-> Printing at chr: SczhEnG_121 pos:41798 chunknumber 17900 contains 263 sites
	-> Printing at chr: SczhEnG_121 pos:77863 chunknumber 18000 contains 381 sites
	-> Printing at chr: SczhEnG_121 pos:113362 chunknumber 18100 contains 278 sites
	-> Printing at chr: SczhEnG_121 pos:147611 chunknumber 18200 contains 439 sites
	-> Printing at chr: SczhEnG_121 pos:183259 chunknumber 18300 contains 397 sites
	-> Printing at chr: SczhEnG_121 pos:217110 chunknumber 18400 contains 383 sites
	-> Printing at chr: SczhEnG_121 pos:254266 chunknumber 18500 contains 268 sites
	-> Region lookup 35/1139
	-> Printing at chr: SczhEnG_122 pos:257 chunknumber 18600 contains 251 sites
	-> Printing at chr: SczhEnG_122 pos:32600 chunknumber 18700 contains 299 sites
	-> Printing at chr: SczhEnG_122 pos:69357 chunknumber 18800 contains 375 sites
	-> Printing at chr: SczhEnG_122 pos:105051 chunknumber 18900 contains 264 sites
	-> Printing at chr: SczhEnG_122 pos:141451 chunknumber 19000 contains 373 sites
	-> Printing at chr: SczhEnG_122 pos:175415 chunknumber 19100 contains 323 sites
	-> Printing at chr: SczhEnG_122 pos:210056 chunknumber 19200 contains 340 sites
	-> Printing at chr: SczhEnG_122 pos:246189 chunknumber 19300 contains 286 sites
	-> Printing at chr: SczhEnG_122 pos:281391 chunknumber 19400 contains 312 sites
	-> Printing at chr: SczhEnG_122 pos:317414 chunknumber 19500 contains 307 sites
	-> Printing at chr: SczhEnG_122 pos:351094 chunknumber 19600 contains 335 sites
	-> Printing at chr: SczhEnG_122 pos:386969 chunknumber 19700 contains 254 sites
	-> Printing at chr: SczhEnG_122 pos:424151 chunknumber 19800 contains 269 sites
	-> Printing at chr: SczhEnG_122 pos:457284 chunknumber 19900 contains 373 sites
	-> Printing at chr: SczhEnG_122 pos:492039 chunknumber 20000 contains 365 sites
	-> Printing at chr: SczhEnG_122 pos:525376 chunknumber 20100 contains 254 sites
	-> Printing at chr: SczhEnG_122 pos:561528 chunknumber 20200 contains 253 sites
	-> Region lookup 36/1139
	-> Printing at chr: SczhEnG_125 pos:14092 chunknumber 20300 contains 421 sites
	-> Printing at chr: SczhEnG_125 pos:50651 chunknumber 20400 contains 396 sites
	-> Printing at chr: SczhEnG_125 pos:84124 chunknumber 20500 contains 303 sites
	-> Printing at chr: SczhEnG_125 pos:118074 chunknumber 20600 contains 415 sites
	-> Printing at chr: SczhEnG_125 pos:156536 chunknumber 20700 contains 269 sites
	-> Printing at chr: SczhEnG_125 pos:190697 chunknumber 20800 contains 406 sites
	-> Printing at chr: SczhEnG_125 pos:226873 chunknumber 20900 contains 258 sites
	-> Printing at chr: SczhEnG_125 pos:263381 chunknumber 21000 contains 268 sites
	-> Region lookup 37/1139
	-> Printing at chr: SczhEnG_132 pos:11000 chunknumber 21100 contains 385 sites
	-> Printing at chr: SczhEnG_132 pos:43036 chunknumber 21200 contains 251 sites
	-> Printing at chr: SczhEnG_132 pos:78239 chunknumber 21300 contains 255 sites
	-> Region lookup 38/1139
	-> Printing at chr: SczhEnG_137 pos:17705 chunknumber 21400 contains 274 sites
	-> Region lookup 39/1139
	-> Printing at chr: SczhEnG_141 pos:21156 chunknumber 21500 contains 419 sites
	-> Printing at chr: SczhEnG_141 pos:55743 chunknumber 21600 contains 254 sites
	-> Printing at chr: SczhEnG_141 pos:89685 chunknumber 21700 contains 344 sites
	-> Printing at chr: SczhEnG_141 pos:131263 chunknumber 21800 contains 295 sites
	-> Printing at chr: SczhEnG_141 pos:164257 chunknumber 21900 contains 348 sites
	-> Printing at chr: SczhEnG_141 pos:197231 chunknumber 22000 contains 253 sites
	-> Printing at chr: SczhEnG_141 pos:224731 chunknumber 22100 contains 345 sites
	-> Printing at chr: SczhEnG_141 pos:260108 chunknumber 22200 contains 279 sites
	-> Printing at chr: SczhEnG_141 pos:295818 chunknumber 22300 contains 322 sites
	-> Region lookup 40/1139
	-> Printing at chr: SczhEnG_142 pos:31412 chunknumber 22400 contains 441 sites
	-> Printing at chr: SczhEnG_142 pos:70709 chunknumber 22500 contains 252 sites
	-> Printing at chr: SczhEnG_142 pos:104722 chunknumber 22600 contains 374 sites
	-> Printing at chr: SczhEnG_142 pos:138445 chunknumber 22700 contains 420 sites
	-> Printing at chr: SczhEnG_142 pos:174786 chunknumber 22800 contains 258 sites
	-> Printing at chr: SczhEnG_142 pos:211467 chunknumber 22900 contains 359 sites
	-> Printing at chr: SczhEnG_142 pos:247542 chunknumber 23000 contains 359 sites
	-> Printing at chr: SczhEnG_142 pos:281389 chunknumber 23100 contains 260 sites
	-> Printing at chr: SczhEnG_142 pos:317937 chunknumber 23200 contains 252 sites
	-> Printing at chr: SczhEnG_142 pos:354261 chunknumber 23300 contains 419 sites
	-> Printing at chr: SczhEnG_142 pos:417751 chunknumber 23400 contains 255 sites
	-> Printing at chr: SczhEnG_142 pos:449734 chunknumber 23500 contains 403 sites
	-> Printing at chr: SczhEnG_142 pos:486019 chunknumber 23600 contains 251 sites
	-> Printing at chr: SczhEnG_142 pos:520828 chunknumber 23700 contains 315 sites
	-> Printing at chr: SczhEnG_142 pos:552953 chunknumber 23800 contains 251 sites
	-> Printing at chr: SczhEnG_142 pos:585205 chunknumber 23900 contains 389 sites
	-> Printing at chr: SczhEnG_142 pos:622822 chunknumber 24000 contains 571 sites
	-> Printing at chr: SczhEnG_142 pos:656128 chunknumber 24100 contains 265 sites
	-> Printing at chr: SczhEnG_142 pos:690499 chunknumber 24200 contains 393 sites
	-> Printing at chr: SczhEnG_142 pos:724790 chunknumber 24300 contains 308 sites
	-> Printing at chr: SczhEnG_142 pos:760587 chunknumber 24400 contains 328 sites
	-> Printing at chr: SczhEnG_142 pos:798795 chunknumber 24500 contains 254 sites
	-> Printing at chr: SczhEnG_142 pos:833132 chunknumber 24600 contains 437 sites
	-> Printing at chr: SczhEnG_142 pos:866821 chunknumber 24700 contains 401 sites
	-> Printing at chr: SczhEnG_142 pos:901909 chunknumber 24800 contains 261 sites
	-> Printing at chr: SczhEnG_142 pos:937974 chunknumber 24900 contains 303 sites
	-> Printing at chr: SczhEnG_142 pos:972047 chunknumber 25000 contains 307 sites
	-> Printing at chr: SczhEnG_142 pos:1007998 chunknumber 25100 contains 336 sites
	-> Printing at chr: SczhEnG_142 pos:1043433 chunknumber 25200 contains 285 sites
	-> Printing at chr: SczhEnG_142 pos:1080012 chunknumber 25300 contains 252 sites
	-> Printing at chr: SczhEnG_142 pos:1115234 chunknumber 25400 contains 368 sites
	-> Printing at chr: SczhEnG_142 pos:1149160 chunknumber 25500 contains 253 sites
	-> Printing at chr: SczhEnG_142 pos:1184353 chunknumber 25600 contains 700 sites
	-> Printing at chr: SczhEnG_142 pos:1219262 chunknumber 25700 contains 252 sites
	-> Printing at chr: SczhEnG_142 pos:1252642 chunknumber 25800 contains 401 sites
	-> Region lookup 41/1139
	-> Printing at chr: SczhEnG_146 pos:20310 chunknumber 25900 contains 529 sites
	-> Printing at chr: SczhEnG_146 pos:56992 chunknumber 26000 contains 445 sites
	-> Printing at chr: SczhEnG_146 pos:91120 chunknumber 26100 contains 386 sites
	-> Printing at chr: SczhEnG_146 pos:127676 chunknumber 26200 contains 282 sites
	-> Region lookup 42/1139
	-> Printing at chr: SczhEnG_148 pos:30843 chunknumber 26300 contains 260 sites
	-> Printing at chr: SczhEnG_148 pos:66198 chunknumber 26400 contains 361 sites
	-> Region lookup 43/1139
	-> Printing at chr: SczhEnG_154 pos:10863 chunknumber 26500 contains 449 sites
	-> Region lookup 44/1139
	-> Region lookup 45/1139
	-> Printing at chr: SczhEnG_157 pos:19129 chunknumber 26600 contains 331 sites
	-> Printing at chr: SczhEnG_157 pos:54514 chunknumber 26700 contains 168 sites
	-> Printing at chr: SczhEnG_157 pos:90381 chunknumber 26800 contains 254 sites
	-> Region lookup 46/1139
	-> Printing at chr: SczhEnG_160 pos:14709 chunknumber 26900 contains 343 sites
	-> Region lookup 47/1139
	-> Printing at chr: SczhEnG_164 pos:20691 chunknumber 27000 contains 320 sites
	-> Printing at chr: SczhEnG_164 pos:55070 chunknumber 27100 contains 273 sites
	-> Printing at chr: SczhEnG_164 pos:89439 chunknumber 27200 contains 257 sites
	-> Region lookup 48/1139
	-> Printing at chr: SczhEnG_169 pos:35179 chunknumber 27300 contains 254 sites
	-> Region lookup 49/1139
	-> Printing at chr: SczhEnG_174 pos:19137 chunknumber 27400 contains 366 sites
	-> Printing at chr: SczhEnG_174 pos:52012 chunknumber 27500 contains 288 sites
	-> Region lookup 50/1139
	-> Printing at chr: SczhEnG_189 pos:6770 chunknumber 27600 contains 251 sites
	-> Region lookup 51/1139
	-> Printing at chr: SczhEnG_191 pos:16337 chunknumber 27700 contains 254 sites
	-> Region lookup 52/1139
	-> Printing at chr: SczhEnG_193 pos:16565 chunknumber 27800 contains 340 sites
	-> Printing at chr: SczhEnG_193 pos:53267 chunknumber 27900 contains 265 sites
	-> Printing at chr: SczhEnG_193 pos:88881 chunknumber 28000 contains 267 sites
	-> Printing at chr: SczhEnG_193 pos:124904 chunknumber 28100 contains 295 sites
	-> Printing at chr: SczhEnG_193 pos:158026 chunknumber 28200 contains 383 sites
	-> Region lookup 53/1139
	-> Printing at chr: SczhEnG_196 pos:28215 chunknumber 28300 contains 755 sites
	-> Region lookup 54/1139
	-> Printing at chr: SczhEnG_200 pos:24674 chunknumber 28400 contains 258 sites
	-> Printing at chr: SczhEnG_200 pos:60982 chunknumber 28500 contains 474 sites
	-> Printing at chr: SczhEnG_200 pos:98793 chunknumber 28600 contains 377 sites
	-> Printing at chr: SczhEnG_200 pos:133949 chunknumber 28700 contains 252 sites
	-> Printing at chr: SczhEnG_200 pos:166214 chunknumber 28800 contains 304 sites
	-> Region lookup 55/1139
	-> Printing at chr: SczhEnG_203 pos:15024 chunknumber 28900 contains 270 sites
	-> Printing at chr: SczhEnG_203 pos:46195 chunknumber 29000 contains 266 sites
	-> Printing at chr: SczhEnG_203 pos:81465 chunknumber 29100 contains 316 sites
	-> Region lookup 56/1139
	-> Printing at chr: SczhEnG_214 pos:22980 chunknumber 29200 contains 625 sites
	-> Printing at chr: SczhEnG_214 pos:60812 chunknumber 29300 contains 268 sites
	-> Printing at chr: SczhEnG_214 pos:95210 chunknumber 29400 contains 510 sites
	-> Printing at chr: SczhEnG_214 pos:127272 chunknumber 29500 contains 183 sites
	-> Region lookup 57/1139
	-> Printing at chr: SczhEnG_217 pos:29295 chunknumber 29600 contains 197 sites
	-> Region lookup 58/1139
	-> Printing at chr: SczhEnG_222 pos:29427 chunknumber 29700 contains 135 sites
	-> Region lookup 59/1139
	-> Printing at chr: SczhEnG_225 pos:29728 chunknumber 29800 contains 272 sites
	-> Region lookup 60/1139
	-> Printing at chr: SczhEnG_229 pos:30008 chunknumber 29900 contains 258 sites
	-> Printing at chr: SczhEnG_229 pos:66923 chunknumber 30000 contains 587 sites
	-> Printing at chr: SczhEnG_229 pos:101970 chunknumber 30100 contains 402 sites
	-> Printing at chr: SczhEnG_229 pos:136073 chunknumber 30200 contains 256 sites
	-> Printing at chr: SczhEnG_229 pos:191365 chunknumber 30300 contains 913 sites
	-> Printing at chr: SczhEnG_229 pos:226823 chunknumber 30400 contains 356 sites
	-> Printing at chr: SczhEnG_229 pos:261019 chunknumber 30500 contains 267 sites
	-> Printing at chr: SczhEnG_229 pos:294520 chunknumber 30600 contains 418 sites
	-> Printing at chr: SczhEnG_229 pos:332744 chunknumber 30700 contains 439 sites
	-> Printing at chr: SczhEnG_229 pos:366082 chunknumber 30800 contains 269 sites
	-> Printing at chr: SczhEnG_229 pos:399628 chunknumber 30900 contains 252 sites
	-> Region lookup 61/1139
	-> Printing at chr: SczhEnG_237 pos:9338 chunknumber 31000 contains 395 sites
	-> Region lookup 62/1139
	-> Printing at chr: SczhEnG_246 pos:9446 chunknumber 31100 contains 384 sites
	-> Printing at chr: SczhEnG_246 pos:48384 chunknumber 31200 contains 383 sites
	-> Printing at chr: SczhEnG_246 pos:82835 chunknumber 31300 contains 451 sites
	-> Printing at chr: SczhEnG_246 pos:119101 chunknumber 31400 contains 438 sites
	-> Printing at chr: SczhEnG_246 pos:155327 chunknumber 31500 contains 400 sites
	-> Printing at chr: SczhEnG_246 pos:190146 chunknumber 31600 contains 441 sites
	-> Printing at chr: SczhEnG_246 pos:224750 chunknumber 31700 contains 252 sites
	-> Printing at chr: SczhEnG_246 pos:260227 chunknumber 31800 contains 252 sites
	-> Printing at chr: SczhEnG_246 pos:296277 chunknumber 31900 contains 395 sites
	-> Printing at chr: SczhEnG_246 pos:330075 chunknumber 32000 contains 335 sites
	-> Printing at chr: SczhEnG_246 pos:367165 chunknumber 32100 contains 312 sites
	-> Printing at chr: SczhEnG_246 pos:401368 chunknumber 32200 contains 266 sites
	-> Printing at chr: SczhEnG_246 pos:436939 chunknumber 32300 contains 338 sites
	-> Printing at chr: SczhEnG_246 pos:473265 chunknumber 32400 contains 253 sites
	-> Printing at chr: SczhEnG_246 pos:509092 chunknumber 32500 contains 382 sites
	-> Printing at chr: SczhEnG_246 pos:542367 chunknumber 32600 contains 253 sites
	-> Printing at chr: SczhEnG_246 pos:577737 chunknumber 32700 contains 408 sites
	-> Printing at chr: SczhEnG_246 pos:613276 chunknumber 32800 contains 253 sites
	-> Printing at chr: SczhEnG_246 pos:647212 chunknumber 32900 contains 338 sites
	-> Printing at chr: SczhEnG_246 pos:680563 chunknumber 33000 contains 290 sites
	-> Printing at chr: SczhEnG_246 pos:715910 chunknumber 33100 contains 273 sites
	-> Region lookup 63/1139
	-> Printing at chr: SczhEnG_247 pos:15383 chunknumber 33200 contains 437 sites
	-> Printing at chr: SczhEnG_247 pos:49557 chunknumber 33300 contains 363 sites
	-> Printing at chr: SczhEnG_247 pos:84925 chunknumber 33400 contains 251 sites
	-> Region lookup 64/1139
	-> Printing at chr: SczhEnG_250 pos:1 chunknumber 33500 contains 1538 sites
	-> Printing at chr: SczhEnG_250 pos:39002 chunknumber 33600 contains 252 sites
	-> Printing at chr: SczhEnG_250 pos:73080 chunknumber 33700 contains 304 sites
	-> Printing at chr: SczhEnG_250 pos:108055 chunknumber 33800 contains 417 sites
	-> Printing at chr: SczhEnG_250 pos:143111 chunknumber 33900 contains 155 sites
	-> Region lookup 65/1139
	-> Printing at chr: SczhEnG_254 pos:50930 chunknumber 34000 contains 388 sites
	-> Printing at chr: SczhEnG_254 pos:97476 chunknumber 34100 contains 268 sites
	-> Printing at chr: SczhEnG_254 pos:138331 chunknumber 34200 contains 264 sites
	-> Printing at chr: SczhEnG_254 pos:176621 chunknumber 34300 contains 621 sites
	-> Printing at chr: SczhEnG_254 pos:212295 chunknumber 34400 contains 288 sites
	-> Printing at chr: SczhEnG_254 pos:248660 chunknumber 34500 contains 358 sites
	-> Printing at chr: SczhEnG_254 pos:286445 chunknumber 34600 contains 446 sites
	-> Printing at chr: SczhEnG_254 pos:323868 chunknumber 34700 contains 260 sites
	-> Printing at chr: SczhEnG_254 pos:362156 chunknumber 34800 contains 261 sites
	-> Printing at chr: SczhEnG_254 pos:398124 chunknumber 34900 contains 415 sites
	-> Printing at chr: SczhEnG_254 pos:433304 chunknumber 35000 contains 253 sites
	-> Printing at chr: SczhEnG_254 pos:468237 chunknumber 35100 contains 327 sites
	-> Printing at chr: SczhEnG_254 pos:502306 chunknumber 35200 contains 329 sites
	-> Printing at chr: SczhEnG_254 pos:536823 chunknumber 35300 contains 252 sites
	-> Printing at chr: SczhEnG_254 pos:587987 chunknumber 35400 contains 286 sites
	-> Printing at chr: SczhEnG_254 pos:626448 chunknumber 35500 contains 296 sites
	-> Printing at chr: SczhEnG_254 pos:660142 chunknumber 35600 contains 290 sites
	-> Printing at chr: SczhEnG_254 pos:695026 chunknumber 35700 contains 251 sites
	-> Printing at chr: SczhEnG_254 pos:732710 chunknumber 35800 contains 410 sites
	-> Printing at chr: SczhEnG_254 pos:767268 chunknumber 35900 contains 252 sites
	-> Printing at chr: SczhEnG_254 pos:800439 chunknumber 36000 contains 605 sites
	-> Printing at chr: SczhEnG_254 pos:834597 chunknumber 36100 contains 288 sites
	-> Printing at chr: SczhEnG_254 pos:872453 chunknumber 36200 contains 346 sites
	-> Printing at chr: SczhEnG_254 pos:910833 chunknumber 36300 contains 302 sites
	-> Printing at chr: SczhEnG_254 pos:947149 chunknumber 36400 contains 291 sites
	-> Printing at chr: SczhEnG_254 pos:987352 chunknumber 36500 contains 345 sites
	-> Printing at chr: SczhEnG_254 pos:1022755 chunknumber 36600 contains 349 sites
	-> Printing at chr: SczhEnG_254 pos:1057144 chunknumber 36700 contains 539 sites
	-> Printing at chr: SczhEnG_254 pos:1092729 chunknumber 36800 contains 582 sites
	-> Printing at chr: SczhEnG_254 pos:1127887 chunknumber 36900 contains 257 sites
	-> Printing at chr: SczhEnG_254 pos:1164834 chunknumber 37000 contains 261 sites
	-> Printing at chr: SczhEnG_254 pos:1200028 chunknumber 37100 contains 258 sites
	-> Printing at chr: SczhEnG_254 pos:1234803 chunknumber 37200 contains 442 sites
	-> Printing at chr: SczhEnG_254 pos:1269484 chunknumber 37300 contains 258 sites
	-> Printing at chr: SczhEnG_254 pos:1307716 chunknumber 37400 contains 381 sites
	-> Printing at chr: SczhEnG_254 pos:1343219 chunknumber 37500 contains 454 sites
	-> Printing at chr: SczhEnG_254 pos:1378164 chunknumber 37600 contains 271 sites
	-> Region lookup 66/1139
	-> Printing at chr: SczhEnG_255 pos:11906 chunknumber 37700 contains 251 sites
	-> Region lookup 67/1139
	-> Printing at chr: SczhEnG_256 pos:24032 chunknumber 37800 contains 346 sites
	-> Printing at chr: SczhEnG_256 pos:57905 chunknumber 37900 contains 499 sites
	-> Region lookup 68/1139
	-> Printing at chr: SczhEnG_259 pos:32799 chunknumber 38000 contains 313 sites
	-> Region lookup 69/1139
	-> Region lookup 70/1139
	-> Printing at chr: SczhEnG_265 pos:6769 chunknumber 38100 contains 401 sites
	-> Printing at chr: SczhEnG_265 pos:44769 chunknumber 38200 contains 251 sites
	-> Region lookup 71/1139
	-> Region lookup 72/1139
	-> Printing at chr: SczhEnG_269 pos:19635 chunknumber 38300 contains 521 sites
	-> Printing at chr: SczhEnG_269 pos:55164 chunknumber 38400 contains 550 sites
	-> Printing at chr: SczhEnG_269 pos:95610 chunknumber 38500 contains 252 sites
	-> Region lookup 73/1139
	-> Printing at chr: SczhEnG_276 pos:9207 chunknumber 38600 contains 336 sites
	-> Printing at chr: SczhEnG_276 pos:43033 chunknumber 38700 contains 305 sites
	-> Printing at chr: SczhEnG_276 pos:77381 chunknumber 38800 contains 297 sites
	-> Printing at chr: SczhEnG_276 pos:111148 chunknumber 38900 contains 395 sites
	-> Printing at chr: SczhEnG_276 pos:147930 chunknumber 39000 contains 505 sites
	-> Printing at chr: SczhEnG_276 pos:183801 chunknumber 39100 contains 379 sites
	-> Printing at chr: SczhEnG_276 pos:218905 chunknumber 39200 contains 401 sites
	-> Printing at chr: SczhEnG_276 pos:252129 chunknumber 39300 contains 368 sites
	-> Printing at chr: SczhEnG_276 pos:289136 chunknumber 39400 contains 257 sites
	-> Printing at chr: SczhEnG_276 pos:321409 chunknumber 39500 contains 373 sites
	-> Printing at chr: SczhEnG_276 pos:355679 chunknumber 39600 contains 253 sites
	-> Printing at chr: SczhEnG_276 pos:388532 chunknumber 39700 contains 439 sites
	-> Printing at chr: SczhEnG_276 pos:421975 chunknumber 39800 contains 488 sites
	-> Printing at chr: SczhEnG_276 pos:457372 chunknumber 39900 contains 535 sites
	-> Printing at chr: SczhEnG_276 pos:492128 chunknumber 40000 contains 262 sites
	-> Printing at chr: SczhEnG_276 pos:525113 chunknumber 40100 contains 587 sites
	-> Region lookup 74/1139
	-> Printing at chr: SczhEnG_277 pos:6663 chunknumber 40200 contains 354 sites
	-> Printing at chr: SczhEnG_277 pos:55248 chunknumber 40300 contains 357 sites
	-> Printing at chr: SczhEnG_277 pos:112647 chunknumber 40400 contains 499 sites
	-> Printing at chr: SczhEnG_277 pos:179101 chunknumber 40500 contains 257 sites
	-> Printing at chr: SczhEnG_277 pos:235814 chunknumber 40600 contains 266 sites
	-> Region lookup 75/1139
	-> Printing at chr: SczhEnG_287 pos:18975 chunknumber 40700 contains 324 sites
	-> Printing at chr: SczhEnG_287 pos:54570 chunknumber 40800 contains 258 sites
	-> Printing at chr: SczhEnG_287 pos:90224 chunknumber 40900 contains 523 sites
	-> Printing at chr: SczhEnG_287 pos:125103 chunknumber 41000 contains 256 sites
	-> Region lookup 76/1139
	-> Printing at chr: SczhEnG_290 pos:4925 chunknumber 41100 contains 288 sites
	-> Region lookup 77/1139
	-> Printing at chr: SczhEnG_298 pos:28271 chunknumber 41200 contains 338 sites
	-> Printing at chr: SczhEnG_298 pos:61971 chunknumber 41300 contains 264 sites
	-> Region lookup 78/1139
	-> Printing at chr: SczhEnG_302 pos:3162 chunknumber 41400 contains 253 sites
	-> Region lookup 79/1139
	-> Printing at chr: SczhEnG_306 pos:40488 chunknumber 41500 contains 267 sites
	-> Printing at chr: SczhEnG_306 pos:75617 chunknumber 41600 contains 253 sites
	-> Printing at chr: SczhEnG_306 pos:120367 chunknumber 41700 contains 198 sites
	-> Region lookup 80/1139
	-> Printing at chr: SczhEnG_310 pos:30746 chunknumber 41800 contains 314 sites
	-> Printing at chr: SczhEnG_310 pos:65036 chunknumber 41900 contains 276 sites
	-> Printing at chr: SczhEnG_310 pos:99392 chunknumber 42000 contains 335 sites
	-> Printing at chr: SczhEnG_310 pos:134268 chunknumber 42100 contains 252 sites
	-> Printing at chr: SczhEnG_310 pos:169485 chunknumber 42200 contains 258 sites
	-> Printing at chr: SczhEnG_310 pos:202872 chunknumber 42300 contains 251 sites
	-> Printing at chr: SczhEnG_310 pos:236339 chunknumber 42400 contains 347 sites
	-> Printing at chr: SczhEnG_310 pos:273377 chunknumber 42500 contains 252 sites
	-> Printing at chr: SczhEnG_310 pos:311046 chunknumber 42600 contains 292 sites
	-> Printing at chr: SczhEnG_310 pos:345487 chunknumber 42700 contains 257 sites
	-> Printing at chr: SczhEnG_310 pos:380551 chunknumber 42800 contains 259 sites
	-> Printing at chr: SczhEnG_310 pos:415842 chunknumber 42900 contains 449 sites
	-> Printing at chr: SczhEnG_310 pos:451245 chunknumber 43000 contains 336 sites
	-> Printing at chr: SczhEnG_310 pos:486639 chunknumber 43100 contains 256 sites
	-> Printing at chr: SczhEnG_310 pos:524170 chunknumber 43200 contains 253 sites
	-> Printing at chr: SczhEnG_310 pos:558058 chunknumber 43300 contains 319 sites
	-> Printing at chr: SczhEnG_310 pos:591141 chunknumber 43400 contains 255 sites
	-> Printing at chr: SczhEnG_310 pos:625417 chunknumber 43500 contains 404 sites
	-> Printing at chr: SczhEnG_310 pos:661748 chunknumber 43600 contains 263 sites
	-> Printing at chr: SczhEnG_310 pos:697749 chunknumber 43700 contains 330 sites
	-> Printing at chr: SczhEnG_310 pos:732225 chunknumber 43800 contains 404 sites
	-> Printing at chr: SczhEnG_310 pos:768180 chunknumber 43900 contains 242 sites
	-> Region lookup 81/1139
	-> Printing at chr: SczhEnG_314 pos:27997 chunknumber 44000 contains 457 sites
	-> Region lookup 82/1139
	-> Printing at chr: SczhEnG_318 pos:7808 chunknumber 44100 contains 298 sites
	-> Printing at chr: SczhEnG_318 pos:42748 chunknumber 44200 contains 265 sites
	-> Region lookup 83/1139
	-> Printing at chr: SczhEnG_325 pos:24010 chunknumber 44300 contains 472 sites
	-> Printing at chr: SczhEnG_325 pos:60245 chunknumber 44400 contains 261 sites
	-> Printing at chr: SczhEnG_325 pos:95556 chunknumber 44500 contains 424 sites
	-> Region lookup 84/1139
	-> Printing at chr: SczhEnG_327 pos:13835 chunknumber 44600 contains 358 sites
	-> Region lookup 85/1139
	-> Printing at chr: SczhEnG_333 pos:28210 chunknumber 44700 contains 252 sites
	-> Printing at chr: SczhEnG_333 pos:61104 chunknumber 44800 contains 253 sites
	-> Printing at chr: SczhEnG_333 pos:94153 chunknumber 44900 contains 414 sites
	-> Region lookup 86/1139
	-> Printing at chr: SczhEnG_343 pos:1645 chunknumber 45000 contains 264 sites
	-> Region lookup 87/1139
	-> Printing at chr: SczhEnG_346 pos:3487 chunknumber 45100 contains 429 sites
	-> Printing at chr: SczhEnG_346 pos:39515 chunknumber 45200 contains 486 sites
	-> Printing at chr: SczhEnG_346 pos:74086 chunknumber 45300 contains 251 sites
	-> Printing at chr: SczhEnG_346 pos:108849 chunknumber 45400 contains 450 sites
	-> Printing at chr: SczhEnG_346 pos:144068 chunknumber 45500 contains 254 sites
	-> Printing at chr: SczhEnG_346 pos:178533 chunknumber 45600 contains 342 sites
	-> Printing at chr: SczhEnG_346 pos:230323 chunknumber 45700 contains 251 sites
	-> Region lookup 88/1139
	-> Region lookup 89/1139
	-> Printing at chr: SczhEnG_351 pos:4501 chunknumber 45800 contains 262 sites
	-> Region lookup 90/1139
	-> Region lookup 91/1139
	-> Printing at chr: SczhEnG_359 pos:10146 chunknumber 45900 contains 330 sites
	-> Printing at chr: SczhEnG_359 pos:43727 chunknumber 46000 contains 402 sites
	-> Printing at chr: SczhEnG_359 pos:76274 chunknumber 46100 contains 255 sites
	-> Printing at chr: SczhEnG_359 pos:111481 chunknumber 46200 contains 446 sites
	-> Printing at chr: SczhEnG_359 pos:143370 chunknumber 46300 contains 310 sites
	-> Region lookup 92/1139
	-> Printing at chr: SczhEnG_361 pos:36117 chunknumber 46400 contains 300 sites
	-> Printing at chr: SczhEnG_361 pos:72620 chunknumber 46500 contains 251 sites
	-> Printing at chr: SczhEnG_361 pos:107817 chunknumber 46600 contains 274 sites
	-> Printing at chr: SczhEnG_361 pos:146044 chunknumber 46700 contains 364 sites
	-> Printing at chr: SczhEnG_361 pos:180195 chunknumber 46800 contains 266 sites
	-> Printing at chr: SczhEnG_361 pos:215333 chunknumber 46900 contains 233 sites
	-> Region lookup 93/1139
	-> Printing at chr: SczhEnG_376 pos:23992 chunknumber 47000 contains 470 sites
	-> Printing at chr: SczhEnG_376 pos:59909 chunknumber 47100 contains 368 sites
	-> Printing at chr: SczhEnG_376 pos:98683 chunknumber 47200 contains 270 sites
	-> Printing at chr: SczhEnG_376 pos:133032 chunknumber 47300 contains 445 sites
	-> Printing at chr: SczhEnG_376 pos:165592 chunknumber 47400 contains 168 sites
	-> Printing at chr: SczhEnG_376 pos:199414 chunknumber 47500 contains 287 sites
	-> Printing at chr: SczhEnG_376 pos:233238 chunknumber 47600 contains 260 sites
	-> Printing at chr: SczhEnG_376 pos:270731 chunknumber 47700 contains 221 sites
	-> Region lookup 94/1139
	-> Printing at chr: SczhEnG_380 pos:13402 chunknumber 47800 contains 260 sites
	-> Printing at chr: SczhEnG_380 pos:47410 chunknumber 47900 contains 437 sites
	-> Printing at chr: SczhEnG_380 pos:86503 chunknumber 48000 contains 389 sites
	-> Printing at chr: SczhEnG_380 pos:123785 chunknumber 48100 contains 284 sites
	-> Printing at chr: SczhEnG_380 pos:159172 chunknumber 48200 contains 370 sites
	-> Printing at chr: SczhEnG_380 pos:194751 chunknumber 48300 contains 264 sites
	-> Printing at chr: SczhEnG_380 pos:229457 chunknumber 48400 contains 381 sites
	-> Printing at chr: SczhEnG_380 pos:266763 chunknumber 48500 contains 255 sites
	-> Printing at chr: SczhEnG_380 pos:304666 chunknumber 48600 contains 308 sites
	-> Printing at chr: SczhEnG_380 pos:343571 chunknumber 48700 contains 371 sites
	-> Region lookup 95/1139
	-> Printing at chr: SczhEnG_382 pos:21049 chunknumber 48800 contains 267 sites
	-> Printing at chr: SczhEnG_382 pos:57629 chunknumber 48900 contains 252 sites
	-> Region lookup 96/1139
	-> Printing at chr: SczhEnG_386 pos:18080 chunknumber 49000 contains 370 sites
	-> Printing at chr: SczhEnG_386 pos:55581 chunknumber 49100 contains 377 sites
	-> Printing at chr: SczhEnG_386 pos:93413 chunknumber 49200 contains 312 sites
	-> Printing at chr: SczhEnG_386 pos:136177 chunknumber 49300 contains 439 sites
	-> Printing at chr: SczhEnG_386 pos:169240 chunknumber 49400 contains 427 sites
	-> Printing at chr: SczhEnG_386 pos:204069 chunknumber 49500 contains 408 sites
	-> Printing at chr: SczhEnG_386 pos:238718 chunknumber 49600 contains 284 sites
	-> Printing at chr: SczhEnG_386 pos:272217 chunknumber 49700 contains 389 sites
	-> Printing at chr: SczhEnG_386 pos:306042 chunknumber 49800 contains 340 sites
	-> Printing at chr: SczhEnG_386 pos:339638 chunknumber 49900 contains 258 sites
	-> Printing at chr: SczhEnG_386 pos:374465 chunknumber 50000 contains 268 sites
	-> Printing at chr: SczhEnG_386 pos:410489 chunknumber 50100 contains 251 sites
	-> Printing at chr: SczhEnG_386 pos:444228 chunknumber 50200 contains 418 sites
	-> Printing at chr: SczhEnG_386 pos:480465 chunknumber 50300 contains 353 sites
	-> Printing at chr: SczhEnG_386 pos:514123 chunknumber 50400 contains 251 sites
	-> Printing at chr: SczhEnG_386 pos:550888 chunknumber 50500 contains 301 sites
	-> Printing at chr: SczhEnG_386 pos:585515 chunknumber 50600 contains 251 sites
	-> Printing at chr: SczhEnG_386 pos:619796 chunknumber 50700 contains 305 sites
	-> Region lookup 97/1139
	-> Printing at chr: SczhEnG_387 pos:16868 chunknumber 50800 contains 103 sites
	-> Region lookup 98/1139
	-> Printing at chr: SczhEnG_388 pos:27929 chunknumber 50900 contains 338 sites
	-> Printing at chr: SczhEnG_388 pos:61948 chunknumber 51000 contains 422 sites
	-> Printing at chr: SczhEnG_388 pos:95440 chunknumber 51100 contains 441 sites
	-> Printing at chr: SczhEnG_388 pos:139655 chunknumber 51200 contains 307 sites
	-> Printing at chr: SczhEnG_388 pos:176032 chunknumber 51300 contains 312 sites
	-> Printing at chr: SczhEnG_388 pos:210216 chunknumber 51400 contains 263 sites
	-> Printing at chr: SczhEnG_388 pos:246263 chunknumber 51500 contains 262 sites
	-> Printing at chr: SczhEnG_388 pos:279132 chunknumber 51600 contains 396 sites
	-> Printing at chr: SczhEnG_388 pos:314585 chunknumber 51700 contains 349 sites
	-> Printing at chr: SczhEnG_388 pos:353345 chunknumber 51800 contains 294 sites
	-> Printing at chr: SczhEnG_388 pos:389752 chunknumber 51900 contains 291 sites
	-> Printing at chr: SczhEnG_388 pos:424673 chunknumber 52000 contains 255 sites
	-> Printing at chr: SczhEnG_388 pos:460923 chunknumber 52100 contains 314 sites
	-> Printing at chr: SczhEnG_388 pos:496389 chunknumber 52200 contains 377 sites
	-> Printing at chr: SczhEnG_388 pos:531331 chunknumber 52300 contains 273 sites
	-> Region lookup 99/1139
	-> Printing at chr: SczhEnG_395 pos:27047 chunknumber 52400 contains 491 sites
	-> Region lookup 100/1139
	-> Printing at chr: SczhEnG_401 pos:4107 chunknumber 52500 contains 259 sites
	-> Printing at chr: SczhEnG_401 pos:36691 chunknumber 52600 contains 286 sites
	-> Printing at chr: SczhEnG_401 pos:71441 chunknumber 52700 contains 263 sites
	-> Printing at chr: SczhEnG_401 pos:106676 chunknumber 52800 contains 343 sites
	-> Printing at chr: SczhEnG_401 pos:140126 chunknumber 52900 contains 417 sites
	-> Printing at chr: SczhEnG_401 pos:174531 chunknumber 53000 contains 251 sites
	-> Printing at chr: SczhEnG_401 pos:209256 chunknumber 53100 contains 311 sites
	-> Printing at chr: SczhEnG_401 pos:244245 chunknumber 53200 contains 376 sites
	-> Printing at chr: SczhEnG_401 pos:283486 chunknumber 53300 contains 252 sites
	-> Printing at chr: SczhEnG_401 pos:316688 chunknumber 53400 contains 252 sites
	-> Printing at chr: SczhEnG_401 pos:349974 chunknumber 53500 contains 287 sites
	-> Printing at chr: SczhEnG_401 pos:387475 chunknumber 53600 contains 360 sites
	-> Printing at chr: SczhEnG_401 pos:420101 chunknumber 53700 contains 280 sites
	-> Region lookup 101/1139
	-> Printing at chr: SczhEnG_402 pos:22254 chunknumber 53800 contains 331 sites
	-> Region lookup 102/1139
	-> Printing at chr: SczhEnG_403 pos:9406 chunknumber 53900 contains 281 sites
	-> Printing at chr: SczhEnG_403 pos:48021 chunknumber 54000 contains 318 sites
	-> Region lookup 103/1139
	-> Printing at chr: SczhEnG_406 pos:1063 chunknumber 54100 contains 259 sites
	-> Region lookup 104/1139
	-> Printing at chr: SczhEnG_409 pos:26451 chunknumber 54200 contains 286 sites
	-> Printing at chr: SczhEnG_409 pos:62287 chunknumber 54300 contains 421 sites
	-> Printing at chr: SczhEnG_409 pos:98391 chunknumber 54400 contains 458 sites
	-> Printing at chr: SczhEnG_409 pos:132908 chunknumber 54500 contains 254 sites
	-> Printing at chr: SczhEnG_409 pos:171122 chunknumber 54600 contains 283 sites
	-> Region lookup 105/1139
	-> Printing at chr: SczhEnG_410 pos:22851 chunknumber 54700 contains 297 sites
	-> Printing at chr: SczhEnG_410 pos:55517 chunknumber 54800 contains 345 sites
	-> Region lookup 106/1139
	-> Printing at chr: SczhEnG_411 pos:7331 chunknumber 54900 contains 344 sites
	-> Printing at chr: SczhEnG_411 pos:41695 chunknumber 55000 contains 344 sites
	-> Region lookup 107/1139
	-> Printing at chr: SczhEnG_412 pos:32866 chunknumber 55100 contains 349 sites
	-> Printing at chr: SczhEnG_412 pos:70492 chunknumber 55200 contains 478 sites
	-> Region lookup 108/1139
	-> Region lookup 109/1139
	-> Printing at chr: SczhEnG_417 pos:8235 chunknumber 55300 contains 255 sites
	-> Printing at chr: SczhEnG_417 pos:43390 chunknumber 55400 contains 272 sites
	-> Printing at chr: SczhEnG_417 pos:77701 chunknumber 55500 contains 395 sites
	-> Printing at chr: SczhEnG_417 pos:110663 chunknumber 55600 contains 273 sites
	-> Printing at chr: SczhEnG_417 pos:144998 chunknumber 55700 contains 254 sites
	-> Printing at chr: SczhEnG_417 pos:180265 chunknumber 55800 contains 280 sites
	-> Printing at chr: SczhEnG_417 pos:214914 chunknumber 55900 contains 364 sites
	-> Printing at chr: SczhEnG_417 pos:249954 chunknumber 56000 contains 270 sites
	-> Region lookup 110/1139
	-> Printing at chr: SczhEnG_420 pos:2070 chunknumber 56100 contains 251 sites
	-> Printing at chr: SczhEnG_420 pos:40439 chunknumber 56200 contains 425 sites
	-> Region lookup 111/1139
	-> Printing at chr: SczhEnG_422 pos:19004 chunknumber 56300 contains 327 sites
	-> Printing at chr: SczhEnG_422 pos:55493 chunknumber 56400 contains 385 sites
	-> Printing at chr: SczhEnG_422 pos:88371 chunknumber 56500 contains 254 sites
	-> Printing at chr: SczhEnG_422 pos:120269 chunknumber 56600 contains 408 sites
	-> Printing at chr: SczhEnG_422 pos:156789 chunknumber 56700 contains 252 sites
	-> Region lookup 112/1139
	-> Printing at chr: SczhEnG_425 pos:34300 chunknumber 56800 contains 428 sites
	-> Printing at chr: SczhEnG_425 pos:71238 chunknumber 56900 contains 370 sites
	-> Printing at chr: SczhEnG_425 pos:104571 chunknumber 57000 contains 525 sites
	-> Printing at chr: SczhEnG_425 pos:139316 chunknumber 57100 contains 362 sites
	-> Printing at chr: SczhEnG_425 pos:172212 chunknumber 57200 contains 256 sites
	-> Printing at chr: SczhEnG_425 pos:202465 chunknumber 57300 contains 551 sites
	-> Region lookup 113/1139
	-> Printing at chr: SczhEnG_427 pos:2450 chunknumber 57400 contains 886 sites
	-> Printing at chr: SczhEnG_427 pos:44387 chunknumber 57500 contains 257 sites
	-> Region lookup 114/1139
	-> Printing at chr: SczhEnG_433 pos:3610 chunknumber 57600 contains 252 sites
	-> Printing at chr: SczhEnG_433 pos:52065 chunknumber 57700 contains 251 sites
	-> Region lookup 115/1139
	-> Printing at chr: SczhEnG_435 pos:25321 chunknumber 57800 contains 652 sites
	-> Region lookup 116/1139
	-> Printing at chr: SczhEnG_437 pos:21146 chunknumber 57900 contains 409 sites
	-> Printing at chr: SczhEnG_437 pos:58940 chunknumber 58000 contains 254 sites
	-> Region lookup 117/1139
	-> Printing at chr: SczhEnG_443 pos:22891 chunknumber 58100 contains 251 sites
	-> Printing at chr: SczhEnG_443 pos:61712 chunknumber 58200 contains 312 sites
	-> Region lookup 118/1139
	-> Printing at chr: SczhEnG_449 pos:16603 chunknumber 58300 contains 403 sites
	-> Printing at chr: SczhEnG_449 pos:50193 chunknumber 58400 contains 372 sites
	-> Printing at chr: SczhEnG_449 pos:88171 chunknumber 58500 contains 266 sites
	-> Printing at chr: SczhEnG_449 pos:124209 chunknumber 58600 contains 346 sites
	-> Printing at chr: SczhEnG_449 pos:158545 chunknumber 58700 contains 379 sites
	-> Printing at chr: SczhEnG_449 pos:193699 chunknumber 58800 contains 252 sites
	-> Printing at chr: SczhEnG_449 pos:228793 chunknumber 58900 contains 357 sites
	-> Printing at chr: SczhEnG_449 pos:270625 chunknumber 59000 contains 333 sites
	-> Printing at chr: SczhEnG_449 pos:304863 chunknumber 59100 contains 362 sites
	-> Region lookup 119/1139
	-> Printing at chr: SczhEnG_450 pos:20861 chunknumber 59200 contains 336 sites
	-> Printing at chr: SczhEnG_450 pos:57580 chunknumber 59300 contains 1063 sites
	-> Region lookup 120/1139
	-> Printing at chr: SczhEnG_451 pos:5943 chunknumber 59400 contains 319 sites
	-> Region lookup 121/1139
	-> Printing at chr: SczhEnG_462 pos:12913 chunknumber 59500 contains 459 sites
	-> Printing at chr: SczhEnG_462 pos:46743 chunknumber 59600 contains 311 sites
	-> Printing at chr: SczhEnG_462 pos:79700 chunknumber 59700 contains 262 sites
	-> Printing at chr: SczhEnG_462 pos:115316 chunknumber 59800 contains 403 sites
	-> Printing at chr: SczhEnG_462 pos:153312 chunknumber 59900 contains 425 sites
	-> Printing at chr: SczhEnG_462 pos:186634 chunknumber 60000 contains 288 sites
	-> Printing at chr: SczhEnG_462 pos:222313 chunknumber 60100 contains 410 sites
	-> Printing at chr: SczhEnG_462 pos:255521 chunknumber 60200 contains 272 sites
	-> Printing at chr: SczhEnG_462 pos:289221 chunknumber 60300 contains 449 sites
	-> Printing at chr: SczhEnG_462 pos:323936 chunknumber 60400 contains 327 sites
	-> Printing at chr: SczhEnG_462 pos:359398 chunknumber 60500 contains 644 sites
	-> Printing at chr: SczhEnG_462 pos:399891 chunknumber 60600 contains 299 sites
	-> Printing at chr: SczhEnG_462 pos:433960 chunknumber 60700 contains 422 sites
	-> Region lookup 122/1139
	-> Printing at chr: SczhEnG_472 pos:18337 chunknumber 60800 contains 252 sites
	-> Printing at chr: SczhEnG_472 pos:67035 chunknumber 60900 contains 293 sites
	-> Printing at chr: SczhEnG_472 pos:105177 chunknumber 61000 contains 403 sites
	-> Printing at chr: SczhEnG_472 pos:140536 chunknumber 61100 contains 432 sites
	-> Region lookup 123/1139
	-> Region lookup 124/1139
	-> Printing at chr: SczhEnG_475 pos:3279 chunknumber 61200 contains 281 sites
	-> Printing at chr: SczhEnG_475 pos:37005 chunknumber 61300 contains 264 sites
	-> Printing at chr: SczhEnG_475 pos:69177 chunknumber 61400 contains 1013 sites
	-> Region lookup 125/1139
	-> Printing at chr: SczhEnG_483 pos:14042 chunknumber 61500 contains 409 sites
	-> Printing at chr: SczhEnG_483 pos:50799 chunknumber 61600 contains 322 sites
	-> Printing at chr: SczhEnG_483 pos:84573 chunknumber 61700 contains 412 sites
	-> Printing at chr: SczhEnG_483 pos:118129 chunknumber 61800 contains 253 sites
	-> Printing at chr: SczhEnG_483 pos:152369 chunknumber 61900 contains 339 sites
	-> Printing at chr: SczhEnG_483 pos:187133 chunknumber 62000 contains 256 sites
	-> Printing at chr: SczhEnG_483 pos:223076 chunknumber 62100 contains 542 sites
	-> Printing at chr: SczhEnG_483 pos:257582 chunknumber 62200 contains 299 sites
	-> Printing at chr: SczhEnG_483 pos:291714 chunknumber 62300 contains 494 sites
	-> Printing at chr: SczhEnG_483 pos:327098 chunknumber 62400 contains 380 sites
	-> Printing at chr: SczhEnG_483 pos:361357 chunknumber 62500 contains 262 sites
	-> Printing at chr: SczhEnG_483 pos:396297 chunknumber 62600 contains 333 sites
	-> Printing at chr: SczhEnG_483 pos:430087 chunknumber 62700 contains 484 sites
	-> Printing at chr: SczhEnG_483 pos:467527 chunknumber 62800 contains 255 sites
	-> Printing at chr: SczhEnG_483 pos:503041 chunknumber 62900 contains 377 sites
	-> Printing at chr: SczhEnG_483 pos:536525 chunknumber 63000 contains 374 sites
	-> Printing at chr: SczhEnG_483 pos:570005 chunknumber 63100 contains 258 sites
	-> Region lookup 126/1139
	-> Printing at chr: SczhEnG_490 pos:14668 chunknumber 63200 contains 253 sites
	-> Printing at chr: SczhEnG_490 pos:48744 chunknumber 63300 contains 251 sites
	-> Region lookup 127/1139
	-> Region lookup 128/1139
	-> Printing at chr: SczhEnG_492 pos:8636 chunknumber 63400 contains 254 sites
	-> Printing at chr: SczhEnG_492 pos:46658 chunknumber 63500 contains 258 sites
	-> Region lookup 129/1139
	-> Printing at chr: SczhEnG_493 pos:32036 chunknumber 63600 contains 322 sites
	-> Region lookup 130/1139
	-> Printing at chr: SczhEnG_494 pos:27957 chunknumber 63700 contains 389 sites
	-> Region lookup 131/1139
	-> Printing at chr: SczhEnG_499 pos:15975 chunknumber 63800 contains 256 sites
	-> Printing at chr: SczhEnG_499 pos:51483 chunknumber 63900 contains 392 sites
	-> Region lookup 132/1139
	-> Printing at chr: SczhEnG_506 pos:16407 chunknumber 64000 contains 264 sites
	-> Printing at chr: SczhEnG_506 pos:45466 chunknumber 64100 contains 287 sites
	-> Region lookup 133/1139
	-> Printing at chr: SczhEnG_512 pos:8021 chunknumber 64200 contains 414 sites
	-> Printing at chr: SczhEnG_512 pos:42138 chunknumber 64300 contains 330 sites
	-> Printing at chr: SczhEnG_512 pos:75166 chunknumber 64400 contains 344 sites
	-> Region lookup 134/1139
	-> Printing at chr: SczhEnG_513 pos:2174 chunknumber 64500 contains 252 sites
	-> Printing at chr: SczhEnG_513 pos:36054 chunknumber 64600 contains 306 sites
	-> Region lookup 135/1139
	-> Printing at chr: SczhEnG_514 pos:30788 chunknumber 64700 contains 263 sites
	-> Printing at chr: SczhEnG_514 pos:67231 chunknumber 64800 contains 305 sites
	-> Region lookup 136/1139
	-> Printing at chr: SczhEnG_515 pos:21769 chunknumber 64900 contains 352 sites
	-> Region lookup 137/1139
	-> Printing at chr: SczhEnG_517 pos:2595 chunknumber 65000 contains 426 sites
	-> Printing at chr: SczhEnG_517 pos:41351 chunknumber 65100 contains 338 sites
	-> Printing at chr: SczhEnG_517 pos:77303 chunknumber 65200 contains 436 sites
	-> Printing at chr: SczhEnG_517 pos:110769 chunknumber 65300 contains 273 sites
	-> Region lookup 138/1139
	-> Printing at chr: SczhEnG_519 pos:9224 chunknumber 65400 contains 419 sites
	-> Region lookup 139/1139
	-> Printing at chr: SczhEnG_521 pos:6037 chunknumber 65500 contains 251 sites
	-> Region lookup 140/1139
	-> Region lookup 141/1139
	-> Printing at chr: SczhEnG_527 pos:3109 chunknumber 65600 contains 366 sites
	-> Printing at chr: SczhEnG_527 pos:40799 chunknumber 65700 contains 446 sites
	-> Printing at chr: SczhEnG_527 pos:77383 chunknumber 65800 contains 307 sites
	-> Printing at chr: SczhEnG_527 pos:109713 chunknumber 65900 contains 254 sites
	-> Region lookup 142/1139
	-> Region lookup 143/1139
	-> Printing at chr: SczhEnG_532 pos:10210 chunknumber 66000 contains 333 sites
	-> Printing at chr: SczhEnG_532 pos:46635 chunknumber 66100 contains 427 sites
	-> Printing at chr: SczhEnG_532 pos:81764 chunknumber 66200 contains 511 sites
	-> Printing at chr: SczhEnG_532 pos:124607 chunknumber 66300 contains 251 sites
	-> Printing at chr: SczhEnG_532 pos:158469 chunknumber 66400 contains 358 sites
	-> Printing at chr: SczhEnG_532 pos:194840 chunknumber 66500 contains 535 sites
	-> Printing at chr: SczhEnG_532 pos:229878 chunknumber 66600 contains 256 sites
	-> Printing at chr: SczhEnG_532 pos:265826 chunknumber 66700 contains 366 sites
	-> Printing at chr: SczhEnG_532 pos:302108 chunknumber 66800 contains 383 sites
	-> Region lookup 144/1139
	-> Printing at chr: SczhEnG_536 pos:6014 chunknumber 66900 contains 256 sites
	-> Region lookup 145/1139
	-> Printing at chr: SczhEnG_538 pos:28146 chunknumber 67000 contains 389 sites
	-> Printing at chr: SczhEnG_538 pos:58236 chunknumber 67100 contains 315 sites
	-> Printing at chr: SczhEnG_538 pos:94719 chunknumber 67200 contains 307 sites
	-> Printing at chr: SczhEnG_538 pos:129632 chunknumber 67300 contains 419 sites
	-> Printing at chr: SczhEnG_538 pos:163267 chunknumber 67400 contains 394 sites
	-> Printing at chr: SczhEnG_538 pos:197266 chunknumber 67500 contains 320 sites
	-> Printing at chr: SczhEnG_538 pos:229737 chunknumber 67600 contains 399 sites
	-> Printing at chr: SczhEnG_538 pos:265584 chunknumber 67700 contains 348 sites
	-> Printing at chr: SczhEnG_538 pos:302990 chunknumber 67800 contains 487 sites
	-> Printing at chr: SczhEnG_538 pos:340513 chunknumber 67900 contains 283 sites
	-> Printing at chr: SczhEnG_538 pos:377004 chunknumber 68000 contains 251 sites
	-> Printing at chr: SczhEnG_538 pos:413115 chunknumber 68100 contains 252 sites
	-> Printing at chr: SczhEnG_538 pos:449254 chunknumber 68200 contains 548 sites
	-> Printing at chr: SczhEnG_538 pos:485208 chunknumber 68300 contains 310 sites
	-> Printing at chr: SczhEnG_538 pos:522358 chunknumber 68400 contains 268 sites
	-> Printing at chr: SczhEnG_538 pos:556822 chunknumber 68500 contains 252 sites
	-> Printing at chr: SczhEnG_538 pos:593858 chunknumber 68600 contains 256 sites
	-> Printing at chr: SczhEnG_538 pos:630141 chunknumber 68700 contains 515 sites
	-> Printing at chr: SczhEnG_538 pos:662961 chunknumber 68800 contains 255 sites
	-> Printing at chr: SczhEnG_538 pos:706942 chunknumber 68900 contains 298 sites
	-> Printing at chr: SczhEnG_538 pos:751058 chunknumber 69000 contains 679 sites
	-> Printing at chr: SczhEnG_538 pos:796300 chunknumber 69100 contains 255 sites
	-> Printing at chr: SczhEnG_538 pos:829101 chunknumber 69200 contains 255 sites
	-> Printing at chr: SczhEnG_538 pos:867883 chunknumber 69300 contains 305 sites
	-> Printing at chr: SczhEnG_538 pos:901532 chunknumber 69400 contains 355 sites
	-> Printing at chr: SczhEnG_538 pos:934097 chunknumber 69500 contains 466 sites
	-> Printing at chr: SczhEnG_538 pos:968264 chunknumber 69600 contains 319 sites
	-> Printing at chr: SczhEnG_538 pos:1001611 chunknumber 69700 contains 428 sites
	-> Printing at chr: SczhEnG_538 pos:1036998 chunknumber 69800 contains 311 sites
	-> Printing at chr: SczhEnG_538 pos:1071842 chunknumber 69900 contains 295 sites
	-> Printing at chr: SczhEnG_538 pos:1121075 chunknumber 70000 contains 544 sites
	-> Printing at chr: SczhEnG_538 pos:1190469 chunknumber 70100 contains 488 sites
	-> Printing at chr: SczhEnG_538 pos:1223112 chunknumber 70200 contains 302 sites
	-> Printing at chr: SczhEnG_538 pos:1257842 chunknumber 70300 contains 533 sites
	-> Printing at chr: SczhEnG_538 pos:1288966 chunknumber 70400 contains 299 sites
	-> Printing at chr: SczhEnG_538 pos:1324106 chunknumber 70500 contains 252 sites
	-> Printing at chr: SczhEnG_538 pos:1360702 chunknumber 70600 contains 352 sites
	-> Printing at chr: SczhEnG_538 pos:1394426 chunknumber 70700 contains 252 sites
	-> Printing at chr: SczhEnG_538 pos:1427655 chunknumber 70800 contains 540 sites
	-> Printing at chr: SczhEnG_538 pos:1462573 chunknumber 70900 contains 457 sites
	-> Printing at chr: SczhEnG_538 pos:1496772 chunknumber 71000 contains 296 sites
	-> Printing at chr: SczhEnG_538 pos:1532157 chunknumber 71100 contains 539 sites
	-> Printing at chr: SczhEnG_538 pos:1566723 chunknumber 71200 contains 785 sites
	-> Printing at chr: SczhEnG_538 pos:1603083 chunknumber 71300 contains 291 sites
	-> Printing at chr: SczhEnG_538 pos:1637830 chunknumber 71400 contains 448 sites
	-> Printing at chr: SczhEnG_538 pos:1671910 chunknumber 71500 contains 450 sites
	-> Printing at chr: SczhEnG_538 pos:1707448 chunknumber 71600 contains 263 sites
	-> Printing at chr: SczhEnG_538 pos:1744671 chunknumber 71700 contains 309 sites
	-> Printing at chr: SczhEnG_538 pos:1779599 chunknumber 71800 contains 270 sites
	-> Printing at chr: SczhEnG_538 pos:1814455 chunknumber 71900 contains 252 sites
	-> Printing at chr: SczhEnG_538 pos:1850694 chunknumber 72000 contains 258 sites
	-> Printing at chr: SczhEnG_538 pos:1901671 chunknumber 72100 contains 607 sites
	-> Printing at chr: SczhEnG_538 pos:1938177 chunknumber 72200 contains 318 sites
	-> Printing at chr: SczhEnG_538 pos:1973466 chunknumber 72300 contains 361 sites
	-> Printing at chr: SczhEnG_538 pos:2008411 chunknumber 72400 contains 383 sites
	-> Printing at chr: SczhEnG_538 pos:2043211 chunknumber 72500 contains 330 sites
	-> Printing at chr: SczhEnG_538 pos:2078575 chunknumber 72600 contains 470 sites
	-> Printing at chr: SczhEnG_538 pos:2114436 chunknumber 72700 contains 394 sites
	-> Printing at chr: SczhEnG_538 pos:2148392 chunknumber 72800 contains 553 sites
	-> Region lookup 146/1139
	-> Printing at chr: SczhEnG_547 pos:13351 chunknumber 72900 contains 251 sites
	-> Printing at chr: SczhEnG_547 pos:52203 chunknumber 73000 contains 253 sites
	-> Printing at chr: SczhEnG_547 pos:87400 chunknumber 73100 contains 260 sites
	-> Printing at chr: SczhEnG_547 pos:123027 chunknumber 73200 contains 270 sites
	-> Printing at chr: SczhEnG_547 pos:158282 chunknumber 73300 contains 400 sites
	-> Printing at chr: SczhEnG_547 pos:193351 chunknumber 73400 contains 299 sites
	-> Printing at chr: SczhEnG_547 pos:229840 chunknumber 73500 contains 256 sites
	-> Printing at chr: SczhEnG_547 pos:274056 chunknumber 73600 contains 251 sites
	-> Region lookup 147/1139
	-> Printing at chr: SczhEnG_549 pos:14921 chunknumber 73700 contains 252 sites
	-> Printing at chr: SczhEnG_549 pos:46902 chunknumber 73800 contains 253 sites
	-> Printing at chr: SczhEnG_549 pos:81381 chunknumber 73900 contains 342 sites
	-> Printing at chr: SczhEnG_549 pos:114937 chunknumber 74000 contains 332 sites
	-> Printing at chr: SczhEnG_549 pos:166853 chunknumber 74100 contains 397 sites
	-> Printing at chr: SczhEnG_549 pos:201557 chunknumber 74200 contains 390 sites
	-> Printing at chr: SczhEnG_549 pos:237288 chunknumber 74300 contains 487 sites
	-> Printing at chr: SczhEnG_549 pos:271769 chunknumber 74400 contains 310 sites
	-> Region lookup 148/1139
	-> Printing at chr: SczhEnG_551 pos:10820 chunknumber 74500 contains 256 sites
	-> Region lookup 149/1139
	-> Printing at chr: SczhEnG_552 pos:19628 chunknumber 74600 contains 367 sites
	-> Printing at chr: SczhEnG_552 pos:53742 chunknumber 74700 contains 342 sites
	-> Printing at chr: SczhEnG_552 pos:88073 chunknumber 74800 contains 273 sites
	-> Region lookup 150/1139
	-> Printing at chr: SczhEnG_555 pos:4636 chunknumber 74900 contains 301 sites
	-> Printing at chr: SczhEnG_555 pos:38436 chunknumber 75000 contains 278 sites
	-> Printing at chr: SczhEnG_555 pos:74077 chunknumber 75100 contains 314 sites
	-> Printing at chr: SczhEnG_555 pos:110652 chunknumber 75200 contains 396 sites
	-> Printing at chr: SczhEnG_555 pos:146720 chunknumber 75300 contains 355 sites
	-> Printing at chr: SczhEnG_555 pos:185367 chunknumber 75400 contains 252 sites
	-> Region lookup 151/1139
	-> Printing at chr: SczhEnG_560 pos:17062 chunknumber 75500 contains 252 sites
	-> Region lookup 152/1139
	-> Printing at chr: SczhEnG_562 pos:35215 chunknumber 75600 contains 380 sites
	-> Printing at chr: SczhEnG_562 pos:71142 chunknumber 75700 contains 257 sites
	-> Printing at chr: SczhEnG_562 pos:107691 chunknumber 75800 contains 420 sites
	-> Region lookup 153/1139
	-> Printing at chr: SczhEnG_564 pos:13344 chunknumber 75900 contains 322 sites
	-> Printing at chr: SczhEnG_564 pos:48631 chunknumber 76000 contains 304 sites
	-> Region lookup 154/1139
	-> Printing at chr: SczhEnG_572 pos:4976 chunknumber 76100 contains 251 sites
	-> Printing at chr: SczhEnG_572 pos:45537 chunknumber 76200 contains 335 sites
	-> Region lookup 155/1139
	-> Printing at chr: SczhEnG_572 pos:79932 chunknumber 76300 contains 10 sites
	-> Printing at chr: SczhEnG_574 pos:33649 chunknumber 76400 contains 354 sites
	-> Printing at chr: SczhEnG_574 pos:69229 chunknumber 76500 contains 427 sites
	-> Printing at chr: SczhEnG_574 pos:104645 chunknumber 76600 contains 385 sites
	-> Printing at chr: SczhEnG_574 pos:140304 chunknumber 76700 contains 271 sites
	-> Printing at chr: SczhEnG_574 pos:174537 chunknumber 76800 contains 479 sites
	-> Printing at chr: SczhEnG_574 pos:210204 chunknumber 76900 contains 380 sites
	-> Printing at chr: SczhEnG_574 pos:244672 chunknumber 77000 contains 327 sites
	-> Printing at chr: SczhEnG_574 pos:281165 chunknumber 77100 contains 331 sites
	-> Printing at chr: SczhEnG_574 pos:315257 chunknumber 77200 contains 356 sites
	-> Printing at chr: SczhEnG_574 pos:349215 chunknumber 77300 contains 259 sites
	-> Printing at chr: SczhEnG_574 pos:384168 chunknumber 77400 contains 413 sites
	-> Printing at chr: SczhEnG_574 pos:419671 chunknumber 77500 contains 344 sites
	-> Printing at chr: SczhEnG_574 pos:457374 chunknumber 77600 contains 258 sites
	-> Printing at chr: SczhEnG_574 pos:492070 chunknumber 77700 contains 254 sites
	-> Printing at chr: SczhEnG_574 pos:528656 chunknumber 77800 contains 482 sites
	-> Printing at chr: SczhEnG_574 pos:565261 chunknumber 77900 contains 253 sites
	-> Region lookup 156/1139
	-> Printing at chr: SczhEnG_579 pos:10259 chunknumber 78000 contains 257 sites
	-> Printing at chr: SczhEnG_579 pos:44658 chunknumber 78100 contains 252 sites
	-> Region lookup 157/1139
	-> Printing at chr: SczhEnG_581 pos:30932 chunknumber 78200 contains 408 sites
	-> Region lookup 158/1139
	-> Printing at chr: SczhEnG_586 pos:13393 chunknumber 78300 contains 290 sites
	-> Printing at chr: SczhEnG_586 pos:57447 chunknumber 78400 contains 251 sites
	-> Region lookup 159/1139
	-> Printing at chr: SczhEnG_588 pos:6748 chunknumber 78500 contains 281 sites
	-> Region lookup 160/1139
	-> Printing at chr: SczhEnG_590 pos:3876 chunknumber 78600 contains 400 sites
	-> Region lookup 161/1139
	-> Printing at chr: SczhEnG_590 pos:49706 chunknumber 78700 contains 89 sites
	-> Printing at chr: SczhEnG_595 pos:35094 chunknumber 78800 contains 442 sites
	-> Region lookup 162/1139
	-> Printing at chr: SczhEnG_603 pos:12766 chunknumber 78900 contains 319 sites
	-> Printing at chr: SczhEnG_603 pos:47672 chunknumber 79000 contains 556 sites
	-> Printing at chr: SczhEnG_603 pos:83284 chunknumber 79100 contains 421 sites
	-> Printing at chr: SczhEnG_603 pos:117910 chunknumber 79200 contains 430 sites
	-> Printing at chr: SczhEnG_603 pos:152476 chunknumber 79300 contains 258 sites
	-> Region lookup 163/1139
	-> Printing at chr: SczhEnG_605 pos:19206 chunknumber 79400 contains 354 sites
	-> Printing at chr: SczhEnG_605 pos:53651 chunknumber 79500 contains 679 sites
	-> Region lookup 164/1139
	-> Printing at chr: SczhEnG_608 pos:26307 chunknumber 79600 contains 428 sites
	-> Printing at chr: SczhEnG_608 pos:63180 chunknumber 79700 contains 378 sites
	-> Printing at chr: SczhEnG_608 pos:100262 chunknumber 79800 contains 306 sites
	-> Region lookup 165/1139
	-> Printing at chr: SczhEnG_612 pos:24899 chunknumber 79900 contains 300 sites
	-> Printing at chr: SczhEnG_612 pos:59487 chunknumber 80000 contains 251 sites
	-> Printing at chr: SczhEnG_612 pos:86082 chunknumber 80100 contains 255 sites
	-> Printing at chr: SczhEnG_612 pos:120125 chunknumber 80200 contains 327 sites
	-> Printing at chr: SczhEnG_612 pos:155741 chunknumber 80300 contains 324 sites
	-> Printing at chr: SczhEnG_612 pos:190683 chunknumber 80400 contains 293 sites
	-> Printing at chr: SczhEnG_612 pos:225840 chunknumber 80500 contains 425 sites
	-> Printing at chr: SczhEnG_612 pos:271808 chunknumber 80600 contains 373 sites
	-> Printing at chr: SczhEnG_612 pos:308736 chunknumber 80700 contains 251 sites
	-> Printing at chr: SczhEnG_612 pos:343225 chunknumber 80800 contains 326 sites
	-> Printing at chr: SczhEnG_612 pos:386902 chunknumber 80900 contains 453 sites
	-> Printing at chr: SczhEnG_612 pos:422253 chunknumber 81000 contains 413 sites
	-> Printing at chr: SczhEnG_612 pos:458065 chunknumber 81100 contains 313 sites
	-> Printing at chr: SczhEnG_612 pos:493877 chunknumber 81200 contains 591 sites
	-> Printing at chr: SczhEnG_612 pos:530229 chunknumber 81300 contains 376 sites
	-> Printing at chr: SczhEnG_612 pos:564497 chunknumber 81400 contains 530 sites
	-> Region lookup 166/1139
	-> Region lookup 167/1139
	-> Printing at chr: SczhEnG_617 pos:5057 chunknumber 81500 contains 402 sites
	-> Printing at chr: SczhEnG_617 pos:39799 chunknumber 81600 contains 302 sites
	-> Region lookup 168/1139
	-> Printing at chr: SczhEnG_618 pos:37488 chunknumber 81700 contains 343 sites
	-> Printing at chr: SczhEnG_618 pos:71811 chunknumber 81800 contains 276 sites
	-> Printing at chr: SczhEnG_618 pos:104387 chunknumber 81900 contains 251 sites
	-> Region lookup 169/1139
	-> Printing at chr: SczhEnG_624 pos:11586 chunknumber 82000 contains 301 sites
	-> Printing at chr: SczhEnG_624 pos:56121 chunknumber 82100 contains 2214 sites
	-> Printing at chr: SczhEnG_624 pos:97988 chunknumber 82200 contains 255 sites
	-> Printing at chr: SczhEnG_624 pos:130637 chunknumber 82300 contains 254 sites
	-> Printing at chr: SczhEnG_624 pos:165440 chunknumber 82400 contains 304 sites
	-> Printing at chr: SczhEnG_624 pos:200854 chunknumber 82500 contains 351 sites
	-> Printing at chr: SczhEnG_624 pos:238169 chunknumber 82600 contains 206 sites
	-> Printing at chr: SczhEnG_624 pos:272583 chunknumber 82700 contains 257 sites
	-> Printing at chr: SczhEnG_624 pos:306757 chunknumber 82800 contains 317 sites
	-> Printing at chr: SczhEnG_624 pos:342370 chunknumber 82900 contains 313 sites
	-> Printing at chr: SczhEnG_624 pos:376991 chunknumber 83000 contains 321 sites
	-> Printing at chr: SczhEnG_624 pos:412240 chunknumber 83100 contains 381 sites
	-> Printing at chr: SczhEnG_624 pos:445735 chunknumber 83200 contains 297 sites
	-> Printing at chr: SczhEnG_624 pos:479652 chunknumber 83300 contains 346 sites
	-> Printing at chr: SczhEnG_624 pos:513878 chunknumber 83400 contains 446 sites
	-> Printing at chr: SczhEnG_624 pos:549425 chunknumber 83500 contains 251 sites
	-> Printing at chr: SczhEnG_624 pos:581287 chunknumber 83600 contains 385 sites
	-> Printing at chr: SczhEnG_624 pos:620222 chunknumber 83700 contains 256 sites
	-> Printing at chr: SczhEnG_624 pos:658284 chunknumber 83800 contains 291 sites
	-> Printing at chr: SczhEnG_624 pos:694248 chunknumber 83900 contains 316 sites
	-> Region lookup 170/1139
	-> Printing at chr: SczhEnG_629 pos:30338 chunknumber 84000 contains 325 sites
	-> Printing at chr: SczhEnG_629 pos:74227 chunknumber 84100 contains 288 sites
	-> Printing at chr: SczhEnG_629 pos:107080 chunknumber 84200 contains 261 sites

	-> Allocated ~ 100 million nodes to the nodepool, this is not an estimate of the memory usage
	-> Printing at chr: SczhEnG_629 pos:142825 chunknumber 84300 contains 257 sites
	-> Printing at chr: SczhEnG_629 pos:176743 chunknumber 84400 contains 256 sites
	-> Printing at chr: SczhEnG_629 pos:211594 chunknumber 84500 contains 267 sites
	-> Printing at chr: SczhEnG_629 pos:243966 chunknumber 84600 contains 251 sites
	-> Region lookup 171/1139
	-> Region lookup 172/1139
	-> Printing at chr: SczhEnG_633 pos:4251 chunknumber 84700 contains 251 sites
	-> Region lookup 173/1139
	-> Printing at chr: SczhEnG_634 pos:38081 chunknumber 84800 contains 259 sites
	-> Printing at chr: SczhEnG_634 pos:85882 chunknumber 84900 contains 258 sites
	-> Region lookup 174/1139
	-> Printing at chr: SczhEnG_638 pos:31494 chunknumber 85000 contains 254 sites
	-> Region lookup 175/1139
	-> Printing at chr: SczhEnG_639 pos:23420 chunknumber 85100 contains 284 sites
	-> Region lookup 176/1139
	-> Printing at chr: SczhEnG_646 pos:26483 chunknumber 85200 contains 420 sites
	-> Region lookup 177/1139
	-> Printing at chr: SczhEnG_647 pos:14324 chunknumber 85300 contains 314 sites
	-> Printing at chr: SczhEnG_647 pos:49667 chunknumber 85400 contains 262 sites
	-> Printing at chr: SczhEnG_647 pos:85083 chunknumber 85500 contains 316 sites
	-> Printing at chr: SczhEnG_647 pos:121173 chunknumber 85600 contains 260 sites
	-> Printing at chr: SczhEnG_647 pos:154998 chunknumber 85700 contains 374 sites
	-> Printing at chr: SczhEnG_647 pos:190234 chunknumber 85800 contains 253 sites
	-> Printing at chr: SczhEnG_647 pos:230677 chunknumber 85900 contains 284 sites
	-> Printing at chr: SczhEnG_647 pos:269663 chunknumber 86000 contains 309 sites
	-> Printing at chr: SczhEnG_647 pos:306362 chunknumber 86100 contains 345 sites
	-> Printing at chr: SczhEnG_647 pos:343011 chunknumber 86200 contains 264 sites
	-> Printing at chr: SczhEnG_647 pos:378914 chunknumber 86300 contains 334 sites
	-> Printing at chr: SczhEnG_647 pos:411431 chunknumber 86400 contains 399 sites
	-> Printing at chr: SczhEnG_647 pos:449446 chunknumber 86500 contains 332 sites
	-> Printing at chr: SczhEnG_647 pos:486659 chunknumber 86600 contains 310 sites
	-> Printing at chr: SczhEnG_647 pos:520678 chunknumber 86700 contains 251 sites
	-> Printing at chr: SczhEnG_647 pos:568477 chunknumber 86800 contains 343 sites
	-> Printing at chr: SczhEnG_647 pos:603580 chunknumber 86900 contains 343 sites
	-> Region lookup 178/1139
	-> Printing at chr: SczhEnG_651 pos:4287 chunknumber 87000 contains 251 sites
	-> Printing at chr: SczhEnG_651 pos:37644 chunknumber 87100 contains 367 sites
	-> Printing at chr: SczhEnG_651 pos:71903 chunknumber 87200 contains 480 sites
	-> Region lookup 179/1139
	-> Printing at chr: SczhEnG_654 pos:6004 chunknumber 87300 contains 383 sites
	-> Region lookup 180/1139
	-> Printing at chr: SczhEnG_655 pos:28293 chunknumber 87400 contains 496 sites
	-> Printing at chr: SczhEnG_655 pos:61076 chunknumber 87500 contains 365 sites
	-> Printing at chr: SczhEnG_655 pos:96656 chunknumber 87600 contains 293 sites
	-> Printing at chr: SczhEnG_655 pos:131850 chunknumber 87700 contains 438 sites
	-> Printing at chr: SczhEnG_655 pos:165394 chunknumber 87800 contains 369 sites
	-> Printing at chr: SczhEnG_655 pos:208146 chunknumber 87900 contains 265 sites
	-> Printing at chr: SczhEnG_655 pos:245103 chunknumber 88000 contains 314 sites
	-> Printing at chr: SczhEnG_655 pos:279677 chunknumber 88100 contains 318 sites
	-> Printing at chr: SczhEnG_655 pos:323188 chunknumber 88200 contains 1007 sites
	-> Printing at chr: SczhEnG_655 pos:362865 chunknumber 88300 contains 255 sites
	-> Printing at chr: SczhEnG_655 pos:400963 chunknumber 88400 contains 326 sites
	-> Printing at chr: SczhEnG_655 pos:434367 chunknumber 88500 contains 252 sites
	-> Printing at chr: SczhEnG_655 pos:468550 chunknumber 88600 contains 266 sites
	-> Printing at chr: SczhEnG_655 pos:502796 chunknumber 88700 contains 261 sites
	-> Printing at chr: SczhEnG_655 pos:536235 chunknumber 88800 contains 288 sites
	-> Printing at chr: SczhEnG_655 pos:571836 chunknumber 88900 contains 266 sites
	-> Region lookup 181/1139
	-> Printing at chr: SczhEnG_667 pos:27891 chunknumber 89000 contains 313 sites
	-> Region lookup 182/1139
	-> Region lookup 183/1139
	-> Printing at chr: SczhEnG_677 pos:14617 chunknumber 89100 contains 448 sites
	-> Region lookup 184/1139
	-> Printing at chr: SczhEnG_681 pos:8918 chunknumber 89200 contains 541 sites
	-> Printing at chr: SczhEnG_681 pos:49949 chunknumber 89300 contains 581 sites
	-> Printing at chr: SczhEnG_681 pos:83882 chunknumber 89400 contains 263 sites
	-> Region lookup 185/1139
	-> Printing at chr: SczhEnG_682 pos:28367 chunknumber 89500 contains 263 sites
	-> Printing at chr: SczhEnG_682 pos:63820 chunknumber 89600 contains 454 sites
	-> Printing at chr: SczhEnG_682 pos:98647 chunknumber 89700 contains 426 sites
	-> Region lookup 186/1139
	-> Printing at chr: SczhEnG_684 pos:22631 chunknumber 89800 contains 269 sites
	-> Printing at chr: SczhEnG_684 pos:61723 chunknumber 89900 contains 256 sites
	-> Printing at chr: SczhEnG_684 pos:88095 chunknumber 90000 contains 365 sites
	-> Printing at chr: SczhEnG_684 pos:119513 chunknumber 90100 contains 323 sites
	-> Printing at chr: SczhEnG_684 pos:150805 chunknumber 90200 contains 262 sites
	-> Printing at chr: SczhEnG_684 pos:184156 chunknumber 90300 contains 348 sites
	-> Printing at chr: SczhEnG_684 pos:217376 chunknumber 90400 contains 386 sites
	-> Printing at chr: SczhEnG_684 pos:251488 chunknumber 90500 contains 559 sites
	-> Printing at chr: SczhEnG_684 pos:283280 chunknumber 90600 contains 294 sites
	-> Printing at chr: SczhEnG_684 pos:319442 chunknumber 90700 contains 254 sites
	-> Region lookup 187/1139
	-> Printing at chr: SczhEnG_685 pos:30525 chunknumber 90800 contains 272 sites
	-> Region lookup 188/1139
	-> Printing at chr: SczhEnG_693 pos:37783 chunknumber 90900 contains 488 sites
	-> Region lookup 189/1139
	-> Region lookup 190/1139
	-> Printing at chr: SczhEnG_707 pos:1392 chunknumber 91000 contains 253 sites
	-> Region lookup 191/1139
	-> Printing at chr: SczhEnG_707 pos:33598 chunknumber 91100 contains 22 sites
	-> Region lookup 192/1139
	-> Printing at chr: SczhEnG_711 pos:4841 chunknumber 91200 contains 275 sites
	-> Printing at chr: SczhEnG_711 pos:40476 chunknumber 91300 contains 254 sites
	-> Printing at chr: SczhEnG_711 pos:76913 chunknumber 91400 contains 268 sites
	-> Printing at chr: SczhEnG_711 pos:111823 chunknumber 91500 contains 282 sites
	-> Printing at chr: SczhEnG_711 pos:149104 chunknumber 91600 contains 402 sites
	-> Region lookup 193/1139
	-> Printing at chr: SczhEnG_720 pos:20168 chunknumber 91700 contains 362 sites
	-> Region lookup 194/1139
	-> Region lookup 195/1139
	-> Printing at chr: SczhEnG_723 pos:1380 chunknumber 91800 contains 253 sites
	-> Region lookup 196/1139
	-> Printing at chr: SczhEnG_726 pos:5652 chunknumber 91900 contains 252 sites
	-> Printing at chr: SczhEnG_726 pos:38911 chunknumber 92000 contains 253 sites
	-> Region lookup 197/1139
	-> Printing at chr: SczhEnG_732 pos:13778 chunknumber 92100 contains 336 sites
	-> Region lookup 198/1139
	-> Printing at chr: SczhEnG_734 pos:6454 chunknumber 92200 contains 342 sites
	-> Region lookup 199/1139
	-> Printing at chr: SczhEnG_739 pos:21548 chunknumber 92300 contains 256 sites
	-> Region lookup 200/1139
	-> Printing at chr: SczhEnG_745 pos:2505 chunknumber 92400 contains 284 sites
	-> Printing at chr: SczhEnG_745 pos:37785 chunknumber 92500 contains 1490 sites
	-> Printing at chr: SczhEnG_745 pos:76543 chunknumber 92600 contains 300 sites
	-> Printing at chr: SczhEnG_745 pos:119002 chunknumber 92700 contains 260 sites
	-> Printing at chr: SczhEnG_745 pos:162188 chunknumber 92800 contains 375 sites
	-> Printing at chr: SczhEnG_745 pos:194536 chunknumber 92900 contains 252 sites
	-> Printing at chr: SczhEnG_745 pos:230897 chunknumber 93000 contains 346 sites
	-> Printing at chr: SczhEnG_745 pos:265997 chunknumber 93100 contains 1373 sites
	-> Printing at chr: SczhEnG_745 pos:318102 chunknumber 93200 contains 414 sites
	-> Printing at chr: SczhEnG_745 pos:352680 chunknumber 93300 contains 523 sites
	-> Printing at chr: SczhEnG_745 pos:387479 chunknumber 93400 contains 305 sites
	-> Printing at chr: SczhEnG_745 pos:424332 chunknumber 93500 contains 256 sites
	-> Printing at chr: SczhEnG_745 pos:458320 chunknumber 93600 contains 253 sites
	-> Printing at chr: SczhEnG_745 pos:498969 chunknumber 93700 contains 259 sites
	-> Region lookup 201/1139
	-> Printing at chr: SczhEnG_750 pos:13695 chunknumber 93800 contains 251 sites
	-> Printing at chr: SczhEnG_750 pos:46674 chunknumber 93900 contains 260 sites
	-> Printing at chr: SczhEnG_750 pos:83107 chunknumber 94000 contains 507 sites
	-> Printing at chr: SczhEnG_750 pos:120572 chunknumber 94100 contains 324 sites
	-> Printing at chr: SczhEnG_750 pos:156952 chunknumber 94200 contains 366 sites
	-> Printing at chr: SczhEnG_750 pos:195999 chunknumber 94300 contains 278 sites
	-> Printing at chr: SczhEnG_750 pos:234551 chunknumber 94400 contains 559 sites
	-> Printing at chr: SczhEnG_750 pos:269089 chunknumber 94500 contains 393 sites
	-> Printing at chr: SczhEnG_750 pos:306153 chunknumber 94600 contains 253 sites
	-> Printing at chr: SczhEnG_750 pos:343148 chunknumber 94700 contains 457 sites
	-> Printing at chr: SczhEnG_750 pos:375953 chunknumber 94800 contains 383 sites
	-> Printing at chr: SczhEnG_750 pos:413790 chunknumber 94900 contains 276 sites
	-> Printing at chr: SczhEnG_750 pos:445868 chunknumber 95000 contains 483 sites
	-> Printing at chr: SczhEnG_750 pos:482171 chunknumber 95100 contains 340 sites
	-> Printing at chr: SczhEnG_750 pos:517361 chunknumber 95200 contains 407 sites
	-> Printing at chr: SczhEnG_750 pos:550997 chunknumber 95300 contains 284 sites
	-> Printing at chr: SczhEnG_750 pos:586890 chunknumber 95400 contains 458 sites
	-> Region lookup 202/1139
	-> Region lookup 203/1139
	-> Printing at chr: SczhEnG_760 pos:13265 chunknumber 95500 contains 257 sites
	-> Printing at chr: SczhEnG_760 pos:45109 chunknumber 95600 contains 251 sites
	-> Printing at chr: SczhEnG_760 pos:73647 chunknumber 95700 contains 376 sites
	-> Printing at chr: SczhEnG_760 pos:109936 chunknumber 95800 contains 299 sites
	-> Printing at chr: SczhEnG_760 pos:141415 chunknumber 95900 contains 507 sites
	-> Printing at chr: SczhEnG_760 pos:180182 chunknumber 96000 contains 330 sites
	-> Region lookup 204/1139
	-> Printing at chr: SczhEnG_760 pos:213485 chunknumber 96100 contains 19 sites
	-> Region lookup 205/1139
	-> Printing at chr: SczhEnG_766 pos:13067 chunknumber 96200 contains 273 sites
	-> Printing at chr: SczhEnG_766 pos:57480 chunknumber 96300 contains 257 sites
	-> Printing at chr: SczhEnG_766 pos:85778 chunknumber 96400 contains 251 sites
	-> Region lookup 206/1139
	-> Printing at chr: SczhEnG_767 pos:20681 chunknumber 96500 contains 286 sites
	-> Region lookup 207/1139
	-> Printing at chr: SczhEnG_770 pos:27746 chunknumber 96600 contains 393 sites
	-> Printing at chr: SczhEnG_770 pos:61606 chunknumber 96700 contains 362 sites
	-> Region lookup 208/1139
	-> Printing at chr: SczhEnG_780 pos:18662 chunknumber 96800 contains 289 sites
	-> Printing at chr: SczhEnG_780 pos:54038 chunknumber 96900 contains 257 sites
	-> Region lookup 209/1139
	-> Printing at chr: SczhEnG_788 pos:27534 chunknumber 97000 contains 406 sites
	-> Region lookup 210/1139
	-> Printing at chr: SczhEnG_789 pos:12499 chunknumber 97100 contains 285 sites
	-> Printing at chr: SczhEnG_789 pos:48629 chunknumber 97200 contains 347 sites
	-> Printing at chr: SczhEnG_789 pos:86094 chunknumber 97300 contains 251 sites
	-> Printing at chr: SczhEnG_789 pos:119513 chunknumber 97400 contains 256 sites
	-> Printing at chr: SczhEnG_789 pos:154451 chunknumber 97500 contains 321 sites
	-> Printing at chr: SczhEnG_789 pos:188756 chunknumber 97600 contains 255 sites
	-> Printing at chr: SczhEnG_789 pos:223388 chunknumber 97700 contains 317 sites
	-> Printing at chr: SczhEnG_789 pos:258425 chunknumber 97800 contains 305 sites
	-> Printing at chr: SczhEnG_789 pos:294366 chunknumber 97900 contains 302 sites
	-> Printing at chr: SczhEnG_789 pos:329154 chunknumber 98000 contains 482 sites
	-> Printing at chr: SczhEnG_789 pos:365674 chunknumber 98100 contains 253 sites
	-> Printing at chr: SczhEnG_789 pos:402405 chunknumber 98200 contains 318 sites
	-> Printing at chr: SczhEnG_789 pos:436276 chunknumber 98300 contains 342 sites
	-> Printing at chr: SczhEnG_789 pos:471364 chunknumber 98400 contains 295 sites
	-> Printing at chr: SczhEnG_789 pos:506200 chunknumber 98500 contains 320 sites
	-> Printing at chr: SczhEnG_789 pos:540670 chunknumber 98600 contains 352 sites
	-> Printing at chr: SczhEnG_789 pos:577238 chunknumber 98700 contains 340 sites
	-> Region lookup 211/1139
	-> Printing at chr: SczhEnG_803 pos:19333 chunknumber 98800 contains 255 sites
	-> Printing at chr: SczhEnG_803 pos:59809 chunknumber 98900 contains 428 sites
	-> Region lookup 212/1139
	-> Region lookup 213/1139
	-> Printing at chr: SczhEnG_805 pos:7781 chunknumber 99000 contains 254 sites
	-> Printing at chr: SczhEnG_805 pos:45795 chunknumber 99100 contains 268 sites
	-> Printing at chr: SczhEnG_805 pos:80322 chunknumber 99200 contains 258 sites
	-> Region lookup 214/1139
	-> Printing at chr: SczhEnG_806 pos:17290 chunknumber 99300 contains 254 sites
	-> Printing at chr: SczhEnG_806 pos:46917 chunknumber 99400 contains 255 sites
	-> Printing at chr: SczhEnG_806 pos:82941 chunknumber 99500 contains 364 sites
	-> Region lookup 215/1139
	-> Printing at chr: SczhEnG_812 pos:18078 chunknumber 99600 contains 253 sites
	-> Region lookup 216/1139
	-> Printing at chr: SczhEnG_815 pos:10254 chunknumber 99700 contains 407 sites
	-> Region lookup 217/1139
	-> Printing at chr: SczhEnG_817 pos:4790 chunknumber 99800 contains 403 sites
	-> Region lookup 218/1139
	-> Printing at chr: SczhEnG_820 pos:23325 chunknumber 99900 contains 254 sites
	-> Region lookup 219/1139
	-> Printing at chr: SczhEnG_824 pos:17100 chunknumber 100000 contains 282 sites
	-> Region lookup 220/1139
	-> Printing at chr: SczhEnG_828 pos:23475 chunknumber 100100 contains 269 sites
	-> Printing at chr: SczhEnG_828 pos:58195 chunknumber 100200 contains 339 sites
	-> Printing at chr: SczhEnG_828 pos:95355 chunknumber 100300 contains 372 sites
	-> Printing at chr: SczhEnG_828 pos:129926 chunknumber 100400 contains 384 sites
	-> Printing at chr: SczhEnG_828 pos:175003 chunknumber 100500 contains 251 sites
	-> Printing at chr: SczhEnG_828 pos:215610 chunknumber 100600 contains 823 sites
	-> Printing at chr: SczhEnG_828 pos:282977 chunknumber 100700 contains 281 sites
	-> Printing at chr: SczhEnG_828 pos:315369 chunknumber 100800 contains 252 sites
	-> Printing at chr: SczhEnG_828 pos:348011 chunknumber 100900 contains 256 sites
	-> Printing at chr: SczhEnG_828 pos:384881 chunknumber 101000 contains 252 sites
	-> Printing at chr: SczhEnG_828 pos:422396 chunknumber 101100 contains 257 sites
	-> Printing at chr: SczhEnG_828 pos:454185 chunknumber 101200 contains 355 sites
	-> Printing at chr: SczhEnG_828 pos:488619 chunknumber 101300 contains 501 sites
	-> Printing at chr: SczhEnG_828 pos:523865 chunknumber 101400 contains 262 sites
	-> Printing at chr: SczhEnG_828 pos:558462 chunknumber 101500 contains 319 sites
	-> Printing at chr: SczhEnG_828 pos:592450 chunknumber 101600 contains 252 sites
	-> Printing at chr: SczhEnG_828 pos:627600 chunknumber 101700 contains 379 sites
	-> Printing at chr: SczhEnG_828 pos:662419 chunknumber 101800 contains 279 sites
	-> Printing at chr: SczhEnG_828 pos:695933 chunknumber 101900 contains 262 sites
	-> Printing at chr: SczhEnG_828 pos:730950 chunknumber 102000 contains 310 sites
	-> Printing at chr: SczhEnG_828 pos:766561 chunknumber 102100 contains 386 sites
	-> Printing at chr: SczhEnG_828 pos:803752 chunknumber 102200 contains 451 sites
	-> Printing at chr: SczhEnG_828 pos:836910 chunknumber 102300 contains 646 sites
	-> Printing at chr: SczhEnG_828 pos:869726 chunknumber 102400 contains 276 sites
	-> Printing at chr: SczhEnG_828 pos:904838 chunknumber 102500 contains 427 sites
	-> Printing at chr: SczhEnG_828 pos:940821 chunknumber 102600 contains 365 sites
	-> Printing at chr: SczhEnG_828 pos:973631 chunknumber 102700 contains 342 sites
	-> Printing at chr: SczhEnG_828 pos:1007813 chunknumber 102800 contains 314 sites
	-> Printing at chr: SczhEnG_828 pos:1040805 chunknumber 102900 contains 293 sites
	-> Region lookup 221/1139
	-> Printing at chr: SczhEnG_830 pos:27068 chunknumber 103000 contains 290 sites
	-> Printing at chr: SczhEnG_830 pos:60845 chunknumber 103100 contains 406 sites
	-> Printing at chr: SczhEnG_830 pos:96303 chunknumber 103200 contains 303 sites
	-> Printing at chr: SczhEnG_830 pos:132953 chunknumber 103300 contains 297 sites
	-> Printing at chr: SczhEnG_830 pos:169346 chunknumber 103400 contains 346 sites
	-> Printing at chr: SczhEnG_830 pos:207577 chunknumber 103500 contains 360 sites
	-> Printing at chr: SczhEnG_830 pos:243406 chunknumber 103600 contains 251 sites
	-> Printing at chr: SczhEnG_830 pos:277047 chunknumber 103700 contains 255 sites
	-> Printing at chr: SczhEnG_830 pos:312427 chunknumber 103800 contains 257 sites
	-> Printing at chr: SczhEnG_830 pos:346559 chunknumber 103900 contains 252 sites
	-> Printing at chr: SczhEnG_830 pos:381730 chunknumber 104000 contains 390 sites
	-> Printing at chr: SczhEnG_830 pos:416705 chunknumber 104100 contains 329 sites
	-> Printing at chr: SczhEnG_830 pos:452002 chunknumber 104200 contains 288 sites
	-> Printing at chr: SczhEnG_830 pos:487054 chunknumber 104300 contains 397 sites
	-> Printing at chr: SczhEnG_830 pos:521592 chunknumber 104400 contains 323 sites
	-> Printing at chr: SczhEnG_830 pos:554531 chunknumber 104500 contains 252 sites
	-> Region lookup 222/1139
	-> Printing at chr: SczhEnG_831 pos:28315 chunknumber 104600 contains 387 sites
	-> Printing at chr: SczhEnG_831 pos:63021 chunknumber 104700 contains 365 sites
	-> Region lookup 223/1139
	-> Printing at chr: SczhEnG_831 pos:95505 chunknumber 104800 contains 75 sites
	-> Printing at chr: SczhEnG_840 pos:35941 chunknumber 104900 contains 328 sites
	-> Region lookup 224/1139
	-> Printing at chr: SczhEnG_841 pos:19626 chunknumber 105000 contains 1273 sites
	-> Printing at chr: SczhEnG_841 pos:53504 chunknumber 105100 contains 392 sites
	-> Printing at chr: SczhEnG_841 pos:87993 chunknumber 105200 contains 341 sites
	-> Printing at chr: SczhEnG_841 pos:121628 chunknumber 105300 contains 259 sites
	-> Printing at chr: SczhEnG_841 pos:156427 chunknumber 105400 contains 352 sites
	-> Printing at chr: SczhEnG_841 pos:189438 chunknumber 105500 contains 384 sites
	-> Printing at chr: SczhEnG_841 pos:223645 chunknumber 105600 contains 380 sites
	-> Printing at chr: SczhEnG_841 pos:258091 chunknumber 105700 contains 427 sites
	-> Region lookup 225/1139
	-> Printing at chr: SczhEnG_843 pos:16137 chunknumber 105800 contains 259 sites
	-> Printing at chr: SczhEnG_843 pos:54201 chunknumber 105900 contains 432 sites
	-> Printing at chr: SczhEnG_843 pos:93138 chunknumber 106000 contains 276 sites
	-> Printing at chr: SczhEnG_843 pos:128610 chunknumber 106100 contains 429 sites
	-> Printing at chr: SczhEnG_843 pos:162962 chunknumber 106200 contains 256 sites
	-> Printing at chr: SczhEnG_843 pos:198320 chunknumber 106300 contains 251 sites
	-> Printing at chr: SczhEnG_843 pos:232643 chunknumber 106400 contains 362 sites
	-> Printing at chr: SczhEnG_843 pos:268620 chunknumber 106500 contains 253 sites
	-> Printing at chr: SczhEnG_843 pos:303599 chunknumber 106600 contains 265 sites
	-> Printing at chr: SczhEnG_843 pos:341413 chunknumber 106700 contains 267 sites
	-> Printing at chr: SczhEnG_843 pos:370891 chunknumber 106800 contains 294 sites
	-> Printing at chr: SczhEnG_843 pos:400613 chunknumber 106900 contains 271 sites
	-> Printing at chr: SczhEnG_843 pos:432717 chunknumber 107000 contains 259 sites
	-> Printing at chr: SczhEnG_843 pos:468569 chunknumber 107100 contains 340 sites
	-> Region lookup 226/1139
	-> Region lookup 227/1139
	-> Printing at chr: SczhEnG_849 pos:8915 chunknumber 107200 contains 422 sites
	-> Printing at chr: SczhEnG_849 pos:43758 chunknumber 107300 contains 252 sites
	-> Region lookup 228/1139
	-> Printing at chr: SczhEnG_862 pos:24960 chunknumber 107400 contains 257 sites
	-> Printing at chr: SczhEnG_862 pos:59606 chunknumber 107500 contains 429 sites
	-> Printing at chr: SczhEnG_862 pos:95009 chunknumber 107600 contains 282 sites
	-> Printing at chr: SczhEnG_862 pos:127866 chunknumber 107700 contains 384 sites
	-> Printing at chr: SczhEnG_862 pos:162811 chunknumber 107800 contains 578 sites
	-> Printing at chr: SczhEnG_862 pos:197426 chunknumber 107900 contains 346 sites
	-> Printing at chr: SczhEnG_862 pos:231421 chunknumber 108000 contains 320 sites
	-> Printing at chr: SczhEnG_862 pos:264760 chunknumber 108100 contains 251 sites
	-> Printing at chr: SczhEnG_862 pos:299165 chunknumber 108200 contains 255 sites
	-> Printing at chr: SczhEnG_862 pos:333899 chunknumber 108300 contains 412 sites
	-> Printing at chr: SczhEnG_862 pos:369176 chunknumber 108400 contains 277 sites
	-> Printing at chr: SczhEnG_862 pos:402779 chunknumber 108500 contains 314 sites
	-> Printing at chr: SczhEnG_862 pos:437581 chunknumber 108600 contains 260 sites
	-> Printing at chr: SczhEnG_862 pos:472148 chunknumber 108700 contains 507 sites
	-> Printing at chr: SczhEnG_862 pos:506838 chunknumber 108800 contains 348 sites
	-> Printing at chr: SczhEnG_862 pos:545147 chunknumber 108900 contains 393 sites
	-> Printing at chr: SczhEnG_862 pos:578720 chunknumber 109000 contains 369 sites
	-> Printing at chr: SczhEnG_862 pos:614820 chunknumber 109100 contains 347 sites
	-> Printing at chr: SczhEnG_862 pos:647911 chunknumber 109200 contains 512 sites
	-> Printing at chr: SczhEnG_862 pos:681949 chunknumber 109300 contains 325 sites
	-> Printing at chr: SczhEnG_862 pos:716053 chunknumber 109400 contains 343 sites
	-> Region lookup 229/1139
	-> Printing at chr: SczhEnG_864 pos:20114 chunknumber 109500 contains 544 sites
	-> Region lookup 230/1139
	-> Printing at chr: SczhEnG_869 pos:15709 chunknumber 109600 contains 320 sites
	-> Printing at chr: SczhEnG_869 pos:49244 chunknumber 109700 contains 317 sites
	-> Printing at chr: SczhEnG_869 pos:85742 chunknumber 109800 contains 275 sites
	-> Printing at chr: SczhEnG_869 pos:119645 chunknumber 109900 contains 262 sites
	-> Region lookup 231/1139
	-> Printing at chr: SczhEnG_870 pos:9737 chunknumber 110000 contains 253 sites
	-> Region lookup 232/1139
	-> Printing at chr: SczhEnG_872 pos:20182 chunknumber 110100 contains 261 sites
	-> Printing at chr: SczhEnG_872 pos:55792 chunknumber 110200 contains 439 sites
	-> Printing at chr: SczhEnG_872 pos:83666 chunknumber 110300 contains 251 sites
	-> Region lookup 233/1139
	-> Region lookup 234/1139
	-> Printing at chr: SczhEnG_878 pos:20214 chunknumber 110400 contains 251 sites
	-> Region lookup 235/1139
	-> Printing at chr: SczhEnG_880 pos:21456 chunknumber 110500 contains 313 sites
	-> Printing at chr: SczhEnG_880 pos:55147 chunknumber 110600 contains 489 sites
	-> Printing at chr: SczhEnG_880 pos:90049 chunknumber 110700 contains 416 sites
	-> Printing at chr: SczhEnG_880 pos:123489 chunknumber 110800 contains 271 sites
	-> Printing at chr: SczhEnG_880 pos:158437 chunknumber 110900 contains 416 sites
	-> Printing at chr: SczhEnG_880 pos:195124 chunknumber 111000 contains 345 sites
	-> Printing at chr: SczhEnG_880 pos:231672 chunknumber 111100 contains 281 sites
	-> Printing at chr: SczhEnG_880 pos:268505 chunknumber 111200 contains 262 sites
	-> Printing at chr: SczhEnG_880 pos:301714 chunknumber 111300 contains 290 sites
	-> Printing at chr: SczhEnG_880 pos:334554 chunknumber 111400 contains 318 sites
	-> Region lookup 236/1139
	-> Printing at chr: SczhEnG_882 pos:1 chunknumber 111500 contains 253 sites
	-> Printing at chr: SczhEnG_882 pos:33507 chunknumber 111600 contains 329 sites
	-> Printing at chr: SczhEnG_882 pos:68032 chunknumber 111700 contains 253 sites
	-> Printing at chr: SczhEnG_882 pos:103227 chunknumber 111800 contains 253 sites
	-> Printing at chr: SczhEnG_882 pos:137501 chunknumber 111900 contains 344 sites
	-> Printing at chr: SczhEnG_882 pos:171624 chunknumber 112000 contains 298 sites
	-> Region lookup 237/1139
	-> Printing at chr: SczhEnG_890 pos:27629 chunknumber 112100 contains 395 sites
	-> Printing at chr: SczhEnG_890 pos:65592 chunknumber 112200 contains 338 sites
	-> Printing at chr: SczhEnG_890 pos:101181 chunknumber 112300 contains 273 sites
	-> Printing at chr: SczhEnG_890 pos:137274 chunknumber 112400 contains 285 sites
	-> Printing at chr: SczhEnG_890 pos:166557 chunknumber 112500 contains 257 sites
	-> Printing at chr: SczhEnG_890 pos:197969 chunknumber 112600 contains 328 sites
	-> Printing at chr: SczhEnG_890 pos:226820 chunknumber 112700 contains 506 sites
	-> Region lookup 238/1139
	-> Printing at chr: SczhEnG_895 pos:20094 chunknumber 112800 contains 476 sites
	-> Printing at chr: SczhEnG_895 pos:57583 chunknumber 112900 contains 526 sites
	-> Region lookup 239/1139
	-> Printing at chr: SczhEnG_897 pos:19409 chunknumber 113000 contains 397 sites
	-> Region lookup 240/1139
	-> Region lookup 241/1139
	-> Printing at chr: SczhEnG_899 pos:14556 chunknumber 113100 contains 290 sites
	-> Printing at chr: SczhEnG_899 pos:47822 chunknumber 113200 contains 281 sites
	-> Region lookup 242/1139
	-> Printing at chr: SczhEnG_904 pos:20614 chunknumber 113300 contains 412 sites
	-> Printing at chr: SczhEnG_904 pos:56413 chunknumber 113400 contains 366 sites
	-> Printing at chr: SczhEnG_904 pos:91092 chunknumber 113500 contains 291 sites
	-> Printing at chr: SczhEnG_904 pos:122169 chunknumber 113600 contains 275 sites
	-> Printing at chr: SczhEnG_904 pos:163110 chunknumber 113700 contains 417 sites
	-> Printing at chr: SczhEnG_904 pos:195906 chunknumber 113800 contains 397 sites
	-> Printing at chr: SczhEnG_904 pos:236638 chunknumber 113900 contains 398 sites
	-> Printing at chr: SczhEnG_904 pos:270911 chunknumber 114000 contains 341 sites
	-> Printing at chr: SczhEnG_904 pos:303977 chunknumber 114100 contains 335 sites
	-> Printing at chr: SczhEnG_904 pos:336251 chunknumber 114200 contains 283 sites
	-> Region lookup 243/1139
	-> Printing at chr: SczhEnG_908 pos:20628 chunknumber 114300 contains 264 sites
	-> Printing at chr: SczhEnG_908 pos:57617 chunknumber 114400 contains 527 sites
	-> Region lookup 244/1139
	-> Printing at chr: SczhEnG_912 pos:11409 chunknumber 114500 contains 252 sites
	-> Region lookup 245/1139
	-> Printing at chr: SczhEnG_915 pos:17264 chunknumber 114600 contains 251 sites
	-> Printing at chr: SczhEnG_915 pos:54872 chunknumber 114700 contains 256 sites
	-> Printing at chr: SczhEnG_915 pos:86833 chunknumber 114800 contains 345 sites
	-> Printing at chr: SczhEnG_915 pos:120150 chunknumber 114900 contains 348 sites
	-> Region lookup 246/1139
	-> Printing at chr: SczhEnG_929 pos:21703 chunknumber 115000 contains 324 sites
	-> Printing at chr: SczhEnG_929 pos:55892 chunknumber 115100 contains 254 sites
	-> Printing at chr: SczhEnG_929 pos:89299 chunknumber 115200 contains 290 sites
	-> Printing at chr: SczhEnG_929 pos:123450 chunknumber 115300 contains 411 sites
	-> Printing at chr: SczhEnG_929 pos:157394 chunknumber 115400 contains 354 sites
	-> Printing at chr: SczhEnG_929 pos:192453 chunknumber 115500 contains 339 sites
	-> Printing at chr: SczhEnG_929 pos:226424 chunknumber 115600 contains 573 sites
	-> Printing at chr: SczhEnG_929 pos:263899 chunknumber 115700 contains 290 sites
	-> Printing at chr: SczhEnG_929 pos:297982 chunknumber 115800 contains 586 sites
	-> Printing at chr: SczhEnG_929 pos:332237 chunknumber 115900 contains 276 sites
	-> Printing at chr: SczhEnG_929 pos:366829 chunknumber 116000 contains 511 sites

	-> Allocated ~ 110 million nodes to the nodepool, this is not an estimate of the memory usage

	-> Allocated ~ 120 million nodes to the nodepool, this is not an estimate of the memory usage

	-> Allocated ~ 130 million nodes to the nodepool, this is not an estimate of the memory usage

	-> Allocated ~ 140 million nodes to the nodepool, this is not an estimate of the memory usage
	-> Printing at chr: SczhEnG_929 pos:407232 chunknumber 116100 contains 308 sites
	-> Region lookup 247/1139
	-> Printing at chr: SczhEnG_934 pos:31147 chunknumber 116200 contains 253 sites
	-> Printing at chr: SczhEnG_934 pos:65580 chunknumber 116300 contains 262 sites
	-> Printing at chr: SczhEnG_934 pos:99689 chunknumber 116400 contains 407 sites
	-> Region lookup 248/1139
	-> Printing at chr: SczhEnG_936 pos:14284 chunknumber 116500 contains 408 sites
	-> Region lookup 249/1139
	-> Printing at chr: SczhEnG_939 pos:17357 chunknumber 116600 contains 381 sites
	-> Printing at chr: SczhEnG_939 pos:53150 chunknumber 116700 contains 612 sites
	-> Printing at chr: SczhEnG_939 pos:89914 chunknumber 116800 contains 319 sites
	-> Region lookup 250/1139
	-> Printing at chr: SczhEnG_946 pos:7373 chunknumber 116900 contains 348 sites
	-> Printing at chr: SczhEnG_946 pos:40811 chunknumber 117000 contains 352 sites

	-> Allocated ~ 150 million nodes to the nodepool, this is not an estimate of the memory usage

	-> Allocated ~ 160 million nodes to the nodepool, this is not an estimate of the memory usage

	-> Allocated ~ 170 million nodes to the nodepool, this is not an estimate of the memory usage

	-> Allocated ~ 180 million nodes to the nodepool, this is not an estimate of the memory usage

	-> Allocated ~ 190 million nodes to the nodepool, this is not an estimate of the memory usage

	-> Allocated ~ 200 million nodes to the nodepool, this is not an estimate of the memory usage

	-> Allocated ~ 210 million nodes to the nodepool, this is not an estimate of the memory usage
	-> Printing at chr: SczhEnG_946 pos:94137 chunknumber 117100 contains 502 sites
	-> Printing at chr: SczhEnG_946 pos:129994 chunknumber 117200 contains 264 sites
	-> Printing at chr: SczhEnG_946 pos:161175 chunknumber 117300 contains 481 sites
	-> Region lookup 251/1139
	-> Printing at chr: SczhEnG_953 pos:1094 chunknumber 117400 contains 330 sites
	-> Region lookup 252/1139
	-> Printing at chr: SczhEnG_955 pos:15516 chunknumber 117500 contains 362 sites
	-> Printing at chr: SczhEnG_955 pos:50790 chunknumber 117600 contains 340 sites
	-> Printing at chr: SczhEnG_955 pos:89502 chunknumber 117700 contains 253 sites
	-> Printing at chr: SczhEnG_955 pos:125445 chunknumber 117800 contains 262 sites
	-> Region lookup 253/1139
	-> Printing at chr: SczhEnG_957 pos:16580 chunknumber 117900 contains 317 sites
	-> Printing at chr: SczhEnG_957 pos:51206 chunknumber 118000 contains 311 sites
	-> Printing at chr: SczhEnG_957 pos:87999 chunknumber 118100 contains 455 sites
	-> Printing at chr: SczhEnG_957 pos:124553 chunknumber 118200 contains 253 sites
	-> Printing at chr: SczhEnG_957 pos:161542 chunknumber 118300 contains 363 sites
	-> Printing at chr: SczhEnG_957 pos:197376 chunknumber 118400 contains 276 sites
	-> Region lookup 254/1139
	-> Printing at chr: SczhEnG_958 pos:3566 chunknumber 118500 contains 405 sites
	-> Printing at chr: SczhEnG_958 pos:39183 chunknumber 118600 contains 251 sites
	-> Region lookup 255/1139
	-> Printing at chr: SczhEnG_962 pos:17876 chunknumber 118700 contains 279 sites
	-> Printing at chr: SczhEnG_962 pos:59979 chunknumber 118800 contains 454 sites
	-> Region lookup 256/1139
	-> Printing at chr: SczhEnG_964 pos:9431 chunknumber 118900 contains 272 sites
	-> Region lookup 257/1139
	-> Printing at chr: SczhEnG_965 pos:10851 chunknumber 119000 contains 251 sites
	-> Printing at chr: SczhEnG_965 pos:40801 chunknumber 119100 contains 252 sites
	-> Region lookup 258/1139
	-> Printing at chr: SczhEnG_967 pos:5272 chunknumber 119200 contains 436 sites
	-> Region lookup 259/1139
	-> Region lookup 260/1139
	-> Printing at chr: SczhEnG_979 pos:1769 chunknumber 119300 contains 262 sites
	-> Printing at chr: SczhEnG_979 pos:35982 chunknumber 119400 contains 402 sites
	-> Printing at chr: SczhEnG_979 pos:71763 chunknumber 119500 contains 425 sites
	-> Region lookup 261/1139
	-> Printing at chr: SczhEnG_983 pos:5580 chunknumber 119600 contains 251 sites
	-> Printing at chr: SczhEnG_983 pos:37250 chunknumber 119700 contains 598 sites
	-> Printing at chr: SczhEnG_983 pos:89933 chunknumber 119800 contains 252 sites
	-> Printing at chr: SczhEnG_983 pos:136933 chunknumber 119900 contains 298 sites
	-> Printing at chr: SczhEnG_983 pos:180702 chunknumber 120000 contains 344 sites
	-> Printing at chr: SczhEnG_983 pos:216584 chunknumber 120100 contains 366 sites
	-> Region lookup 262/1139
	-> Printing at chr: SczhEnG_992 pos:3136 chunknumber 120200 contains 293 sites
	-> Printing at chr: SczhEnG_992 pos:39013 chunknumber 120300 contains 398 sites
	-> Printing at chr: SczhEnG_992 pos:78607 chunknumber 120400 contains 365 sites
	-> Printing at chr: SczhEnG_992 pos:113945 chunknumber 120500 contains 303 sites
	-> Printing at chr: SczhEnG_992 pos:147900 chunknumber 120600 contains 380 sites
	-> Printing at chr: SczhEnG_992 pos:191101 chunknumber 120700 contains 285 sites
	-> Printing at chr: SczhEnG_992 pos:226818 chunknumber 120800 contains 366 sites
	-> Printing at chr: SczhEnG_992 pos:259564 chunknumber 120900 contains 267 sites
	-> Printing at chr: SczhEnG_992 pos:293224 chunknumber 121000 contains 428 sites
	-> Printing at chr: SczhEnG_992 pos:328509 chunknumber 121100 contains 313 sites
	-> Printing at chr: SczhEnG_992 pos:363158 chunknumber 121200 contains 318 sites
	-> Printing at chr: SczhEnG_992 pos:399012 chunknumber 121300 contains 466 sites
	-> Printing at chr: SczhEnG_992 pos:434534 chunknumber 121400 contains 299 sites
	-> Printing at chr: SczhEnG_992 pos:466054 chunknumber 121500 contains 251 sites
	-> Printing at chr: SczhEnG_992 pos:501530 chunknumber 121600 contains 450 sites
	-> Printing at chr: SczhEnG_992 pos:538022 chunknumber 121700 contains 253 sites
	-> Printing at chr: SczhEnG_992 pos:576291 chunknumber 121800 contains 314 sites
	-> Region lookup 263/1139
	-> Printing at chr: SczhEnG_996 pos:17313 chunknumber 121900 contains 456 sites
	-> Region lookup 264/1139
	-> Printing at chr: SczhEnG_998 pos:23637 chunknumber 122000 contains 331 sites
	-> Region lookup 265/1139
	-> Printing at chr: SczhEnG_999 pos:13630 chunknumber 122100 contains 252 sites
	-> Printing at chr: SczhEnG_999 pos:47185 chunknumber 122200 contains 340 sites
	-> Printing at chr: SczhEnG_999 pos:81911 chunknumber 122300 contains 323 sites
	-> Printing at chr: SczhEnG_999 pos:117801 chunknumber 122400 contains 431 sites
	-> Printing at chr: SczhEnG_999 pos:157162 chunknumber 122500 contains 445 sites
	-> Printing at chr: SczhEnG_999 pos:192639 chunknumber 122600 contains 370 sites
	-> Printing at chr: SczhEnG_999 pos:227879 chunknumber 122700 contains 323 sites
	-> Printing at chr: SczhEnG_999 pos:263162 chunknumber 122800 contains 385 sites
	-> Printing at chr: SczhEnG_999 pos:298153 chunknumber 122900 contains 261 sites
	-> Printing at chr: SczhEnG_999 pos:341236 chunknumber 123000 contains 353 sites
	-> Printing at chr: SczhEnG_999 pos:376010 chunknumber 123100 contains 436 sites
	-> Printing at chr: SczhEnG_999 pos:410714 chunknumber 123200 contains 359 sites
	-> Printing at chr: SczhEnG_999 pos:447009 chunknumber 123300 contains 285 sites
	-> Region lookup 266/1139
	-> Region lookup 267/1139
	-> Printing at chr: SczhEnG_1009 pos:1661 chunknumber 123400 contains 320 sites
	-> Printing at chr: SczhEnG_1009 pos:37640 chunknumber 123500 contains 382 sites
	-> Printing at chr: SczhEnG_1009 pos:78930 chunknumber 123600 contains 144 sites
	-> Region lookup 268/1139
	-> Printing at chr: SczhEnG_1016 pos:19611 chunknumber 123700 contains 259 sites
	-> Printing at chr: SczhEnG_1016 pos:56216 chunknumber 123800 contains 454 sites
	-> Printing at chr: SczhEnG_1016 pos:89301 chunknumber 123900 contains 385 sites
	-> Printing at chr: SczhEnG_1016 pos:127663 chunknumber 124000 contains 347 sites
	-> Printing at chr: SczhEnG_1016 pos:165289 chunknumber 124100 contains 377 sites
	-> Printing at chr: SczhEnG_1016 pos:200978 chunknumber 124200 contains 278 sites
	-> Printing at chr: SczhEnG_1016 pos:235697 chunknumber 124300 contains 356 sites
	-> Region lookup 269/1139
	-> Printing at chr: SczhEnG_1018 pos:13848 chunknumber 124400 contains 361 sites
	-> Printing at chr: SczhEnG_1018 pos:48030 chunknumber 124500 contains 277 sites
	-> Printing at chr: SczhEnG_1018 pos:82680 chunknumber 124600 contains 433 sites
	-> Printing at chr: SczhEnG_1018 pos:117328 chunknumber 124700 contains 443 sites
	-> Printing at chr: SczhEnG_1018 pos:153458 chunknumber 124800 contains 274 sites
	-> Printing at chr: SczhEnG_1018 pos:187792 chunknumber 124900 contains 285 sites
	-> Printing at chr: SczhEnG_1018 pos:221557 chunknumber 125000 contains 585 sites
	-> Region lookup 270/1139
	-> Printing at chr: SczhEnG_1021 pos:27358 chunknumber 125100 contains 284 sites
	-> Printing at chr: SczhEnG_1021 pos:62956 chunknumber 125200 contains 261 sites
	-> Printing at chr: SczhEnG_1021 pos:97507 chunknumber 125300 contains 339 sites
	-> Printing at chr: SczhEnG_1021 pos:133213 chunknumber 125400 contains 389 sites
	-> Region lookup 271/1139
	-> Printing at chr: SczhEnG_1026 pos:22965 chunknumber 125500 contains 255 sites
	-> Region lookup 272/1139
	-> Printing at chr: SczhEnG_1026 pos:62850 chunknumber 125600 contains 5 sites
	-> Printing at chr: SczhEnG_1027 pos:35781 chunknumber 125700 contains 344 sites
	-> Printing at chr: SczhEnG_1027 pos:68128 chunknumber 125800 contains 307 sites
	-> Printing at chr: SczhEnG_1027 pos:105598 chunknumber 125900 contains 399 sites
	-> Printing at chr: SczhEnG_1027 pos:142840 chunknumber 126000 contains 355 sites
	-> Region lookup 273/1139
	-> Printing at chr: SczhEnG_1028 pos:17355 chunknumber 126100 contains 255 sites
	-> Region lookup 274/1139
	-> Printing at chr: SczhEnG_1030 pos:5663 chunknumber 126200 contains 430 sites
	-> Printing at chr: SczhEnG_1030 pos:39129 chunknumber 126300 contains 323 sites
	-> Printing at chr: SczhEnG_1030 pos:74343 chunknumber 126400 contains 336 sites
	-> Printing at chr: SczhEnG_1030 pos:110309 chunknumber 126500 contains 420 sites
	-> Printing at chr: SczhEnG_1030 pos:145652 chunknumber 126600 contains 279 sites
	-> Printing at chr: SczhEnG_1030 pos:176033 chunknumber 126700 contains 253 sites
	-> Printing at chr: SczhEnG_1030 pos:211088 chunknumber 126800 contains 399 sites
	-> Printing at chr: SczhEnG_1030 pos:244611 chunknumber 126900 contains 279 sites
	-> Printing at chr: SczhEnG_1030 pos:279223 chunknumber 127000 contains 274 sites
	-> Printing at chr: SczhEnG_1030 pos:313383 chunknumber 127100 contains 272 sites
	-> Printing at chr: SczhEnG_1030 pos:346259 chunknumber 127200 contains 259 sites
	-> Printing at chr: SczhEnG_1030 pos:377395 chunknumber 127300 contains 257 sites
	-> Printing at chr: SczhEnG_1030 pos:409976 chunknumber 127400 contains 354 sites
	-> Printing at chr: SczhEnG_1030 pos:444000 chunknumber 127500 contains 488 sites
	-> Printing at chr: SczhEnG_1030 pos:477817 chunknumber 127600 contains 359 sites
	-> Printing at chr: SczhEnG_1030 pos:512582 chunknumber 127700 contains 484 sites
	-> Printing at chr: SczhEnG_1030 pos:547465 chunknumber 127800 contains 271 sites
	-> Printing at chr: SczhEnG_1030 pos:582850 chunknumber 127900 contains 342 sites
	-> Printing at chr: SczhEnG_1030 pos:617372 chunknumber 128000 contains 252 sites
	-> Printing at chr: SczhEnG_1030 pos:652716 chunknumber 128100 contains 310 sites
	-> Printing at chr: SczhEnG_1030 pos:686191 chunknumber 128200 contains 255 sites
	-> Printing at chr: SczhEnG_1030 pos:720303 chunknumber 128300 contains 543 sites
	-> Printing at chr: SczhEnG_1030 pos:755604 chunknumber 128400 contains 252 sites
	-> Printing at chr: SczhEnG_1030 pos:793978 chunknumber 128500 contains 254 sites
	-> Printing at chr: SczhEnG_1030 pos:832955 chunknumber 128600 contains 251 sites
	-> Printing at chr: SczhEnG_1030 pos:867279 chunknumber 128700 contains 428 sites
	-> Printing at chr: SczhEnG_1030 pos:901884 chunknumber 128800 contains 449 sites
	-> Printing at chr: SczhEnG_1030 pos:935506 chunknumber 128900 contains 316 sites
	-> Printing at chr: SczhEnG_1030 pos:969097 chunknumber 129000 contains 328 sites
	-> Printing at chr: SczhEnG_1030 pos:1004168 chunknumber 129100 contains 439 sites
	-> Printing at chr: SczhEnG_1030 pos:1039732 chunknumber 129200 contains 331 sites
	-> Printing at chr: SczhEnG_1030 pos:1069241 chunknumber 129300 contains 361 sites
	-> Printing at chr: SczhEnG_1030 pos:1102905 chunknumber 129400 contains 439 sites
	-> Printing at chr: SczhEnG_1030 pos:1137916 chunknumber 129500 contains 263 sites
	-> Printing at chr: SczhEnG_1030 pos:1170516 chunknumber 129600 contains 356 sites
	-> Region lookup 275/1139
	-> Printing at chr: SczhEnG_1033 pos:3609 chunknumber 129700 contains 351 sites
	-> Region lookup 276/1139
	-> Region lookup 277/1139
	-> Printing at chr: SczhEnG_1035 pos:8140 chunknumber 129800 contains 252 sites
	-> Printing at chr: SczhEnG_1035 pos:47822 chunknumber 129900 contains 975 sites
	-> Region lookup 278/1139
	-> Printing at chr: SczhEnG_1041 pos:27398 chunknumber 130000 contains 252 sites
	-> Region lookup 279/1139
	-> Printing at chr: SczhEnG_1043 pos:524 chunknumber 130100 contains 352 sites
	-> Region lookup 280/1139
	-> Printing at chr: SczhEnG_1045 pos:3697 chunknumber 130200 contains 511 sites
	-> Region lookup 281/1139
	-> Printing at chr: SczhEnG_1046 pos:9748 chunknumber 130300 contains 259 sites
	-> Printing at chr: SczhEnG_1046 pos:65561 chunknumber 130400 contains 253 sites
	-> Region lookup 282/1139
	-> Printing at chr: SczhEnG_1047 pos:7137 chunknumber 130500 contains 257 sites
	-> Printing at chr: SczhEnG_1047 pos:40836 chunknumber 130600 contains 349 sites
	-> Printing at chr: SczhEnG_1047 pos:76286 chunknumber 130700 contains 390 sites
	-> Printing at chr: SczhEnG_1047 pos:109553 chunknumber 130800 contains 517 sites
	-> Printing at chr: SczhEnG_1047 pos:142926 chunknumber 130900 contains 350 sites
	-> Printing at chr: SczhEnG_1047 pos:179960 chunknumber 131000 contains 391 sites
	-> Printing at chr: SczhEnG_1047 pos:212713 chunknumber 131100 contains 252 sites
	-> Printing at chr: SczhEnG_1047 pos:249732 chunknumber 131200 contains 382 sites
	-> Printing at chr: SczhEnG_1047 pos:286316 chunknumber 131300 contains 339 sites
	-> Region lookup 283/1139
	-> Printing at chr: SczhEnG_1049 pos:11587 chunknumber 131400 contains 292 sites
	-> Printing at chr: SczhEnG_1049 pos:44310 chunknumber 131500 contains 353 sites
	-> Region lookup 284/1139
	-> Printing at chr: SczhEnG_1050 pos:18447 chunknumber 131600 contains 251 sites
	-> Region lookup 285/1139
	-> Printing at chr: SczhEnG_1051 pos:30031 chunknumber 131700 contains 482 sites
	-> Printing at chr: SczhEnG_1051 pos:72039 chunknumber 131800 contains 441 sites
	-> Printing at chr: SczhEnG_1051 pos:113879 chunknumber 131900 contains 397 sites
	-> Region lookup 286/1139
	-> Printing at chr: SczhEnG_1055 pos:9994 chunknumber 132000 contains 290 sites
	-> Printing at chr: SczhEnG_1055 pos:44979 chunknumber 132100 contains 272 sites
	-> Region lookup 287/1139
	-> Printing at chr: SczhEnG_1067 pos:2581 chunknumber 132200 contains 304 sites
	-> Printing at chr: SczhEnG_1067 pos:37552 chunknumber 132300 contains 305 sites
	-> Printing at chr: SczhEnG_1067 pos:72739 chunknumber 132400 contains 586 sites
	-> Printing at chr: SczhEnG_1067 pos:107651 chunknumber 132500 contains 329 sites
	-> Printing at chr: SczhEnG_1067 pos:152069 chunknumber 132600 contains 416 sites
	-> Printing at chr: SczhEnG_1067 pos:186176 chunknumber 132700 contains 291 sites
	-> Printing at chr: SczhEnG_1067 pos:222990 chunknumber 132800 contains 383 sites
	-> Printing at chr: SczhEnG_1067 pos:256596 chunknumber 132900 contains 516 sites
	-> Printing at chr: SczhEnG_1067 pos:290236 chunknumber 133000 contains 466 sites
	-> Printing at chr: SczhEnG_1067 pos:324515 chunknumber 133100 contains 310 sites
	-> Printing at chr: SczhEnG_1067 pos:360231 chunknumber 133200 contains 263 sites
	-> Printing at chr: SczhEnG_1067 pos:394140 chunknumber 133300 contains 288 sites
	-> Region lookup 288/1139
	-> Printing at chr: SczhEnG_1075 pos:11886 chunknumber 133400 contains 253 sites
	-> Printing at chr: SczhEnG_1075 pos:50754 chunknumber 133500 contains 276 sites
	-> Region lookup 289/1139
	-> Printing at chr: SczhEnG_1076 pos:29399 chunknumber 133600 contains 434 sites
	-> Printing at chr: SczhEnG_1076 pos:89031 chunknumber 133700 contains 746 sites
	-> Region lookup 290/1139
	-> Printing at chr: SczhEnG_1077 pos:29879 chunknumber 133800 contains 252 sites
	-> Printing at chr: SczhEnG_1077 pos:65197 chunknumber 133900 contains 361 sites
	-> Printing at chr: SczhEnG_1077 pos:101413 chunknumber 134000 contains 311 sites
	-> Printing at chr: SczhEnG_1077 pos:134470 chunknumber 134100 contains 339 sites
	-> Region lookup 291/1139
	-> Region lookup 292/1139
	-> Printing at chr: SczhEnG_1081 pos:9318 chunknumber 134200 contains 340 sites
	-> Printing at chr: SczhEnG_1081 pos:45950 chunknumber 134300 contains 261 sites
	-> Region lookup 293/1139
	-> Region lookup 294/1139
	-> Printing at chr: SczhEnG_1087 pos:23077 chunknumber 134400 contains 420 sites
	-> Region lookup 295/1139
	-> Printing at chr: SczhEnG_1087 pos:55803 chunknumber 134500 contains 11 sites
	-> Region lookup 296/1139
	-> Printing at chr: SczhEnG_1096 pos:17909 chunknumber 134600 contains 350 sites
	-> Region lookup 297/1139
	-> Printing at chr: SczhEnG_1099 pos:14382 chunknumber 134700 contains 386 sites
	-> Printing at chr: SczhEnG_1099 pos:46230 chunknumber 134800 contains 298 sites
	-> Printing at chr: SczhEnG_1099 pos:79084 chunknumber 134900 contains 258 sites
	-> Region lookup 298/1139
	-> Printing at chr: SczhEnG_1100 pos:30854 chunknumber 135000 contains 252 sites
	-> Printing at chr: SczhEnG_1100 pos:64980 chunknumber 135100 contains 288 sites
	-> Region lookup 299/1139
	-> Printing at chr: SczhEnG_1101 pos:13494 chunknumber 135200 contains 510 sites
	-> Region lookup 300/1139
	-> Region lookup 301/1139
	-> Printing at chr: SczhEnG_1105 pos:18918 chunknumber 135300 contains 303 sites
	-> Region lookup 302/1139
	-> Printing at chr: SczhEnG_1105 pos:54914 chunknumber 135400 contains 14 sites
	-> Printing at chr: SczhEnG_1118 pos:33584 chunknumber 135500 contains 254 sites
	-> Printing at chr: SczhEnG_1118 pos:67228 chunknumber 135600 contains 258 sites
	-> Printing at chr: SczhEnG_1118 pos:101165 chunknumber 135700 contains 260 sites
	-> Printing at chr: SczhEnG_1118 pos:134359 chunknumber 135800 contains 381 sites
	-> Region lookup 303/1139
	-> Printing at chr: SczhEnG_1121 pos:11430 chunknumber 135900 contains 291 sites
	-> Printing at chr: SczhEnG_1121 pos:44417 chunknumber 136000 contains 294 sites
	-> Printing at chr: SczhEnG_1121 pos:78560 chunknumber 136100 contains 352 sites
	-> Printing at chr: SczhEnG_1121 pos:111308 chunknumber 136200 contains 255 sites
	-> Printing at chr: SczhEnG_1121 pos:145260 chunknumber 136300 contains 311 sites
	-> Printing at chr: SczhEnG_1121 pos:179526 chunknumber 136400 contains 399 sites
	-> Printing at chr: SczhEnG_1121 pos:214474 chunknumber 136500 contains 426 sites
	-> Printing at chr: SczhEnG_1121 pos:248164 chunknumber 136600 contains 455 sites
	-> Printing at chr: SczhEnG_1121 pos:284130 chunknumber 136700 contains 301 sites
	-> Printing at chr: SczhEnG_1121 pos:317663 chunknumber 136800 contains 311 sites
	-> Printing at chr: SczhEnG_1121 pos:353381 chunknumber 136900 contains 311 sites
	-> Printing at chr: SczhEnG_1121 pos:387647 chunknumber 137000 contains 330 sites
	-> Printing at chr: SczhEnG_1121 pos:432734 chunknumber 137100 contains 275 sites
	-> Printing at chr: SczhEnG_1121 pos:466123 chunknumber 137200 contains 262 sites
	-> Printing at chr: SczhEnG_1121 pos:502895 chunknumber 137300 contains 329 sites
	-> Printing at chr: SczhEnG_1121 pos:535576 chunknumber 137400 contains 393 sites
	-> Region lookup 304/1139
	-> Printing at chr: SczhEnG_1122 pos:21300 chunknumber 137500 contains 253 sites
	-> Region lookup 305/1139
	-> Printing at chr: SczhEnG_1122 pos:58355 chunknumber 137600 contains 5 sites
	-> Region lookup 306/1139
	-> Printing at chr: SczhEnG_1127 pos:24345 chunknumber 137700 contains 2154 sites
	-> Region lookup 307/1139
	-> Printing at chr: SczhEnG_1129 pos:31394 chunknumber 137800 contains 343 sites
	-> Printing at chr: SczhEnG_1129 pos:66525 chunknumber 137900 contains 393 sites
	-> Printing at chr: SczhEnG_1129 pos:102570 chunknumber 138000 contains 397 sites
	-> Printing at chr: SczhEnG_1129 pos:137162 chunknumber 138100 contains 262 sites
	-> Region lookup 308/1139
	-> Printing at chr: SczhEnG_1131 pos:742 chunknumber 138200 contains 301 sites
	-> Region lookup 309/1139
	-> Printing at chr: SczhEnG_1137 pos:6072 chunknumber 138300 contains 254 sites
	-> Printing at chr: SczhEnG_1137 pos:43184 chunknumber 138400 contains 283 sites
	-> Printing at chr: SczhEnG_1137 pos:82213 chunknumber 138500 contains 272 sites
	-> Printing at chr: SczhEnG_1137 pos:118448 chunknumber 138600 contains 322 sites
	-> Printing at chr: SczhEnG_1137 pos:154454 chunknumber 138700 contains 259 sites
	-> Printing at chr: SczhEnG_1137 pos:189705 chunknumber 138800 contains 281 sites
	-> Printing at chr: SczhEnG_1137 pos:222740 chunknumber 138900 contains 286 sites
	-> Printing at chr: SczhEnG_1137 pos:256120 chunknumber 139000 contains 251 sites
	-> Printing at chr: SczhEnG_1137 pos:290238 chunknumber 139100 contains 255 sites
	-> Printing at chr: SczhEnG_1137 pos:328446 chunknumber 139200 contains 268 sites
	-> Printing at chr: SczhEnG_1137 pos:361732 chunknumber 139300 contains 408 sites
	-> Printing at chr: SczhEnG_1137 pos:398194 chunknumber 139400 contains 297 sites
	-> Printing at chr: SczhEnG_1137 pos:438938 chunknumber 139500 contains 405 sites
	-> Printing at chr: SczhEnG_1137 pos:472547 chunknumber 139600 contains 255 sites
	-> Printing at chr: SczhEnG_1137 pos:505899 chunknumber 139700 contains 351 sites
	-> Printing at chr: SczhEnG_1137 pos:541988 chunknumber 139800 contains 315 sites
	-> Region lookup 310/1139
	-> Printing at chr: SczhEnG_1142 pos:34768 chunknumber 139900 contains 256 sites
	-> Printing at chr: SczhEnG_1142 pos:77316 chunknumber 140000 contains 254 sites
	-> Region lookup 311/1139
	-> Printing at chr: SczhEnG_1146 pos:4701 chunknumber 140100 contains 318 sites
	-> Printing at chr: SczhEnG_1146 pos:39950 chunknumber 140200 contains 251 sites
	-> Printing at chr: SczhEnG_1146 pos:76908 chunknumber 140300 contains 259 sites
	-> Printing at chr: SczhEnG_1146 pos:111391 chunknumber 140400 contains 254 sites
	-> Printing at chr: SczhEnG_1146 pos:144472 chunknumber 140500 contains 398 sites
	-> Printing at chr: SczhEnG_1146 pos:178330 chunknumber 140600 contains 528 sites
	-> Printing at chr: SczhEnG_1146 pos:211716 chunknumber 140700 contains 302 sites
	-> Region lookup 312/1139
	-> Printing at chr: SczhEnG_1150 pos:14302 chunknumber 140800 contains 260 sites
	-> Region lookup 313/1139
	-> Region lookup 314/1139
	-> Printing at chr: SczhEnG_1156 pos:22374 chunknumber 140900 contains 16 sites
	-> Printing at chr: SczhEnG_1170 pos:30575 chunknumber 141000 contains 459 sites
	-> Printing at chr: SczhEnG_1170 pos:68845 chunknumber 141100 contains 252 sites
	-> Printing at chr: SczhEnG_1170 pos:107068 chunknumber 141200 contains 320 sites
	-> Printing at chr: SczhEnG_1170 pos:143528 chunknumber 141300 contains 279 sites
	-> Printing at chr: SczhEnG_1170 pos:179338 chunknumber 141400 contains 276 sites
	-> Printing at chr: SczhEnG_1170 pos:218330 chunknumber 141500 contains 465 sites
	-> Printing at chr: SczhEnG_1170 pos:256304 chunknumber 141600 contains 357 sites
	-> Region lookup 315/1139
	-> Printing at chr: SczhEnG_1174 pos:23409 chunknumber 141700 contains 251 sites
	-> Region lookup 316/1139
	-> Printing at chr: SczhEnG_1186 pos:16197 chunknumber 141800 contains 259 sites
	-> Region lookup 317/1139
	-> Printing at chr: SczhEnG_1188 pos:1 chunknumber 141900 contains 281 sites
	-> Printing at chr: SczhEnG_1188 pos:34432 chunknumber 142000 contains 325 sites
	-> Printing at chr: SczhEnG_1188 pos:69172 chunknumber 142100 contains 373 sites
	-> Printing at chr: SczhEnG_1188 pos:106735 chunknumber 142200 contains 251 sites
	-> Printing at chr: SczhEnG_1188 pos:141403 chunknumber 142300 contains 295 sites
	-> Printing at chr: SczhEnG_1188 pos:176376 chunknumber 142400 contains 449 sites
	-> Printing at chr: SczhEnG_1188 pos:210312 chunknumber 142500 contains 281 sites
	-> Printing at chr: SczhEnG_1188 pos:245107 chunknumber 142600 contains 325 sites
	-> Printing at chr: SczhEnG_1188 pos:281210 chunknumber 142700 contains 343 sites
	-> Region lookup 318/1139
	-> Printing at chr: SczhEnG_1193 pos:27985 chunknumber 142800 contains 261 sites
	-> Printing at chr: SczhEnG_1193 pos:63733 chunknumber 142900 contains 295 sites
	-> Printing at chr: SczhEnG_1193 pos:102214 chunknumber 143000 contains 392 sites
	-> Printing at chr: SczhEnG_1193 pos:135973 chunknumber 143100 contains 269 sites
	-> Region lookup 319/1139
	-> Printing at chr: SczhEnG_1205 pos:1508 chunknumber 143200 contains 389 sites
	-> Printing at chr: SczhEnG_1205 pos:36952 chunknumber 143300 contains 256 sites
	-> Printing at chr: SczhEnG_1205 pos:73406 chunknumber 143400 contains 382 sites
	-> Printing at chr: SczhEnG_1205 pos:108424 chunknumber 143500 contains 404 sites
	-> Region lookup 320/1139
	-> Region lookup 321/1139
	-> Printing at chr: SczhEnG_1212 pos:2140 chunknumber 143600 contains 295 sites
	-> Region lookup 322/1139
	-> Printing at chr: SczhEnG_1218 pos:14535 chunknumber 143700 contains 405 sites
	-> Region lookup 323/1139
	-> Printing at chr: SczhEnG_1221 pos:25190 chunknumber 143800 contains 254 sites
	-> Printing at chr: SczhEnG_1221 pos:59759 chunknumber 143900 contains 337 sites
	-> Printing at chr: SczhEnG_1221 pos:94033 chunknumber 144000 contains 398 sites
	-> Printing at chr: SczhEnG_1221 pos:129962 chunknumber 144100 contains 269 sites
	-> Printing at chr: SczhEnG_1221 pos:168569 chunknumber 144200 contains 375 sites
	-> Printing at chr: SczhEnG_1221 pos:208305 chunknumber 144300 contains 251 sites
	-> Printing at chr: SczhEnG_1221 pos:254122 chunknumber 144400 contains 264 sites
	-> Printing at chr: SczhEnG_1221 pos:287010 chunknumber 144500 contains 306 sites
	-> Printing at chr: SczhEnG_1221 pos:322805 chunknumber 144600 contains 275 sites
	-> Printing at chr: SczhEnG_1221 pos:356368 chunknumber 144700 contains 278 sites
	-> Printing at chr: SczhEnG_1221 pos:389856 chunknumber 144800 contains 292 sites
	-> Printing at chr: SczhEnG_1221 pos:422658 chunknumber 144900 contains 401 sites
	-> Printing at chr: SczhEnG_1221 pos:455132 chunknumber 145000 contains 284 sites
	-> Region lookup 324/1139
	-> Printing at chr: SczhEnG_1227 pos:19437 chunknumber 145100 contains 400 sites
	-> Printing at chr: SczhEnG_1227 pos:54223 chunknumber 145200 contains 356 sites
	-> Printing at chr: SczhEnG_1227 pos:86476 chunknumber 145300 contains 253 sites
	-> Printing at chr: SczhEnG_1227 pos:118117 chunknumber 145400 contains 315 sites
	-> Printing at chr: SczhEnG_1227 pos:150891 chunknumber 145500 contains 289 sites
	-> Region lookup 325/1139
	-> Region lookup 326/1139
	-> Printing at chr: SczhEnG_1231 pos:5617 chunknumber 145600 contains 393 sites
	-> Printing at chr: SczhEnG_1231 pos:38866 chunknumber 145700 contains 523 sites
	-> Printing at chr: SczhEnG_1231 pos:77338 chunknumber 145800 contains 283 sites
	-> Region lookup 327/1139
	-> Printing at chr: SczhEnG_1238 pos:40865 chunknumber 145900 contains 29 sites
	-> Region lookup 328/1139
	-> Printing at chr: SczhEnG_1239 pos:33408 chunknumber 146000 contains 298 sites
	-> Printing at chr: SczhEnG_1239 pos:68572 chunknumber 146100 contains 255 sites
	-> Region lookup 329/1139
	-> Printing at chr: SczhEnG_1249 pos:27950 chunknumber 146200 contains 306 sites
	-> Printing at chr: SczhEnG_1249 pos:62351 chunknumber 146300 contains 251 sites
	-> Printing at chr: SczhEnG_1249 pos:96142 chunknumber 146400 contains 321 sites
	-> Printing at chr: SczhEnG_1249 pos:130815 chunknumber 146500 contains 379 sites
	-> Printing at chr: SczhEnG_1249 pos:165171 chunknumber 146600 contains 604 sites
	-> Printing at chr: SczhEnG_1249 pos:210436 chunknumber 146700 contains 306 sites
	-> Printing at chr: SczhEnG_1249 pos:245388 chunknumber 146800 contains 282 sites
	-> Printing at chr: SczhEnG_1249 pos:280244 chunknumber 146900 contains 670 sites
	-> Printing at chr: SczhEnG_1249 pos:317248 chunknumber 147000 contains 406 sites
	-> Printing at chr: SczhEnG_1249 pos:395160 chunknumber 147100 contains 603 sites
	-> Printing at chr: SczhEnG_1249 pos:430849 chunknumber 147200 contains 452 sites
	-> Printing at chr: SczhEnG_1249 pos:466277 chunknumber 147300 contains 271 sites
	-> Printing at chr: SczhEnG_1249 pos:500267 chunknumber 147400 contains 258 sites
	-> Printing at chr: SczhEnG_1249 pos:533823 chunknumber 147500 contains 254 sites
	-> Printing at chr: SczhEnG_1249 pos:568071 chunknumber 147600 contains 590 sites
	-> Printing at chr: SczhEnG_1249 pos:603060 chunknumber 147700 contains 375 sites
	-> Printing at chr: SczhEnG_1249 pos:641102 chunknumber 147800 contains 402 sites
	-> Printing at chr: SczhEnG_1249 pos:678657 chunknumber 147900 contains 358 sites
	-> Printing at chr: SczhEnG_1249 pos:710280 chunknumber 148000 contains 318 sites
	-> Region lookup 330/1139
	-> Printing at chr: SczhEnG_1250 pos:20438 chunknumber 148100 contains 289 sites
	-> Printing at chr: SczhEnG_1250 pos:53499 chunknumber 148200 contains 251 sites
	-> Printing at chr: SczhEnG_1250 pos:94964 chunknumber 148300 contains 255 sites
	-> Printing at chr: SczhEnG_1250 pos:124023 chunknumber 148400 contains 253 sites
	-> Region lookup 331/1139
	-> Region lookup 332/1139
	-> Printing at chr: SczhEnG_1253 pos:943 chunknumber 148500 contains 384 sites
	-> Printing at chr: SczhEnG_1253 pos:40892 chunknumber 148600 contains 177 sites
	-> Region lookup 333/1139
	-> Printing at chr: SczhEnG_1255 pos:26020 chunknumber 148700 contains 405 sites
	-> Printing at chr: SczhEnG_1255 pos:63490 chunknumber 148800 contains 426 sites
	-> Region lookup 334/1139
	-> Printing at chr: SczhEnG_1262 pos:8951 chunknumber 148900 contains 390 sites
	-> Printing at chr: SczhEnG_1262 pos:41572 chunknumber 149000 contains 262 sites
	-> Printing at chr: SczhEnG_1262 pos:78363 chunknumber 149100 contains 254 sites
	-> Printing at chr: SczhEnG_1262 pos:113241 chunknumber 149200 contains 314 sites
	-> Region lookup 335/1139
	-> Printing at chr: SczhEnG_1263 pos:25412 chunknumber 149300 contains 256 sites
	-> Printing at chr: SczhEnG_1263 pos:58975 chunknumber 149400 contains 359 sites
	-> Printing at chr: SczhEnG_1263 pos:93672 chunknumber 149500 contains 371 sites
	-> Printing at chr: SczhEnG_1263 pos:127348 chunknumber 149600 contains 370 sites
	-> Printing at chr: SczhEnG_1263 pos:160227 chunknumber 149700 contains 309 sites
	-> Region lookup 336/1139
	-> Printing at chr: SczhEnG_1268 pos:19180 chunknumber 149800 contains 268 sites
	-> Printing at chr: SczhEnG_1268 pos:52016 chunknumber 149900 contains 252 sites
	-> Region lookup 337/1139
	-> Printing at chr: SczhEnG_1275 pos:6689 chunknumber 150000 contains 272 sites
	-> Printing at chr: SczhEnG_1275 pos:42796 chunknumber 150100 contains 260 sites
	-> Printing at chr: SczhEnG_1275 pos:76797 chunknumber 150200 contains 332 sites
	-> Region lookup 338/1139
	-> Printing at chr: SczhEnG_1277 pos:14165 chunknumber 150300 contains 173 sites
	-> Printing at chr: SczhEnG_1277 pos:50022 chunknumber 150400 contains 390 sites
	-> Printing at chr: SczhEnG_1277 pos:92774 chunknumber 150500 contains 444 sites
	-> Printing at chr: SczhEnG_1277 pos:143069 chunknumber 150600 contains 263 sites
	-> Region lookup 339/1139
	-> Printing at chr: SczhEnG_1280 pos:10733 chunknumber 150700 contains 269 sites
	-> Printing at chr: SczhEnG_1280 pos:40295 chunknumber 150800 contains 329 sites
	-> Region lookup 340/1139
	-> Printing at chr: SczhEnG_1281 pos:26686 chunknumber 150900 contains 255 sites
	-> Printing at chr: SczhEnG_1281 pos:61188 chunknumber 151000 contains 316 sites
	-> Region lookup 341/1139
	-> Printing at chr: SczhEnG_1283 pos:26096 chunknumber 151100 contains 275 sites
	-> Printing at chr: SczhEnG_1283 pos:59355 chunknumber 151200 contains 329 sites
	-> Printing at chr: SczhEnG_1283 pos:96013 chunknumber 151300 contains 480 sites
	-> Printing at chr: SczhEnG_1283 pos:136919 chunknumber 151400 contains 255 sites
	-> Printing at chr: SczhEnG_1283 pos:175411 chunknumber 151500 contains 395 sites
	-> Printing at chr: SczhEnG_1283 pos:212195 chunknumber 151600 contains 251 sites
	-> Printing at chr: SczhEnG_1283 pos:251982 chunknumber 151700 contains 253 sites
	-> Region lookup 342/1139
	-> Printing at chr: SczhEnG_1285 pos:27141 chunknumber 151800 contains 477 sites
	-> Printing at chr: SczhEnG_1285 pos:62635 chunknumber 151900 contains 467 sites
	-> Region lookup 343/1139
	-> Printing at chr: SczhEnG_1290 pos:11999 chunknumber 152000 contains 387 sites
	-> Printing at chr: SczhEnG_1290 pos:46885 chunknumber 152100 contains 330 sites
	-> Printing at chr: SczhEnG_1290 pos:82172 chunknumber 152200 contains 257 sites
	-> Printing at chr: SczhEnG_1290 pos:116334 chunknumber 152300 contains 406 sites
	-> Printing at chr: SczhEnG_1290 pos:151180 chunknumber 152400 contains 253 sites
	-> Printing at chr: SczhEnG_1290 pos:179006 chunknumber 152500 contains 251 sites
	-> Printing at chr: SczhEnG_1290 pos:209920 chunknumber 152600 contains 381 sites
	-> Printing at chr: SczhEnG_1290 pos:242478 chunknumber 152700 contains 291 sites
	-> Printing at chr: SczhEnG_1290 pos:277975 chunknumber 152800 contains 251 sites
	-> Printing at chr: SczhEnG_1290 pos:311473 chunknumber 152900 contains 251 sites
	-> Printing at chr: SczhEnG_1290 pos:345537 chunknumber 153000 contains 397 sites
	-> Region lookup 344/1139
	-> Printing at chr: SczhEnG_1293 pos:36189 chunknumber 153100 contains 192 sites
	-> Region lookup 345/1139
	-> Printing at chr: SczhEnG_1301 pos:21161 chunknumber 153200 contains 254 sites
	-> Printing at chr: SczhEnG_1301 pos:67426 chunknumber 153300 contains 251 sites
	-> Printing at chr: SczhEnG_1301 pos:101970 chunknumber 153400 contains 470 sites
	-> Printing at chr: SczhEnG_1301 pos:137375 chunknumber 153500 contains 251 sites
	-> Printing at chr: SczhEnG_1301 pos:176097 chunknumber 153600 contains 257 sites
	-> Printing at chr: SczhEnG_1301 pos:229025 chunknumber 153700 contains 257 sites
	-> Printing at chr: SczhEnG_1301 pos:290885 chunknumber 153800 contains 267 sites
	-> Region lookup 346/1139
	-> Region lookup 347/1139
	-> Printing at chr: SczhEnG_1314 pos:10281 chunknumber 153900 contains 253 sites
	-> Printing at chr: SczhEnG_1314 pos:43427 chunknumber 154000 contains 405 sites
	-> Printing at chr: SczhEnG_1314 pos:78321 chunknumber 154100 contains 388 sites
	-> Printing at chr: SczhEnG_1314 pos:112540 chunknumber 154200 contains 251 sites
	-> Printing at chr: SczhEnG_1314 pos:147278 chunknumber 154300 contains 252 sites
	-> Printing at chr: SczhEnG_1314 pos:181730 chunknumber 154400 contains 379 sites
	-> Region lookup 348/1139
	-> Printing at chr: SczhEnG_1331 pos:15523 chunknumber 154500 contains 274 sites
	-> Printing at chr: SczhEnG_1331 pos:50267 chunknumber 154600 contains 293 sites
	-> Printing at chr: SczhEnG_1331 pos:84113 chunknumber 154700 contains 278 sites
	-> Printing at chr: SczhEnG_1331 pos:118492 chunknumber 154800 contains 254 sites
	-> Printing at chr: SczhEnG_1331 pos:153034 chunknumber 154900 contains 262 sites
	-> Printing at chr: SczhEnG_1331 pos:192471 chunknumber 155000 contains 377 sites
	-> Printing at chr: SczhEnG_1331 pos:228595 chunknumber 155100 contains 255 sites
	-> Printing at chr: SczhEnG_1331 pos:263566 chunknumber 155200 contains 369 sites
	-> Region lookup 349/1139
	-> Printing at chr: SczhEnG_1333 pos:18977 chunknumber 155300 contains 270 sites
	-> Printing at chr: SczhEnG_1333 pos:56847 chunknumber 155400 contains 354 sites
	-> Region lookup 350/1139
	-> Printing at chr: SczhEnG_1345 pos:14771 chunknumber 155500 contains 536 sites
	-> Printing at chr: SczhEnG_1345 pos:50387 chunknumber 155600 contains 373 sites
	-> Printing at chr: SczhEnG_1345 pos:83989 chunknumber 155700 contains 381 sites
	-> Printing at chr: SczhEnG_1345 pos:120339 chunknumber 155800 contains 436 sites
	-> Printing at chr: SczhEnG_1345 pos:155397 chunknumber 155900 contains 343 sites
	-> Printing at chr: SczhEnG_1345 pos:193170 chunknumber 156000 contains 285 sites
	-> Printing at chr: SczhEnG_1345 pos:226853 chunknumber 156100 contains 317 sites
	-> Printing at chr: SczhEnG_1345 pos:266148 chunknumber 156200 contains 316 sites
	-> Printing at chr: SczhEnG_1345 pos:296272 chunknumber 156300 contains 275 sites
	-> Region lookup 351/1139
	-> Printing at chr: SczhEnG_1350 pos:37678 chunknumber 156400 contains 372 sites
	-> Region lookup 352/1139
	-> Printing at chr: SczhEnG_1354 pos:5982 chunknumber 156500 contains 251 sites
	-> Printing at chr: SczhEnG_1354 pos:40927 chunknumber 156600 contains 266 sites
	-> Printing at chr: SczhEnG_1354 pos:76166 chunknumber 156700 contains 251 sites
	-> Region lookup 353/1139
	-> Printing at chr: SczhEnG_1363 pos:3836 chunknumber 156800 contains 251 sites
	-> Printing at chr: SczhEnG_1363 pos:39190 chunknumber 156900 contains 197 sites
	-> Printing at chr: SczhEnG_1363 pos:82849 chunknumber 157000 contains 311 sites
	-> Printing at chr: SczhEnG_1363 pos:119312 chunknumber 157100 contains 344 sites
	-> Printing at chr: SczhEnG_1363 pos:151196 chunknumber 157200 contains 352 sites
	-> Printing at chr: SczhEnG_1363 pos:188482 chunknumber 157300 contains 346 sites
	-> Printing at chr: SczhEnG_1363 pos:225346 chunknumber 157400 contains 276 sites
	-> Printing at chr: SczhEnG_1363 pos:262252 chunknumber 157500 contains 251 sites
	-> Printing at chr: SczhEnG_1363 pos:297148 chunknumber 157600 contains 284 sites
	-> Printing at chr: SczhEnG_1363 pos:332188 chunknumber 157700 contains 470 sites
	-> Printing at chr: SczhEnG_1363 pos:367296 chunknumber 157800 contains 301 sites
	-> Region lookup 354/1139
	-> Printing at chr: SczhEnG_1370 pos:7001 chunknumber 157900 contains 304 sites
	-> Region lookup 355/1139
	-> Printing at chr: SczhEnG_1374 pos:9671 chunknumber 158000 contains 259 sites
	-> Region lookup 356/1139
	-> Printing at chr: SczhEnG_1379 pos:2539 chunknumber 158100 contains 575 sites
	-> Printing at chr: SczhEnG_1379 pos:39914 chunknumber 158200 contains 251 sites
	-> Printing at chr: SczhEnG_1379 pos:75563 chunknumber 158300 contains 256 sites
	-> Printing at chr: SczhEnG_1379 pos:110637 chunknumber 158400 contains 353 sites
	-> Region lookup 357/1139
	-> Printing at chr: SczhEnG_1384 pos:18110 chunknumber 158500 contains 277 sites
	-> Region lookup 358/1139
	-> Printing at chr: SczhEnG_1384 pos:54795 chunknumber 158600 contains 5 sites
	-> Printing at chr: SczhEnG_1388 pos:33290 chunknumber 158700 contains 255 sites
	-> Region lookup 359/1139
	-> Printing at chr: SczhEnG_1403 pos:10718 chunknumber 158800 contains 286 sites
	-> Printing at chr: SczhEnG_1403 pos:47874 chunknumber 158900 contains 475 sites
	-> Region lookup 360/1139
	-> Printing at chr: SczhEnG_1412 pos:27435 chunknumber 159000 contains 349 sites
	-> Printing at chr: SczhEnG_1412 pos:61273 chunknumber 159100 contains 251 sites
	-> Region lookup 361/1139
	-> Printing at chr: SczhEnG_1415 pos:26609 chunknumber 159200 contains 281 sites
	-> Printing at chr: SczhEnG_1415 pos:63520 chunknumber 159300 contains 510 sites
	-> Printing at chr: SczhEnG_1415 pos:98499 chunknumber 159400 contains 381 sites
	-> Printing at chr: SczhEnG_1415 pos:133639 chunknumber 159500 contains 350 sites
	-> Printing at chr: SczhEnG_1415 pos:169628 chunknumber 159600 contains 318 sites
	-> Printing at chr: SczhEnG_1415 pos:202417 chunknumber 159700 contains 262 sites
	-> Printing at chr: SczhEnG_1415 pos:237103 chunknumber 159800 contains 285 sites
	-> Printing at chr: SczhEnG_1415 pos:271722 chunknumber 159900 contains 349 sites
	-> Printing at chr: SczhEnG_1415 pos:307000 chunknumber 160000 contains 259 sites
	-> Printing at chr: SczhEnG_1415 pos:339666 chunknumber 160100 contains 317 sites
	-> Printing at chr: SczhEnG_1415 pos:375538 chunknumber 160200 contains 373 sites
	-> Printing at chr: SczhEnG_1415 pos:411328 chunknumber 160300 contains 274 sites
	-> Printing at chr: SczhEnG_1415 pos:445574 chunknumber 160400 contains 479 sites
	-> Printing at chr: SczhEnG_1415 pos:478745 chunknumber 160500 contains 375 sites
	-> Printing at chr: SczhEnG_1415 pos:513176 chunknumber 160600 contains 299 sites
	-> Printing at chr: SczhEnG_1415 pos:547480 chunknumber 160700 contains 327 sites
	-> Printing at chr: SczhEnG_1415 pos:581498 chunknumber 160800 contains 268 sites
	-> Printing at chr: SczhEnG_1415 pos:617453 chunknumber 160900 contains 252 sites
	-> Printing at chr: SczhEnG_1415 pos:652432 chunknumber 161000 contains 385 sites
	-> Printing at chr: SczhEnG_1415 pos:686875 chunknumber 161100 contains 285 sites
	-> Printing at chr: SczhEnG_1415 pos:720306 chunknumber 161200 contains 509 sites
	-> Printing at chr: SczhEnG_1415 pos:756131 chunknumber 161300 contains 282 sites
	-> Printing at chr: SczhEnG_1415 pos:790371 chunknumber 161400 contains 355 sites
	-> Printing at chr: SczhEnG_1415 pos:825746 chunknumber 161500 contains 473 sites
	-> Printing at chr: SczhEnG_1415 pos:860692 chunknumber 161600 contains 371 sites
	-> Printing at chr: SczhEnG_1415 pos:893536 chunknumber 161700 contains 310 sites
	-> Printing at chr: SczhEnG_1415 pos:928082 chunknumber 161800 contains 254 sites
	-> Printing at chr: SczhEnG_1415 pos:963787 chunknumber 161900 contains 378 sites
	-> Printing at chr: SczhEnG_1415 pos:999323 chunknumber 162000 contains 269 sites
	-> Printing at chr: SczhEnG_1415 pos:1033543 chunknumber 162100 contains 489 sites
	-> Printing at chr: SczhEnG_1415 pos:1066682 chunknumber 162200 contains 256 sites
	-> Printing at chr: SczhEnG_1415 pos:1102564 chunknumber 162300 contains 376 sites
	-> Printing at chr: SczhEnG_1415 pos:1135986 chunknumber 162400 contains 318 sites
	-> Printing at chr: SczhEnG_1415 pos:1169393 chunknumber 162500 contains 256 sites
	-> Printing at chr: SczhEnG_1415 pos:1205905 chunknumber 162600 contains 358 sites
	-> Printing at chr: SczhEnG_1415 pos:1239803 chunknumber 162700 contains 401 sites
	-> Printing at chr: SczhEnG_1415 pos:1273445 chunknumber 162800 contains 415 sites
	-> Printing at chr: SczhEnG_1415 pos:1308654 chunknumber 162900 contains 251 sites
	-> Printing at chr: SczhEnG_1415 pos:1346638 chunknumber 163000 contains 278 sites
	-> Printing at chr: SczhEnG_1415 pos:1380185 chunknumber 163100 contains 391 sites
	-> Printing at chr: SczhEnG_1415 pos:1415055 chunknumber 163200 contains 346 sites
	-> Printing at chr: SczhEnG_1415 pos:1455444 chunknumber 163300 contains 467 sites
	-> Printing at chr: SczhEnG_1415 pos:1489650 chunknumber 163400 contains 294 sites
	-> Printing at chr: SczhEnG_1415 pos:1524402 chunknumber 163500 contains 353 sites
	-> Printing at chr: SczhEnG_1415 pos:1558884 chunknumber 163600 contains 488 sites
	-> Printing at chr: SczhEnG_1415 pos:1595749 chunknumber 163700 contains 280 sites
	-> Printing at chr: SczhEnG_1415 pos:1630838 chunknumber 163800 contains 365 sites
	-> Printing at chr: SczhEnG_1415 pos:1666889 chunknumber 163900 contains 407 sites
	-> Printing at chr: SczhEnG_1415 pos:1702159 chunknumber 164000 contains 445 sites
	-> Printing at chr: SczhEnG_1415 pos:1736447 chunknumber 164100 contains 422 sites
	-> Printing at chr: SczhEnG_1415 pos:1770956 chunknumber 164200 contains 306 sites
	-> Printing at chr: SczhEnG_1415 pos:1804575 chunknumber 164300 contains 394 sites
	-> Printing at chr: SczhEnG_1415 pos:1841408 chunknumber 164400 contains 252 sites
	-> Printing at chr: SczhEnG_1415 pos:1875964 chunknumber 164500 contains 256 sites
	-> Printing at chr: SczhEnG_1415 pos:1912145 chunknumber 164600 contains 325 sites
	-> Printing at chr: SczhEnG_1415 pos:1948597 chunknumber 164700 contains 260 sites
	-> Printing at chr: SczhEnG_1415 pos:1984058 chunknumber 164800 contains 295 sites
	-> Printing at chr: SczhEnG_1415 pos:2015807 chunknumber 164900 contains 283 sites
	-> Printing at chr: SczhEnG_1415 pos:2052345 chunknumber 165000 contains 272 sites
	-> Printing at chr: SczhEnG_1415 pos:2086473 chunknumber 165100 contains 293 sites
	-> Printing at chr: SczhEnG_1415 pos:2119925 chunknumber 165200 contains 272 sites
	-> Region lookup 362/1139
	-> Printing at chr: SczhEnG_1421 pos:29165 chunknumber 165300 contains 312 sites
	-> Region lookup 363/1139
	-> Printing at chr: SczhEnG_1422 pos:12302 chunknumber 165400 contains 261 sites
	-> Printing at chr: SczhEnG_1422 pos:45846 chunknumber 165500 contains 257 sites
	-> Printing at chr: SczhEnG_1422 pos:79914 chunknumber 165600 contains 260 sites
	-> Printing at chr: SczhEnG_1422 pos:113546 chunknumber 165700 contains 263 sites
	-> Printing at chr: SczhEnG_1422 pos:148498 chunknumber 165800 contains 270 sites
	-> Printing at chr: SczhEnG_1422 pos:182211 chunknumber 165900 contains 255 sites
	-> Printing at chr: SczhEnG_1422 pos:215969 chunknumber 166000 contains 506 sites
	-> Printing at chr: SczhEnG_1422 pos:249490 chunknumber 166100 contains 257 sites
	-> Printing at chr: SczhEnG_1422 pos:279878 chunknumber 166200 contains 375 sites
	-> Printing at chr: SczhEnG_1422 pos:314969 chunknumber 166300 contains 254 sites
	-> Printing at chr: SczhEnG_1422 pos:348785 chunknumber 166400 contains 294 sites
	-> Printing at chr: SczhEnG_1422 pos:384244 chunknumber 166500 contains 386 sites
	-> Printing at chr: SczhEnG_1422 pos:418475 chunknumber 166600 contains 285 sites
	-> Printing at chr: SczhEnG_1422 pos:454541 chunknumber 166700 contains 267 sites
	-> Printing at chr: SczhEnG_1422 pos:491743 chunknumber 166800 contains 324 sites
	-> Printing at chr: SczhEnG_1422 pos:526945 chunknumber 166900 contains 358 sites
	-> Printing at chr: SczhEnG_1422 pos:567432 chunknumber 167000 contains 261 sites
	-> Printing at chr: SczhEnG_1422 pos:602852 chunknumber 167100 contains 388 sites
	-> Printing at chr: SczhEnG_1422 pos:641885 chunknumber 167200 contains 354 sites
	-> Printing at chr: SczhEnG_1422 pos:690258 chunknumber 167300 contains 283 sites
	-> Region lookup 364/1139
	-> Printing at chr: SczhEnG_1423 pos:1011 chunknumber 167400 contains 160 sites
	-> Printing at chr: SczhEnG_1423 pos:30240 chunknumber 167500 contains 257 sites
	-> Region lookup 365/1139
	-> Printing at chr: SczhEnG_1427 pos:27821 chunknumber 167600 contains 273 sites
	-> Printing at chr: SczhEnG_1427 pos:62089 chunknumber 167700 contains 251 sites
	-> Printing at chr: SczhEnG_1427 pos:96396 chunknumber 167800 contains 316 sites
	-> Printing at chr: SczhEnG_1427 pos:131122 chunknumber 167900 contains 254 sites
	-> Printing at chr: SczhEnG_1427 pos:164783 chunknumber 168000 contains 467 sites
	-> Printing at chr: SczhEnG_1427 pos:199782 chunknumber 168100 contains 433 sites
	-> Region lookup 366/1139
	-> Printing at chr: SczhEnG_1432 pos:34287 chunknumber 168200 contains 290 sites
	-> Printing at chr: SczhEnG_1432 pos:68782 chunknumber 168300 contains 310 sites
	-> Printing at chr: SczhEnG_1432 pos:104279 chunknumber 168400 contains 259 sites
	-> Printing at chr: SczhEnG_1432 pos:144372 chunknumber 168500 contains 450 sites
	-> Printing at chr: SczhEnG_1432 pos:178522 chunknumber 168600 contains 252 sites
	-> Printing at chr: SczhEnG_1432 pos:214307 chunknumber 168700 contains 323 sites
	-> Printing at chr: SczhEnG_1432 pos:249494 chunknumber 168800 contains 252 sites
	-> Printing at chr: SczhEnG_1432 pos:283271 chunknumber 168900 contains 398 sites
	-> Region lookup 367/1139
	-> Printing at chr: SczhEnG_1443 pos:7122 chunknumber 169000 contains 253 sites
	-> Printing at chr: SczhEnG_1443 pos:35656 chunknumber 169100 contains 289 sites
	-> Printing at chr: SczhEnG_1443 pos:69208 chunknumber 169200 contains 401 sites
	-> Region lookup 368/1139
	-> Printing at chr: SczhEnG_1445 pos:27162 chunknumber 169300 contains 475 sites
	-> Printing at chr: SczhEnG_1445 pos:62346 chunknumber 169400 contains 434 sites
	-> Printing at chr: SczhEnG_1445 pos:98440 chunknumber 169500 contains 287 sites
	-> Printing at chr: SczhEnG_1445 pos:133226 chunknumber 169600 contains 337 sites
	-> Printing at chr: SczhEnG_1445 pos:168615 chunknumber 169700 contains 306 sites
	-> Printing at chr: SczhEnG_1445 pos:208881 chunknumber 169800 contains 493 sites
	-> Region lookup 369/1139
	-> Region lookup 370/1139
	-> Printing at chr: SczhEnG_1467 pos:3756 chunknumber 169900 contains 254 sites
	-> Printing at chr: SczhEnG_1467 pos:37254 chunknumber 170000 contains 319 sites
	-> Printing at chr: SczhEnG_1467 pos:71576 chunknumber 170100 contains 277 sites
	-> Printing at chr: SczhEnG_1467 pos:106861 chunknumber 170200 contains 370 sites
	-> Printing at chr: SczhEnG_1467 pos:139477 chunknumber 170300 contains 254 sites
	-> Region lookup 371/1139
	-> Printing at chr: SczhEnG_1469 pos:9009 chunknumber 170400 contains 255 sites
	-> Printing at chr: SczhEnG_1469 pos:41503 chunknumber 170500 contains 326 sites
	-> Region lookup 372/1139
	-> Printing at chr: SczhEnG_1473 pos:23134 chunknumber 170600 contains 393 sites
	-> Printing at chr: SczhEnG_1473 pos:56777 chunknumber 170700 contains 299 sites
	-> Region lookup 373/1139
	-> Printing at chr: SczhEnG_1477 pos:26359 chunknumber 170800 contains 393 sites
	-> Printing at chr: SczhEnG_1477 pos:61977 chunknumber 170900 contains 254 sites
	-> Region lookup 374/1139
	-> Printing at chr: SczhEnG_1479 pos:17536 chunknumber 171000 contains 251 sites
	-> Printing at chr: SczhEnG_1479 pos:54347 chunknumber 171100 contains 269 sites
	-> Region lookup 375/1139
	-> Printing at chr: SczhEnG_1485 pos:32460 chunknumber 171200 contains 273 sites
	-> Printing at chr: SczhEnG_1485 pos:63810 chunknumber 171300 contains 379 sites
	-> Printing at chr: SczhEnG_1485 pos:99088 chunknumber 171400 contains 297 sites
	-> Printing at chr: SczhEnG_1485 pos:137861 chunknumber 171500 contains 577 sites
	-> Region lookup 376/1139
	-> Printing at chr: SczhEnG_1486 pos:29679 chunknumber 171600 contains 350 sites
	-> Region lookup 377/1139
	-> Printing at chr: SczhEnG_1487 pos:4085 chunknumber 171700 contains 253 sites
	-> Printing at chr: SczhEnG_1487 pos:37392 chunknumber 171800 contains 293 sites
	-> Printing at chr: SczhEnG_1487 pos:70751 chunknumber 171900 contains 333 sites
	-> Printing at chr: SczhEnG_1487 pos:109324 chunknumber 172000 contains 313 sites
	-> Region lookup 378/1139
	-> Region lookup 379/1139
	-> Printing at chr: SczhEnG_1489 pos:5814 chunknumber 172100 contains 260 sites
	-> Region lookup 380/1139
	-> Printing at chr: SczhEnG_1491 pos:7021 chunknumber 172200 contains 812 sites
	-> Printing at chr: SczhEnG_1491 pos:42606 chunknumber 172300 contains 285 sites
	-> Printing at chr: SczhEnG_1491 pos:81335 chunknumber 172400 contains 373 sites
	-> Printing at chr: SczhEnG_1491 pos:113597 chunknumber 172500 contains 347 sites
	-> Printing at chr: SczhEnG_1491 pos:146789 chunknumber 172600 contains 442 sites
	-> Printing at chr: SczhEnG_1491 pos:177571 chunknumber 172700 contains 253 sites
	-> Printing at chr: SczhEnG_1491 pos:204627 chunknumber 172800 contains 269 sites
	-> Region lookup 381/1139
	-> Printing at chr: SczhEnG_1493 pos:19348 chunknumber 172900 contains 252 sites
	-> Printing at chr: SczhEnG_1493 pos:54018 chunknumber 173000 contains 442 sites
	-> Printing at chr: SczhEnG_1493 pos:88231 chunknumber 173100 contains 462 sites
	-> Region lookup 382/1139
	-> Printing at chr: SczhEnG_1498 pos:12463 chunknumber 173200 contains 266 sites
	-> Region lookup 383/1139
	-> Printing at chr: SczhEnG_1502 pos:30543 chunknumber 173300 contains 490 sites
	-> Region lookup 384/1139
	-> Printing at chr: SczhEnG_1506 pos:31079 chunknumber 173400 contains 361 sites
	-> Printing at chr: SczhEnG_1506 pos:65342 chunknumber 173500 contains 364 sites
	-> Region lookup 385/1139
	-> Printing at chr: SczhEnG_1510 pos:25589 chunknumber 173600 contains 254 sites
	-> Printing at chr: SczhEnG_1510 pos:60410 chunknumber 173700 contains 396 sites
	-> Printing at chr: SczhEnG_1510 pos:94030 chunknumber 173800 contains 251 sites
	-> Printing at chr: SczhEnG_1510 pos:128684 chunknumber 173900 contains 367 sites
	-> Printing at chr: SczhEnG_1510 pos:163902 chunknumber 174000 contains 457 sites
	-> Printing at chr: SczhEnG_1510 pos:198399 chunknumber 174100 contains 273 sites
	-> Printing at chr: SczhEnG_1510 pos:250502 chunknumber 174200 contains 252 sites
	-> Region lookup 386/1139
	-> Printing at chr: SczhEnG_1511 pos:34940 chunknumber 174300 contains 449 sites
	-> Printing at chr: SczhEnG_1511 pos:66565 chunknumber 174400 contains 319 sites
	-> Region lookup 387/1139
	-> Printing at chr: SczhEnG_1512 pos:18277 chunknumber 174500 contains 277 sites
	-> Printing at chr: SczhEnG_1512 pos:59058 chunknumber 174600 contains 314 sites
	-> Printing at chr: SczhEnG_1512 pos:86118 chunknumber 174700 contains 397 sites
	-> Region lookup 388/1139
	-> Printing at chr: SczhEnG_1513 pos:31095 chunknumber 174800 contains 420 sites
	-> Region lookup 389/1139
	-> Printing at chr: SczhEnG_1516 pos:16312 chunknumber 174900 contains 431 sites
	-> Printing at chr: SczhEnG_1516 pos:52936 chunknumber 175000 contains 317 sites
	-> Printing at chr: SczhEnG_1516 pos:89267 chunknumber 175100 contains 307 sites
	-> Printing at chr: SczhEnG_1516 pos:123923 chunknumber 175200 contains 258 sites
	-> Printing at chr: SczhEnG_1516 pos:158142 chunknumber 175300 contains 210 sites
	-> Region lookup 390/1139
	-> Region lookup 391/1139
	-> Printing at chr: SczhEnG_1529 pos:1518 chunknumber 175400 contains 326 sites
	-> Printing at chr: SczhEnG_1529 pos:41351 chunknumber 175500 contains 395 sites
	-> Printing at chr: SczhEnG_1529 pos:78253 chunknumber 175600 contains 343 sites
	-> Printing at chr: SczhEnG_1529 pos:112487 chunknumber 175700 contains 270 sites
	-> Printing at chr: SczhEnG_1529 pos:148221 chunknumber 175800 contains 301 sites
	-> Printing at chr: SczhEnG_1529 pos:181527 chunknumber 175900 contains 256 sites
	-> Printing at chr: SczhEnG_1529 pos:220965 chunknumber 176000 contains 254 sites
	-> Printing at chr: SczhEnG_1529 pos:256542 chunknumber 176100 contains 368 sites
	-> Region lookup 392/1139
	-> Printing at chr: SczhEnG_1530 pos:13377 chunknumber 176200 contains 284 sites
	-> Printing at chr: SczhEnG_1530 pos:48659 chunknumber 176300 contains 269 sites
	-> Printing at chr: SczhEnG_1530 pos:84336 chunknumber 176400 contains 332 sites
	-> Region lookup 393/1139
	-> Printing at chr: SczhEnG_1530 pos:118588 chunknumber 176500 contains 3 sites
	-> Printing at chr: SczhEnG_1531 pos:40382 chunknumber 176600 contains 255 sites
	-> Printing at chr: SczhEnG_1531 pos:75022 chunknumber 176700 contains 353 sites
	-> Printing at chr: SczhEnG_1531 pos:110287 chunknumber 176800 contains 358 sites
	-> Printing at chr: SczhEnG_1531 pos:146357 chunknumber 176900 contains 312 sites
	-> Region lookup 394/1139
	-> Printing at chr: SczhEnG_1533 pos:4283 chunknumber 177000 contains 451 sites
	-> Region lookup 395/1139
	-> Region lookup 396/1139
	-> Printing at chr: SczhEnG_1539 pos:10462 chunknumber 177100 contains 263 sites
	-> Printing at chr: SczhEnG_1539 pos:45814 chunknumber 177200 contains 343 sites
	-> Printing at chr: SczhEnG_1539 pos:78048 chunknumber 177300 contains 253 sites
	-> Region lookup 397/1139
	-> Printing at chr: SczhEnG_1548 pos:4464 chunknumber 177400 contains 625 sites
	-> Region lookup 398/1139
	-> Region lookup 399/1139
	-> Printing at chr: SczhEnG_1556 pos:12163 chunknumber 177500 contains 367 sites
	-> Printing at chr: SczhEnG_1556 pos:48028 chunknumber 177600 contains 357 sites
	-> Printing at chr: SczhEnG_1556 pos:81785 chunknumber 177700 contains 288 sites
	-> Printing at chr: SczhEnG_1556 pos:116080 chunknumber 177800 contains 287 sites
	-> Region lookup 400/1139
	-> Printing at chr: SczhEnG_1557 pos:24472 chunknumber 177900 contains 472 sites
	-> Region lookup 401/1139
	-> Printing at chr: SczhEnG_1558 pos:1874 chunknumber 178000 contains 257 sites
	-> Printing at chr: SczhEnG_1558 pos:37047 chunknumber 178100 contains 253 sites
	-> Printing at chr: SczhEnG_1558 pos:70399 chunknumber 178200 contains 519 sites
	-> Printing at chr: SczhEnG_1558 pos:108709 chunknumber 178300 contains 409 sites
	-> Printing at chr: SczhEnG_1558 pos:145262 chunknumber 178400 contains 349 sites
	-> Printing at chr: SczhEnG_1558 pos:182546 chunknumber 178500 contains 412 sites
	-> Printing at chr: SczhEnG_1558 pos:217752 chunknumber 178600 contains 255 sites
	-> Printing at chr: SczhEnG_1558 pos:254216 chunknumber 178700 contains 334 sites
	-> Printing at chr: SczhEnG_1558 pos:292242 chunknumber 178800 contains 484 sites
	-> Printing at chr: SczhEnG_1558 pos:330052 chunknumber 178900 contains 488 sites
	-> Printing at chr: SczhEnG_1558 pos:368728 chunknumber 179000 contains 266 sites
	-> Region lookup 402/1139
	-> Printing at chr: SczhEnG_1559 pos:27774 chunknumber 179100 contains 369 sites
	-> Printing at chr: SczhEnG_1559 pos:65028 chunknumber 179200 contains 393 sites
	-> Region lookup 403/1139
	-> Printing at chr: SczhEnG_1560 pos:17932 chunknumber 179300 contains 258 sites
	-> Printing at chr: SczhEnG_1560 pos:54856 chunknumber 179400 contains 361 sites
	-> Printing at chr: SczhEnG_1560 pos:90332 chunknumber 179500 contains 253 sites
	-> Printing at chr: SczhEnG_1560 pos:130750 chunknumber 179600 contains 251 sites
	-> Printing at chr: SczhEnG_1560 pos:167390 chunknumber 179700 contains 340 sites
	-> Printing at chr: SczhEnG_1560 pos:200532 chunknumber 179800 contains 385 sites
	-> Region lookup 404/1139
	-> Printing at chr: SczhEnG_1571 pos:5578 chunknumber 179900 contains 316 sites
	-> Printing at chr: SczhEnG_1571 pos:41514 chunknumber 180000 contains 324 sites
	-> Printing at chr: SczhEnG_1571 pos:76804 chunknumber 180100 contains 422 sites
	-> Printing at chr: SczhEnG_1571 pos:112972 chunknumber 180200 contains 355 sites
	-> Printing at chr: SczhEnG_1571 pos:147607 chunknumber 180300 contains 364 sites
	-> Printing at chr: SczhEnG_1571 pos:181209 chunknumber 180400 contains 283 sites
	-> Printing at chr: SczhEnG_1571 pos:215205 chunknumber 180500 contains 257 sites
	-> Printing at chr: SczhEnG_1571 pos:247151 chunknumber 180600 contains 291 sites
	-> Printing at chr: SczhEnG_1571 pos:281651 chunknumber 180700 contains 332 sites
	-> Printing at chr: SczhEnG_1571 pos:315809 chunknumber 180800 contains 254 sites
	-> Region lookup 405/1139
	-> Printing at chr: SczhEnG_1572 pos:5358 chunknumber 180900 contains 257 sites
	-> Printing at chr: SczhEnG_1572 pos:39569 chunknumber 181000 contains 415 sites
	-> Printing at chr: SczhEnG_1572 pos:74453 chunknumber 181100 contains 252 sites
	-> Region lookup 406/1139
	-> Printing at chr: SczhEnG_1573 pos:20506 chunknumber 181200 contains 263 sites
	-> Region lookup 407/1139
	-> Printing at chr: SczhEnG_1580 pos:27589 chunknumber 181300 contains 272 sites
	-> Region lookup 408/1139
	-> Printing at chr: SczhEnG_1582 pos:23888 chunknumber 181400 contains 253 sites
	-> Printing at chr: SczhEnG_1582 pos:61096 chunknumber 181500 contains 382 sites
	-> Printing at chr: SczhEnG_1582 pos:96746 chunknumber 181600 contains 466 sites
	-> Printing at chr: SczhEnG_1582 pos:132754 chunknumber 181700 contains 252 sites
	-> Printing at chr: SczhEnG_1582 pos:164109 chunknumber 181800 contains 254 sites
	-> Printing at chr: SczhEnG_1582 pos:197963 chunknumber 181900 contains 319 sites
	-> Printing at chr: SczhEnG_1582 pos:233328 chunknumber 182000 contains 368 sites
	-> Printing at chr: SczhEnG_1582 pos:268394 chunknumber 182100 contains 453 sites
	-> Region lookup 409/1139
	-> Printing at chr: SczhEnG_1585 pos:13496 chunknumber 182200 contains 377 sites
	-> Printing at chr: SczhEnG_1585 pos:49461 chunknumber 182300 contains 255 sites
	-> Printing at chr: SczhEnG_1585 pos:85315 chunknumber 182400 contains 251 sites
	-> Printing at chr: SczhEnG_1585 pos:121414 chunknumber 182500 contains 286 sites
	-> Region lookup 410/1139
	-> Printing at chr: SczhEnG_1586 pos:9279 chunknumber 182600 contains 491 sites
	-> Printing at chr: SczhEnG_1586 pos:44458 chunknumber 182700 contains 412 sites
	-> Region lookup 411/1139
	-> Printing at chr: SczhEnG_1587 pos:9614 chunknumber 182800 contains 260 sites
	-> Region lookup 412/1139
	-> Printing at chr: SczhEnG_1598 pos:58489 chunknumber 182900 contains 670 sites
	-> Printing at chr: SczhEnG_1598 pos:103889 chunknumber 183000 contains 305 sites
	-> Printing at chr: SczhEnG_1598 pos:135830 chunknumber 183100 contains 290 sites
	-> Printing at chr: SczhEnG_1598 pos:170399 chunknumber 183200 contains 261 sites
	-> Printing at chr: SczhEnG_1598 pos:206534 chunknumber 183300 contains 156 sites
	-> Printing at chr: SczhEnG_1598 pos:243086 chunknumber 183400 contains 356 sites
	-> Printing at chr: SczhEnG_1598 pos:298890 chunknumber 183500 contains 288 sites
	-> Printing at chr: SczhEnG_1598 pos:333185 chunknumber 183600 contains 301 sites
	-> Printing at chr: SczhEnG_1598 pos:368694 chunknumber 183700 contains 253 sites
	-> Printing at chr: SczhEnG_1598 pos:403156 chunknumber 183800 contains 256 sites
	-> Printing at chr: SczhEnG_1598 pos:436242 chunknumber 183900 contains 375 sites
	-> Printing at chr: SczhEnG_1598 pos:472455 chunknumber 184000 contains 337 sites
	-> Printing at chr: SczhEnG_1598 pos:505604 chunknumber 184100 contains 256 sites
	-> Printing at chr: SczhEnG_1598 pos:539353 chunknumber 184200 contains 387 sites
	-> Printing at chr: SczhEnG_1598 pos:572782 chunknumber 184300 contains 257 sites
	-> Printing at chr: SczhEnG_1598 pos:606821 chunknumber 184400 contains 464 sites
	-> Printing at chr: SczhEnG_1598 pos:642645 chunknumber 184500 contains 315 sites
	-> Printing at chr: SczhEnG_1598 pos:677455 chunknumber 184600 contains 452 sites
	-> Printing at chr: SczhEnG_1598 pos:710625 chunknumber 184700 contains 302 sites
	-> Region lookup 413/1139
	-> Printing at chr: SczhEnG_1599 pos:5406 chunknumber 184800 contains 252 sites
	-> Printing at chr: SczhEnG_1599 pos:47657 chunknumber 184900 contains 251 sites
	-> Region lookup 414/1139
	-> Printing at chr: SczhEnG_1600 pos:21780 chunknumber 185000 contains 252 sites
	-> Printing at chr: SczhEnG_1600 pos:51841 chunknumber 185100 contains 258 sites
	-> Printing at chr: SczhEnG_1600 pos:91986 chunknumber 185200 contains 482 sites
	-> Printing at chr: SczhEnG_1600 pos:124240 chunknumber 185300 contains 277 sites
	-> Printing at chr: SczhEnG_1600 pos:157422 chunknumber 185400 contains 251 sites
	-> Printing at chr: SczhEnG_1600 pos:190487 chunknumber 185500 contains 266 sites
	-> Region lookup 415/1139
	-> Printing at chr: SczhEnG_1601 pos:3911 chunknumber 185600 contains 252 sites
	-> Printing at chr: SczhEnG_1601 pos:34916 chunknumber 185700 contains 259 sites
	-> Printing at chr: SczhEnG_1601 pos:72051 chunknumber 185800 contains 377 sites
	-> Region lookup 416/1139
	-> Region lookup 417/1139
	-> Printing at chr: SczhEnG_1605 pos:19460 chunknumber 185900 contains 1 sites
	-> Printing at chr: SczhEnG_1606 pos:33118 chunknumber 186000 contains 281 sites
	-> Printing at chr: SczhEnG_1606 pos:82284 chunknumber 186100 contains 252 sites
	-> Printing at chr: SczhEnG_1606 pos:114493 chunknumber 186200 contains 408 sites
	-> Region lookup 418/1139
	-> Printing at chr: SczhEnG_1611 pos:4312 chunknumber 186300 contains 426 sites
	-> Region lookup 419/1139
	-> Printing at chr: SczhEnG_1614 pos:14260 chunknumber 186400 contains 369 sites
	-> Printing at chr: SczhEnG_1614 pos:49003 chunknumber 186500 contains 278 sites
	-> Printing at chr: SczhEnG_1614 pos:81758 chunknumber 186600 contains 287 sites
	-> Printing at chr: SczhEnG_1614 pos:116209 chunknumber 186700 contains 350 sites
	-> Region lookup 420/1139
	-> Printing at chr: SczhEnG_1616 pos:17465 chunknumber 186800 contains 436 sites
	-> Printing at chr: SczhEnG_1616 pos:52763 chunknumber 186900 contains 266 sites
	-> Printing at chr: SczhEnG_1616 pos:87526 chunknumber 187000 contains 307 sites
	-> Region lookup 421/1139
	-> Printing at chr: SczhEnG_1618 pos:15418 chunknumber 187100 contains 445 sites
	-> Region lookup 422/1139
	-> Region lookup 423/1139
	-> Printing at chr: SczhEnG_1623 pos:18401 chunknumber 187200 contains 255 sites
	-> Printing at chr: SczhEnG_1623 pos:54491 chunknumber 187300 contains 591 sites
	-> Region lookup 424/1139
	-> Printing at chr: SczhEnG_1624 pos:4210 chunknumber 187400 contains 252 sites
	-> Printing at chr: SczhEnG_1624 pos:38536 chunknumber 187500 contains 253 sites
	-> Region lookup 425/1139
	-> Printing at chr: SczhEnG_1626 pos:10140 chunknumber 187600 contains 278 sites
	-> Printing at chr: SczhEnG_1626 pos:45581 chunknumber 187700 contains 263 sites
	-> Printing at chr: SczhEnG_1626 pos:80312 chunknumber 187800 contains 316 sites
	-> Printing at chr: SczhEnG_1626 pos:115010 chunknumber 187900 contains 252 sites
	-> Printing at chr: SczhEnG_1626 pos:153467 chunknumber 188000 contains 275 sites
	-> Printing at chr: SczhEnG_1626 pos:188517 chunknumber 188100 contains 449 sites
	-> Printing at chr: SczhEnG_1626 pos:223213 chunknumber 188200 contains 344 sites
	-> Printing at chr: SczhEnG_1626 pos:257226 chunknumber 188300 contains 396 sites
	-> Printing at chr: SczhEnG_1626 pos:293002 chunknumber 188400 contains 258 sites
	-> Region lookup 426/1139
	-> Region lookup 427/1139
	-> Printing at chr: SczhEnG_1635 pos:22710 chunknumber 188500 contains 388 sites
	-> Printing at chr: SczhEnG_1635 pos:58254 chunknumber 188600 contains 356 sites
	-> Printing at chr: SczhEnG_1635 pos:92282 chunknumber 188700 contains 484 sites
	-> Region lookup 428/1139
	-> Printing at chr: SczhEnG_1641 pos:7108 chunknumber 188800 contains 259 sites
	-> Printing at chr: SczhEnG_1641 pos:47501 chunknumber 188900 contains 367 sites
	-> Printing at chr: SczhEnG_1641 pos:81010 chunknumber 189000 contains 251 sites
	-> Printing at chr: SczhEnG_1641 pos:125510 chunknumber 189100 contains 263 sites
	-> Region lookup 429/1139
	-> Region lookup 430/1139
	-> Printing at chr: SczhEnG_1652 pos:4341 chunknumber 189200 contains 253 sites
	-> Printing at chr: SczhEnG_1652 pos:39177 chunknumber 189300 contains 377 sites
	-> Printing at chr: SczhEnG_1652 pos:74290 chunknumber 189400 contains 336 sites
	-> Printing at chr: SczhEnG_1652 pos:108516 chunknumber 189500 contains 418 sites
	-> Region lookup 431/1139
	-> Printing at chr: SczhEnG_1654 pos:4767 chunknumber 189600 contains 370 sites
	-> Printing at chr: SczhEnG_1654 pos:43258 chunknumber 189700 contains 252 sites
	-> Printing at chr: SczhEnG_1654 pos:85506 chunknumber 189800 contains 257 sites
	-> Region lookup 432/1139
	-> Printing at chr: SczhEnG_1655 pos:16161 chunknumber 189900 contains 491 sites
	-> Printing at chr: SczhEnG_1655 pos:52993 chunknumber 190000 contains 252 sites
	-> Printing at chr: SczhEnG_1655 pos:92225 chunknumber 190100 contains 312 sites
	-> Printing at chr: SczhEnG_1655 pos:128159 chunknumber 190200 contains 449 sites
	-> Printing at chr: SczhEnG_1655 pos:171335 chunknumber 190300 contains 252 sites
	-> Printing at chr: SczhEnG_1655 pos:213336 chunknumber 190400 contains 316 sites
	-> Printing at chr: SczhEnG_1655 pos:246715 chunknumber 190500 contains 262 sites
	-> Printing at chr: SczhEnG_1655 pos:280493 chunknumber 190600 contains 394 sites
	-> Region lookup 433/1139
	-> Printing at chr: SczhEnG_1657 pos:30897 chunknumber 190700 contains 251 sites
	-> Printing at chr: SczhEnG_1657 pos:64613 chunknumber 190800 contains 430 sites
	-> Printing at chr: SczhEnG_1657 pos:97432 chunknumber 190900 contains 256 sites
	-> Region lookup 434/1139
	-> Printing at chr: SczhEnG_1661 pos:19874 chunknumber 191000 contains 262 sites
	-> Printing at chr: SczhEnG_1661 pos:51344 chunknumber 191100 contains 256 sites
	-> Region lookup 435/1139
	-> Printing at chr: SczhEnG_1662 pos:26101 chunknumber 191200 contains 375 sites
	-> Printing at chr: SczhEnG_1662 pos:58725 chunknumber 191300 contains 459 sites
	-> Printing at chr: SczhEnG_1662 pos:94427 chunknumber 191400 contains 367 sites
	-> Printing at chr: SczhEnG_1662 pos:127828 chunknumber 191500 contains 264 sites
	-> Printing at chr: SczhEnG_1662 pos:162442 chunknumber 191600 contains 529 sites
	-> Printing at chr: SczhEnG_1662 pos:198016 chunknumber 191700 contains 343 sites
	-> Printing at chr: SczhEnG_1662 pos:233375 chunknumber 191800 contains 261 sites
	-> Printing at chr: SczhEnG_1662 pos:268875 chunknumber 191900 contains 321 sites
	-> Printing at chr: SczhEnG_1662 pos:306405 chunknumber 192000 contains 342 sites
	-> Printing at chr: SczhEnG_1662 pos:343237 chunknumber 192100 contains 288 sites
	-> Printing at chr: SczhEnG_1662 pos:377867 chunknumber 192200 contains 286 sites
	-> Region lookup 436/1139
	-> Printing at chr: SczhEnG_1662 pos:412765 chunknumber 192300 contains 24 sites
	-> Region lookup 437/1139
	-> Printing at chr: SczhEnG_1673 pos:11797 chunknumber 192400 contains 297 sites
	-> Printing at chr: SczhEnG_1673 pos:59237 chunknumber 192500 contains 272 sites
	-> Printing at chr: SczhEnG_1673 pos:94558 chunknumber 192600 contains 262 sites
	-> Printing at chr: SczhEnG_1673 pos:130830 chunknumber 192700 contains 321 sites
	-> Printing at chr: SczhEnG_1673 pos:171966 chunknumber 192800 contains 406 sites
	-> Printing at chr: SczhEnG_1673 pos:210071 chunknumber 192900 contains 262 sites
	-> Printing at chr: SczhEnG_1673 pos:247325 chunknumber 193000 contains 252 sites
	-> Printing at chr: SczhEnG_1673 pos:281814 chunknumber 193100 contains 337 sites
	-> Printing at chr: SczhEnG_1673 pos:316802 chunknumber 193200 contains 380 sites
	-> Printing at chr: SczhEnG_1673 pos:352600 chunknumber 193300 contains 259 sites
	-> Printing at chr: SczhEnG_1673 pos:389761 chunknumber 193400 contains 451 sites
	-> Printing at chr: SczhEnG_1673 pos:425382 chunknumber 193500 contains 398 sites
	-> Printing at chr: SczhEnG_1673 pos:460814 chunknumber 193600 contains 374 sites
	-> Printing at chr: SczhEnG_1673 pos:495073 chunknumber 193700 contains 275 sites
	-> Region lookup 438/1139
	-> Printing at chr: SczhEnG_1676 pos:4914 chunknumber 193800 contains 369 sites
	-> Printing at chr: SczhEnG_1676 pos:41661 chunknumber 193900 contains 359 sites
	-> Printing at chr: SczhEnG_1676 pos:81404 chunknumber 194000 contains 341 sites
	-> Printing at chr: SczhEnG_1676 pos:116774 chunknumber 194100 contains 278 sites
	-> Region lookup 439/1139
	-> Printing at chr: SczhEnG_1680 pos:3532 chunknumber 194200 contains 254 sites
	-> Region lookup 440/1139
	-> Printing at chr: SczhEnG_1681 pos:1604 chunknumber 194300 contains 560 sites
	-> Region lookup 441/1139
	-> Printing at chr: SczhEnG_1684 pos:22061 chunknumber 194400 contains 335 sites
	-> Region lookup 442/1139
	-> Printing at chr: SczhEnG_1691 pos:29137 chunknumber 194500 contains 390 sites
	-> Printing at chr: SczhEnG_1691 pos:62365 chunknumber 194600 contains 331 sites
	-> Printing at chr: SczhEnG_1691 pos:97468 chunknumber 194700 contains 349 sites
	-> Region lookup 443/1139
	-> Printing at chr: SczhEnG_1698 pos:762 chunknumber 194800 contains 251 sites
	-> Printing at chr: SczhEnG_1698 pos:37429 chunknumber 194900 contains 400 sites
	-> Printing at chr: SczhEnG_1698 pos:71358 chunknumber 195000 contains 257 sites
	-> Region lookup 444/1139
	-> Printing at chr: SczhEnG_1700 pos:27044 chunknumber 195100 contains 318 sites
	-> Printing at chr: SczhEnG_1700 pos:61094 chunknumber 195200 contains 336 sites
	-> Printing at chr: SczhEnG_1700 pos:100463 chunknumber 195300 contains 295 sites
	-> Printing at chr: SczhEnG_1700 pos:134552 chunknumber 195400 contains 266 sites
	-> Printing at chr: SczhEnG_1700 pos:171224 chunknumber 195500 contains 406 sites
	-> Printing at chr: SczhEnG_1700 pos:207678 chunknumber 195600 contains 253 sites
	-> Printing at chr: SczhEnG_1700 pos:241849 chunknumber 195700 contains 322 sites
	-> Region lookup 445/1139
	-> Printing at chr: SczhEnG_1701 pos:16411 chunknumber 195800 contains 252 sites
	-> Region lookup 446/1139
	-> Printing at chr: SczhEnG_1704 pos:21019 chunknumber 195900 contains 294 sites
	-> Printing at chr: SczhEnG_1704 pos:60537 chunknumber 196000 contains 448 sites
	-> Printing at chr: SczhEnG_1704 pos:94150 chunknumber 196100 contains 278 sites
	-> Printing at chr: SczhEnG_1704 pos:127020 chunknumber 196200 contains 428 sites
	-> Region lookup 447/1139
	-> Printing at chr: SczhEnG_1706 pos:12684 chunknumber 196300 contains 332 sites
	-> Printing at chr: SczhEnG_1706 pos:47722 chunknumber 196400 contains 277 sites
	-> Printing at chr: SczhEnG_1706 pos:81754 chunknumber 196500 contains 274 sites
	-> Printing at chr: SczhEnG_1706 pos:115265 chunknumber 196600 contains 313 sites
	-> Printing at chr: SczhEnG_1706 pos:149930 chunknumber 196700 contains 256 sites
	-> Printing at chr: SczhEnG_1706 pos:182709 chunknumber 196800 contains 448 sites
	-> Printing at chr: SczhEnG_1706 pos:218558 chunknumber 196900 contains 454 sites
	-> Printing at chr: SczhEnG_1706 pos:251779 chunknumber 197000 contains 299 sites
	-> Printing at chr: SczhEnG_1706 pos:285494 chunknumber 197100 contains 326 sites
	-> Printing at chr: SczhEnG_1706 pos:319425 chunknumber 197200 contains 383 sites
	-> Printing at chr: SczhEnG_1706 pos:363703 chunknumber 197300 contains 255 sites
	-> Printing at chr: SczhEnG_1706 pos:397912 chunknumber 197400 contains 252 sites
	-> Printing at chr: SczhEnG_1706 pos:443581 chunknumber 197500 contains 251 sites
	-> Printing at chr: SczhEnG_1706 pos:484708 chunknumber 197600 contains 256 sites
	-> Printing at chr: SczhEnG_1706 pos:519984 chunknumber 197700 contains 251 sites
	-> Printing at chr: SczhEnG_1706 pos:564711 chunknumber 197800 contains 428 sites
	-> Printing at chr: SczhEnG_1706 pos:604536 chunknumber 197900 contains 264 sites
	-> Printing at chr: SczhEnG_1706 pos:641074 chunknumber 198000 contains 340 sites
	-> Printing at chr: SczhEnG_1706 pos:677882 chunknumber 198100 contains 263 sites
	-> Printing at chr: SczhEnG_1706 pos:714290 chunknumber 198200 contains 540 sites
	-> Printing at chr: SczhEnG_1706 pos:748544 chunknumber 198300 contains 405 sites
	-> Region lookup 448/1139
	-> Printing at chr: SczhEnG_1707 pos:10508 chunknumber 198400 contains 251 sites
	-> Printing at chr: SczhEnG_1707 pos:44764 chunknumber 198500 contains 264 sites
	-> Printing at chr: SczhEnG_1707 pos:80976 chunknumber 198600 contains 291 sites
	-> Printing at chr: SczhEnG_1707 pos:118962 chunknumber 198700 contains 381 sites
	-> Printing at chr: SczhEnG_1707 pos:150349 chunknumber 198800 contains 288 sites
	-> Printing at chr: SczhEnG_1707 pos:183424 chunknumber 198900 contains 556 sites
	-> Printing at chr: SczhEnG_1707 pos:218129 chunknumber 199000 contains 255 sites
	-> Printing at chr: SczhEnG_1707 pos:252729 chunknumber 199100 contains 301 sites
	-> Printing at chr: SczhEnG_1707 pos:289322 chunknumber 199200 contains 279 sites
	-> Printing at chr: SczhEnG_1707 pos:323255 chunknumber 199300 contains 381 sites
	-> Printing at chr: SczhEnG_1707 pos:359916 chunknumber 199400 contains 254 sites
	-> Printing at chr: SczhEnG_1707 pos:399188 chunknumber 199500 contains 313 sites
	-> Printing at chr: SczhEnG_1707 pos:433749 chunknumber 199600 contains 272 sites
	-> Printing at chr: SczhEnG_1707 pos:466799 chunknumber 199700 contains 312 sites
	-> Printing at chr: SczhEnG_1707 pos:502012 chunknumber 199800 contains 415 sites
	-> Printing at chr: SczhEnG_1707 pos:535124 chunknumber 199900 contains 472 sites
	-> Printing at chr: SczhEnG_1707 pos:571019 chunknumber 200000 contains 329 sites
	-> Printing at chr: SczhEnG_1707 pos:608072 chunknumber 200100 contains 316 sites
	-> Printing at chr: SczhEnG_1707 pos:643377 chunknumber 200200 contains 423 sites
	-> Printing at chr: SczhEnG_1707 pos:678485 chunknumber 200300 contains 300 sites
	-> Region lookup 449/1139
	-> Printing at chr: SczhEnG_1711 pos:10770 chunknumber 200400 contains 376 sites
	-> Printing at chr: SczhEnG_1711 pos:44510 chunknumber 200500 contains 287 sites
	-> Printing at chr: SczhEnG_1711 pos:78538 chunknumber 200600 contains 301 sites
	-> Printing at chr: SczhEnG_1711 pos:113984 chunknumber 200700 contains 255 sites
	-> Printing at chr: SczhEnG_1711 pos:151857 chunknumber 200800 contains 251 sites
	-> Region lookup 450/1139
	-> Region lookup 451/1139
	-> Printing at chr: SczhEnG_1718 pos:10746 chunknumber 200900 contains 792 sites
	-> Printing at chr: SczhEnG_1718 pos:47232 chunknumber 201000 contains 306 sites
	-> Printing at chr: SczhEnG_1718 pos:77574 chunknumber 201100 contains 252 sites
	-> Region lookup 452/1139
	-> Printing at chr: SczhEnG_1720 pos:39388 chunknumber 201200 contains 193 sites
	-> Printing at chr: SczhEnG_1720 pos:71804 chunknumber 201300 contains 283 sites
	-> Printing at chr: SczhEnG_1720 pos:104940 chunknumber 201400 contains 401 sites
	-> Region lookup 453/1139
	-> Printing at chr: SczhEnG_1721 pos:2741 chunknumber 201500 contains 458 sites
	-> Printing at chr: SczhEnG_1721 pos:40776 chunknumber 201600 contains 362 sites
	-> Printing at chr: SczhEnG_1721 pos:76659 chunknumber 201700 contains 251 sites
	-> Printing at chr: SczhEnG_1721 pos:113897 chunknumber 201800 contains 300 sites
	-> Printing at chr: SczhEnG_1721 pos:148628 chunknumber 201900 contains 253 sites
	-> Printing at chr: SczhEnG_1721 pos:188517 chunknumber 202000 contains 440 sites
	-> Printing at chr: SczhEnG_1721 pos:228606 chunknumber 202100 contains 274 sites
	-> Printing at chr: SczhEnG_1721 pos:262911 chunknumber 202200 contains 311 sites
	-> Printing at chr: SczhEnG_1721 pos:299193 chunknumber 202300 contains 411 sites
	-> Printing at chr: SczhEnG_1721 pos:332970 chunknumber 202400 contains 320 sites
	-> Region lookup 454/1139
	-> Printing at chr: SczhEnG_1721 pos:368120 chunknumber 202500 contains 1 sites
	-> Region lookup 455/1139
	-> Printing at chr: SczhEnG_1725 pos:712 chunknumber 202600 contains 319 sites
	-> Printing at chr: SczhEnG_1725 pos:34826 chunknumber 202700 contains 1016 sites
	-> Printing at chr: SczhEnG_1725 pos:72397 chunknumber 202800 contains 325 sites
	-> Printing at chr: SczhEnG_1725 pos:108210 chunknumber 202900 contains 291 sites
	-> Printing at chr: SczhEnG_1725 pos:142721 chunknumber 203000 contains 445 sites
	-> Printing at chr: SczhEnG_1725 pos:177619 chunknumber 203100 contains 356 sites
	-> Printing at chr: SczhEnG_1725 pos:214528 chunknumber 203200 contains 318 sites
	-> Printing at chr: SczhEnG_1725 pos:249354 chunknumber 203300 contains 251 sites
	-> Printing at chr: SczhEnG_1725 pos:284152 chunknumber 203400 contains 358 sites
	-> Printing at chr: SczhEnG_1725 pos:319569 chunknumber 203500 contains 407 sites
	-> Printing at chr: SczhEnG_1725 pos:355665 chunknumber 203600 contains 262 sites
	-> Region lookup 456/1139
	-> Printing at chr: SczhEnG_1726 pos:27274 chunknumber 203700 contains 286 sites
	-> Printing at chr: SczhEnG_1726 pos:62865 chunknumber 203800 contains 351 sites
	-> Printing at chr: SczhEnG_1726 pos:97514 chunknumber 203900 contains 447 sites
	-> Printing at chr: SczhEnG_1726 pos:131931 chunknumber 204000 contains 253 sites
	-> Printing at chr: SczhEnG_1726 pos:167023 chunknumber 204100 contains 306 sites
	-> Printing at chr: SczhEnG_1726 pos:200618 chunknumber 204200 contains 413 sites
	-> Printing at chr: SczhEnG_1726 pos:241467 chunknumber 204300 contains 251 sites
	-> Printing at chr: SczhEnG_1726 pos:275084 chunknumber 204400 contains 341 sites
	-> Printing at chr: SczhEnG_1726 pos:310550 chunknumber 204500 contains 262 sites
	-> Printing at chr: SczhEnG_1726 pos:346579 chunknumber 204600 contains 263 sites
	-> Printing at chr: SczhEnG_1726 pos:381038 chunknumber 204700 contains 399 sites
	-> Printing at chr: SczhEnG_1726 pos:418123 chunknumber 204800 contains 419 sites
	-> Printing at chr: SczhEnG_1726 pos:452856 chunknumber 204900 contains 416 sites
	-> Printing at chr: SczhEnG_1726 pos:486406 chunknumber 205000 contains 408 sites
	-> Printing at chr: SczhEnG_1726 pos:520768 chunknumber 205100 contains 359 sites
	-> Region lookup 457/1139
	-> Region lookup 458/1139
	-> Printing at chr: SczhEnG_1729 pos:9917 chunknumber 205200 contains 449 sites
	-> Printing at chr: SczhEnG_1729 pos:41139 chunknumber 205300 contains 260 sites
	-> Printing at chr: SczhEnG_1729 pos:73453 chunknumber 205400 contains 801 sites
	-> Printing at chr: SczhEnG_1729 pos:110697 chunknumber 205500 contains 251 sites
	-> Region lookup 459/1139
	-> Printing at chr: SczhEnG_1730 pos:25980 chunknumber 205600 contains 452 sites
	-> Printing at chr: SczhEnG_1730 pos:60861 chunknumber 205700 contains 499 sites
	-> Region lookup 460/1139
	-> Printing at chr: SczhEnG_1734 pos:5975 chunknumber 205800 contains 252 sites
	-> Region lookup 461/1139
	-> Printing at chr: SczhEnG_1735 pos:27486 chunknumber 205900 contains 369 sites
	-> Printing at chr: SczhEnG_1735 pos:61666 chunknumber 206000 contains 439 sites
	-> Region lookup 462/1139
	-> Region lookup 463/1139
	-> Printing at chr: SczhEnG_1738 pos:8925 chunknumber 206100 contains 7 sites
	-> Region lookup 464/1139
	-> Printing at chr: SczhEnG_1747 pos:14979 chunknumber 206200 contains 378 sites
	-> Region lookup 465/1139
	-> Printing at chr: SczhEnG_1748 pos:1540 chunknumber 206300 contains 259 sites
	-> Printing at chr: SczhEnG_1748 pos:37086 chunknumber 206400 contains 391 sites
	-> Printing at chr: SczhEnG_1748 pos:72542 chunknumber 206500 contains 388 sites
	-> Printing at chr: SczhEnG_1748 pos:108046 chunknumber 206600 contains 333 sites
	-> Printing at chr: SczhEnG_1748 pos:143858 chunknumber 206700 contains 325 sites
	-> Region lookup 466/1139
	-> Printing at chr: SczhEnG_1750 pos:23872 chunknumber 206800 contains 254 sites
	-> Printing at chr: SczhEnG_1750 pos:57799 chunknumber 206900 contains 296 sites
	-> Printing at chr: SczhEnG_1750 pos:91054 chunknumber 207000 contains 265 sites
	-> Printing at chr: SczhEnG_1750 pos:123943 chunknumber 207100 contains 306 sites
	-> Printing at chr: SczhEnG_1750 pos:158082 chunknumber 207200 contains 277 sites
	-> Region lookup 467/1139
	-> Printing at chr: SczhEnG_1752 pos:1352 chunknumber 207300 contains 549 sites
	-> Printing at chr: SczhEnG_1752 pos:39678 chunknumber 207400 contains 532 sites
	-> Region lookup 468/1139
	-> Printing at chr: SczhEnG_1758 pos:20969 chunknumber 207500 contains 259 sites
	-> Region lookup 469/1139
	-> Region lookup 470/1139
	-> Printing at chr: SczhEnG_1781 pos:16255 chunknumber 207600 contains 280 sites
	-> Printing at chr: SczhEnG_1781 pos:49585 chunknumber 207700 contains 427 sites
	-> Printing at chr: SczhEnG_1781 pos:86849 chunknumber 207800 contains 384 sites
	-> Printing at chr: SczhEnG_1781 pos:134511 chunknumber 207900 contains 278 sites
	-> Region lookup 471/1139
	-> Printing at chr: SczhEnG_1782 pos:12095 chunknumber 208000 contains 252 sites
	-> Region lookup 472/1139
	-> Region lookup 473/1139
	-> Printing at chr: SczhEnG_1791 pos:1561 chunknumber 208100 contains 349 sites
	-> Printing at chr: SczhEnG_1791 pos:35164 chunknumber 208200 contains 251 sites
	-> Printing at chr: SczhEnG_1791 pos:65040 chunknumber 208300 contains 251 sites
	-> Printing at chr: SczhEnG_1791 pos:96545 chunknumber 208400 contains 427 sites
	-> Region lookup 474/1139
	-> Printing at chr: SczhEnG_1792 pos:11593 chunknumber 208500 contains 364 sites
	-> Region lookup 475/1139
	-> Printing at chr: SczhEnG_1793 pos:4705 chunknumber 208600 contains 260 sites
	-> Printing at chr: SczhEnG_1793 pos:40663 chunknumber 208700 contains 263 sites
	-> Printing at chr: SczhEnG_1793 pos:77571 chunknumber 208800 contains 251 sites
	-> Printing at chr: SczhEnG_1793 pos:112938 chunknumber 208900 contains 528 sites
	-> Printing at chr: SczhEnG_1793 pos:147521 chunknumber 209000 contains 421 sites
	-> Printing at chr: SczhEnG_1793 pos:181524 chunknumber 209100 contains 403 sites
	-> Printing at chr: SczhEnG_1793 pos:218498 chunknumber 209200 contains 381 sites
	-> Printing at chr: SczhEnG_1793 pos:262374 chunknumber 209300 contains 259 sites
	-> Printing at chr: SczhEnG_1793 pos:297646 chunknumber 209400 contains 351 sites
	-> Region lookup 476/1139
	-> Printing at chr: SczhEnG_1800 pos:9931 chunknumber 209500 contains 251 sites
	-> Printing at chr: SczhEnG_1800 pos:46532 chunknumber 209600 contains 264 sites
	-> Printing at chr: SczhEnG_1800 pos:79864 chunknumber 209700 contains 423 sites
	-> Region lookup 477/1139
	-> Printing at chr: SczhEnG_1801 pos:12232 chunknumber 209800 contains 2056 sites
	-> Region lookup 478/1139
	-> Printing at chr: SczhEnG_1807 pos:27212 chunknumber 209900 contains 355 sites
	-> Printing at chr: SczhEnG_1807 pos:63244 chunknumber 210000 contains 294 sites
	-> Printing at chr: SczhEnG_1807 pos:99039 chunknumber 210100 contains 331 sites
	-> Region lookup 479/1139
	-> Printing at chr: SczhEnG_1808 pos:4323 chunknumber 210200 contains 349 sites
	-> Printing at chr: SczhEnG_1808 pos:39464 chunknumber 210300 contains 251 sites
	-> Printing at chr: SczhEnG_1808 pos:73112 chunknumber 210400 contains 252 sites
	-> Region lookup 480/1139
	-> Printing at chr: SczhEnG_1809 pos:24261 chunknumber 210500 contains 352 sites
	-> Printing at chr: SczhEnG_1809 pos:60576 chunknumber 210600 contains 312 sites
	-> Printing at chr: SczhEnG_1809 pos:92805 chunknumber 210700 contains 261 sites
	-> Printing at chr: SczhEnG_1809 pos:125856 chunknumber 210800 contains 350 sites
	-> Printing at chr: SczhEnG_1809 pos:158780 chunknumber 210900 contains 267 sites
	-> Printing at chr: SczhEnG_1809 pos:192934 chunknumber 211000 contains 480 sites
	-> Printing at chr: SczhEnG_1809 pos:227519 chunknumber 211100 contains 383 sites
	-> Printing at chr: SczhEnG_1809 pos:263418 chunknumber 211200 contains 302 sites
	-> Printing at chr: SczhEnG_1809 pos:297842 chunknumber 211300 contains 263 sites
	-> Printing at chr: SczhEnG_1809 pos:331073 chunknumber 211400 contains 344 sites
	-> Printing at chr: SczhEnG_1809 pos:365196 chunknumber 211500 contains 312 sites
	-> Printing at chr: SczhEnG_1809 pos:400388 chunknumber 211600 contains 370 sites
	-> Printing at chr: SczhEnG_1809 pos:435269 chunknumber 211700 contains 291 sites
	-> Printing at chr: SczhEnG_1809 pos:470578 chunknumber 211800 contains 258 sites
	-> Printing at chr: SczhEnG_1809 pos:503891 chunknumber 211900 contains 461 sites
	-> Printing at chr: SczhEnG_1809 pos:537851 chunknumber 212000 contains 380 sites
	-> Printing at chr: SczhEnG_1809 pos:571016 chunknumber 212100 contains 288 sites
	-> Printing at chr: SczhEnG_1809 pos:603047 chunknumber 212200 contains 256 sites
	-> Printing at chr: SczhEnG_1809 pos:643494 chunknumber 212300 contains 388 sites
	-> Printing at chr: SczhEnG_1809 pos:675831 chunknumber 212400 contains 389 sites
	-> Printing at chr: SczhEnG_1809 pos:711838 chunknumber 212500 contains 262 sites
	-> Region lookup 481/1139
	-> Printing at chr: SczhEnG_1810 pos:25427 chunknumber 212600 contains 317 sites
	-> Printing at chr: SczhEnG_1810 pos:60695 chunknumber 212700 contains 258 sites
	-> Region lookup 482/1139
	-> Printing at chr: SczhEnG_1812 pos:22984 chunknumber 212800 contains 274 sites
	-> Printing at chr: SczhEnG_1812 pos:58197 chunknumber 212900 contains 414 sites
	-> Printing at chr: SczhEnG_1812 pos:91374 chunknumber 213000 contains 325 sites
	-> Printing at chr: SczhEnG_1812 pos:125965 chunknumber 213100 contains 266 sites
	-> Printing at chr: SczhEnG_1812 pos:161363 chunknumber 213200 contains 306 sites
	-> Printing at chr: SczhEnG_1812 pos:196178 chunknumber 213300 contains 352 sites
	-> Printing at chr: SczhEnG_1812 pos:231560 chunknumber 213400 contains 264 sites
	-> Printing at chr: SczhEnG_1812 pos:266413 chunknumber 213500 contains 464 sites
	-> Printing at chr: SczhEnG_1812 pos:300634 chunknumber 213600 contains 506 sites
	-> Printing at chr: SczhEnG_1812 pos:333895 chunknumber 213700 contains 291 sites
	-> Printing at chr: SczhEnG_1812 pos:368664 chunknumber 213800 contains 288 sites
	-> Printing at chr: SczhEnG_1812 pos:403505 chunknumber 213900 contains 446 sites
	-> Printing at chr: SczhEnG_1812 pos:438956 chunknumber 214000 contains 328 sites
	-> Printing at chr: SczhEnG_1812 pos:477701 chunknumber 214100 contains 252 sites
	-> Printing at chr: SczhEnG_1812 pos:518327 chunknumber 214200 contains 239 sites
	-> Printing at chr: SczhEnG_1812 pos:553281 chunknumber 214300 contains 254 sites
	-> Printing at chr: SczhEnG_1812 pos:587015 chunknumber 214400 contains 267 sites
	-> Printing at chr: SczhEnG_1812 pos:621324 chunknumber 214500 contains 253 sites
	-> Printing at chr: SczhEnG_1812 pos:653953 chunknumber 214600 contains 289 sites
	-> Printing at chr: SczhEnG_1812 pos:689196 chunknumber 214700 contains 284 sites
	-> Printing at chr: SczhEnG_1812 pos:725923 chunknumber 214800 contains 335 sites
	-> Region lookup 483/1139
	-> Printing at chr: SczhEnG_1812 pos:759026 chunknumber 214900 contains 238 sites
	-> Region lookup 484/1139
	-> Printing at chr: SczhEnG_1821 pos:5862 chunknumber 215000 contains 370 sites
	-> Printing at chr: SczhEnG_1821 pos:41850 chunknumber 215100 contains 258 sites
	-> Printing at chr: SczhEnG_1821 pos:75540 chunknumber 215200 contains 334 sites
	-> Region lookup 485/1139
	-> Printing at chr: SczhEnG_1821 pos:111459 chunknumber 215300 contains 3 sites
	-> Printing at chr: SczhEnG_1830 pos:39363 chunknumber 215400 contains 266 sites
	-> Printing at chr: SczhEnG_1830 pos:74103 chunknumber 215500 contains 297 sites
	-> Region lookup 486/1139
	-> Region lookup 487/1139
	-> Printing at chr: SczhEnG_1839 pos:3638 chunknumber 215600 contains 253 sites
	-> Region lookup 488/1139
	-> Printing at chr: SczhEnG_1844 pos:15044 chunknumber 215700 contains 258 sites
	-> Printing at chr: SczhEnG_1844 pos:49784 chunknumber 215800 contains 262 sites
	-> Printing at chr: SczhEnG_1844 pos:84356 chunknumber 215900 contains 256 sites
	-> Printing at chr: SczhEnG_1844 pos:117845 chunknumber 216000 contains 344 sites
	-> Printing at chr: SczhEnG_1844 pos:153815 chunknumber 216100 contains 255 sites
	-> Region lookup 489/1139
	-> Region lookup 490/1139
	-> Printing at chr: SczhEnG_1864 pos:8446 chunknumber 216200 contains 398 sites
	-> Printing at chr: SczhEnG_1864 pos:46022 chunknumber 216300 contains 258 sites
	-> Printing at chr: SczhEnG_1864 pos:82066 chunknumber 216400 contains 363 sites
	-> Printing at chr: SczhEnG_1864 pos:117356 chunknumber 216500 contains 387 sites
	-> Printing at chr: SczhEnG_1864 pos:151930 chunknumber 216600 contains 995 sites
	-> Region lookup 491/1139
	-> Printing at chr: SczhEnG_1874 pos:19888 chunknumber 216700 contains 363 sites
	-> Printing at chr: SczhEnG_1874 pos:54770 chunknumber 216800 contains 376 sites
	-> Region lookup 492/1139
	-> Region lookup 493/1139
	-> Printing at chr: SczhEnG_1884 pos:14105 chunknumber 216900 contains 251 sites
	-> Printing at chr: SczhEnG_1884 pos:51231 chunknumber 217000 contains 378 sites
	-> Printing at chr: SczhEnG_1884 pos:87320 chunknumber 217100 contains 340 sites
	-> Region lookup 494/1139
	-> Printing at chr: SczhEnG_1885 pos:28412 chunknumber 217200 contains 251 sites
	-> Printing at chr: SczhEnG_1885 pos:68498 chunknumber 217300 contains 478 sites
	-> Printing at chr: SczhEnG_1885 pos:108804 chunknumber 217400 contains 257 sites
	-> Printing at chr: SczhEnG_1885 pos:144410 chunknumber 217500 contains 391 sites
	-> Printing at chr: SczhEnG_1885 pos:178430 chunknumber 217600 contains 329 sites
	-> Printing at chr: SczhEnG_1885 pos:212173 chunknumber 217700 contains 571 sites
	-> Region lookup 495/1139
	-> Printing at chr: SczhEnG_1888 pos:17134 chunknumber 217800 contains 425 sites
	-> Region lookup 496/1139
	-> Printing at chr: SczhEnG_1889 pos:6454 chunknumber 217900 contains 311 sites
	-> Region lookup 497/1139
	-> Printing at chr: SczhEnG_1897 pos:34009 chunknumber 218000 contains 466 sites
	-> Printing at chr: SczhEnG_1897 pos:69898 chunknumber 218100 contains 385 sites
	-> Printing at chr: SczhEnG_1897 pos:106146 chunknumber 218200 contains 303 sites
	-> Printing at chr: SczhEnG_1897 pos:143298 chunknumber 218300 contains 320 sites
	-> Printing at chr: SczhEnG_1897 pos:179350 chunknumber 218400 contains 268 sites
	-> Printing at chr: SczhEnG_1897 pos:215196 chunknumber 218500 contains 471 sites
	-> Printing at chr: SczhEnG_1897 pos:255806 chunknumber 218600 contains 336 sites
	-> Printing at chr: SczhEnG_1897 pos:290373 chunknumber 218700 contains 331 sites
	-> Printing at chr: SczhEnG_1897 pos:326214 chunknumber 218800 contains 300 sites
	-> Printing at chr: SczhEnG_1897 pos:361696 chunknumber 218900 contains 397 sites
	-> Printing at chr: SczhEnG_1897 pos:398976 chunknumber 219000 contains 373 sites
	-> Printing at chr: SczhEnG_1897 pos:434998 chunknumber 219100 contains 375 sites
	-> Printing at chr: SczhEnG_1897 pos:470011 chunknumber 219200 contains 268 sites
	-> Printing at chr: SczhEnG_1897 pos:504843 chunknumber 219300 contains 415 sites
	-> Printing at chr: SczhEnG_1897 pos:540131 chunknumber 219400 contains 448 sites
	-> Printing at chr: SczhEnG_1897 pos:574442 chunknumber 219500 contains 425 sites
	-> Printing at chr: SczhEnG_1897 pos:607657 chunknumber 219600 contains 348 sites
	-> Printing at chr: SczhEnG_1897 pos:642421 chunknumber 219700 contains 379 sites
	-> Printing at chr: SczhEnG_1897 pos:676934 chunknumber 219800 contains 269 sites
	-> Printing at chr: SczhEnG_1897 pos:712370 chunknumber 219900 contains 327 sites
	-> Printing at chr: SczhEnG_1897 pos:748834 chunknumber 220000 contains 324 sites
	-> Printing at chr: SczhEnG_1897 pos:785356 chunknumber 220100 contains 404 sites
	-> Printing at chr: SczhEnG_1897 pos:818607 chunknumber 220200 contains 310 sites
	-> Printing at chr: SczhEnG_1897 pos:855912 chunknumber 220300 contains 415 sites
	-> Region lookup 498/1139
	-> Region lookup 499/1139
	-> Printing at chr: SczhEnG_1901 pos:15391 chunknumber 220400 contains 271 sites
	-> Printing at chr: SczhEnG_1901 pos:50765 chunknumber 220500 contains 309 sites
	-> Printing at chr: SczhEnG_1901 pos:84821 chunknumber 220600 contains 417 sites
	-> Printing at chr: SczhEnG_1901 pos:118535 chunknumber 220700 contains 365 sites
	-> Printing at chr: SczhEnG_1901 pos:156392 chunknumber 220800 contains 507 sites
	-> Region lookup 500/1139
	-> Printing at chr: SczhEnG_1902 pos:5093 chunknumber 220900 contains 251 sites
	-> Region lookup 501/1139
	-> Region lookup 502/1139
	-> Printing at chr: SczhEnG_1906 pos:1 chunknumber 221000 contains 492 sites
	-> Region lookup 503/1139
	-> Region lookup 504/1139
	-> Printing at chr: SczhEnG_1907 pos:29522 chunknumber 221100 contains 4 sites
	-> Region lookup 505/1139
	-> Printing at chr: SczhEnG_1924 pos:7384 chunknumber 221200 contains 253 sites
	-> Region lookup 506/1139
	-> Printing at chr: SczhEnG_1927 pos:6761 chunknumber 221300 contains 296 sites
	-> Printing at chr: SczhEnG_1927 pos:45266 chunknumber 221400 contains 266 sites
	-> Printing at chr: SczhEnG_1927 pos:81080 chunknumber 221500 contains 258 sites
	-> Region lookup 507/1139
	-> Printing at chr: SczhEnG_1930 pos:32154 chunknumber 221600 contains 266 sites
	-> Printing at chr: SczhEnG_1930 pos:68734 chunknumber 221700 contains 343 sites
	-> Printing at chr: SczhEnG_1930 pos:103989 chunknumber 221800 contains 338 sites
	-> Printing at chr: SczhEnG_1930 pos:140737 chunknumber 221900 contains 251 sites
	-> Printing at chr: SczhEnG_1930 pos:179269 chunknumber 222000 contains 329 sites
	-> Region lookup 508/1139
	-> Printing at chr: SczhEnG_1932 pos:16643 chunknumber 222100 contains 348 sites
	-> Printing at chr: SczhEnG_1932 pos:52661 chunknumber 222200 contains 340 sites
	-> Printing at chr: SczhEnG_1932 pos:88855 chunknumber 222300 contains 382 sites
	-> Printing at chr: SczhEnG_1932 pos:124308 chunknumber 222400 contains 338 sites
	-> Printing at chr: SczhEnG_1932 pos:159641 chunknumber 222500 contains 302 sites
	-> Printing at chr: SczhEnG_1932 pos:193198 chunknumber 222600 contains 406 sites
	-> Printing at chr: SczhEnG_1932 pos:228173 chunknumber 222700 contains 349 sites
	-> Printing at chr: SczhEnG_1932 pos:261161 chunknumber 222800 contains 457 sites
	-> Printing at chr: SczhEnG_1932 pos:296765 chunknumber 222900 contains 1041 sites
	-> Printing at chr: SczhEnG_1932 pos:333136 chunknumber 223000 contains 275 sites
	-> Printing at chr: SczhEnG_1932 pos:368897 chunknumber 223100 contains 284 sites
	-> Printing at chr: SczhEnG_1932 pos:403401 chunknumber 223200 contains 744 sites
	-> Printing at chr: SczhEnG_1932 pos:439393 chunknumber 223300 contains 355 sites
	-> Region lookup 509/1139
	-> Printing at chr: SczhEnG_1939 pos:27868 chunknumber 223400 contains 252 sites
	-> Printing at chr: SczhEnG_1939 pos:63266 chunknumber 223500 contains 264 sites
	-> Printing at chr: SczhEnG_1939 pos:97461 chunknumber 223600 contains 419 sites
	-> Printing at chr: SczhEnG_1939 pos:132076 chunknumber 223700 contains 310 sites
	-> Printing at chr: SczhEnG_1939 pos:167697 chunknumber 223800 contains 347 sites
	-> Printing at chr: SczhEnG_1939 pos:202663 chunknumber 223900 contains 414 sites
	-> Printing at chr: SczhEnG_1939 pos:239980 chunknumber 224000 contains 468 sites
	-> Printing at chr: SczhEnG_1939 pos:275747 chunknumber 224100 contains 253 sites
	-> Printing at chr: SczhEnG_1939 pos:310055 chunknumber 224200 contains 346 sites
	-> Printing at chr: SczhEnG_1939 pos:345395 chunknumber 224300 contains 337 sites
	-> Printing at chr: SczhEnG_1939 pos:393646 chunknumber 224400 contains 353 sites
	-> Printing at chr: SczhEnG_1939 pos:429881 chunknumber 224500 contains 441 sites
	-> Printing at chr: SczhEnG_1939 pos:469926 chunknumber 224600 contains 415 sites
	-> Region lookup 510/1139
	-> Printing at chr: SczhEnG_1940 pos:16347 chunknumber 224700 contains 329 sites
	-> Printing at chr: SczhEnG_1940 pos:53163 chunknumber 224800 contains 334 sites
	-> Region lookup 511/1139
	-> Printing at chr: SczhEnG_1942 pos:28431 chunknumber 224900 contains 252 sites
	-> Region lookup 512/1139
	-> Region lookup 513/1139
	-> Printing at chr: SczhEnG_1946 pos:1767 chunknumber 225000 contains 251 sites
	-> Printing at chr: SczhEnG_1946 pos:36226 chunknumber 225100 contains 424 sites
	-> Printing at chr: SczhEnG_1946 pos:69639 chunknumber 225200 contains 432 sites
	-> Printing at chr: SczhEnG_1946 pos:106936 chunknumber 225300 contains 414 sites
	-> Printing at chr: SczhEnG_1946 pos:142821 chunknumber 225400 contains 300 sites
	-> Printing at chr: SczhEnG_1946 pos:177455 chunknumber 225500 contains 544 sites
	-> Printing at chr: SczhEnG_1946 pos:213589 chunknumber 225600 contains 357 sites
	-> Printing at chr: SczhEnG_1946 pos:249478 chunknumber 225700 contains 266 sites
	-> Printing at chr: SczhEnG_1946 pos:285346 chunknumber 225800 contains 518 sites
	-> Printing at chr: SczhEnG_1946 pos:319857 chunknumber 225900 contains 418 sites
	-> Printing at chr: SczhEnG_1946 pos:355055 chunknumber 226000 contains 299 sites
	-> Printing at chr: SczhEnG_1946 pos:386696 chunknumber 226100 contains 263 sites
	-> Printing at chr: SczhEnG_1946 pos:432093 chunknumber 226200 contains 253 sites
	-> Printing at chr: SczhEnG_1946 pos:466188 chunknumber 226300 contains 252 sites
	-> Region lookup 514/1139
	-> Printing at chr: SczhEnG_1949 pos:24978 chunknumber 226400 contains 555 sites
	-> Printing at chr: SczhEnG_1949 pos:60122 chunknumber 226500 contains 260 sites
	-> Printing at chr: SczhEnG_1949 pos:95858 chunknumber 226600 contains 350 sites
	-> Printing at chr: SczhEnG_1949 pos:132718 chunknumber 226700 contains 265 sites
	-> Region lookup 515/1139
	-> Printing at chr: SczhEnG_1953 pos:1430 chunknumber 226800 contains 230 sites
	-> Region lookup 516/1139
	-> Printing at chr: SczhEnG_1959 pos:2558 chunknumber 226900 contains 68 sites
	-> Region lookup 517/1139
	-> Printing at chr: SczhEnG_1975 pos:18292 chunknumber 227000 contains 252 sites
	-> Region lookup 518/1139
	-> Printing at chr: SczhEnG_1978 pos:29005 chunknumber 227100 contains 307 sites
	-> Region lookup 519/1139
	-> Printing at chr: SczhEnG_1979 pos:7322 chunknumber 227200 contains 253 sites
	-> Printing at chr: SczhEnG_1979 pos:43546 chunknumber 227300 contains 487 sites
	-> Region lookup 520/1139
	-> Printing at chr: SczhEnG_1980 pos:4560 chunknumber 227400 contains 251 sites
	-> Region lookup 521/1139
	-> Printing at chr: SczhEnG_1982 pos:7835 chunknumber 227500 contains 332 sites
	-> Region lookup 522/1139
	-> Printing at chr: SczhEnG_1987 pos:30034 chunknumber 227600 contains 309 sites
	-> Printing at chr: SczhEnG_1987 pos:65427 chunknumber 227700 contains 297 sites
	-> Printing at chr: SczhEnG_1987 pos:103310 chunknumber 227800 contains 334 sites
	-> Printing at chr: SczhEnG_1987 pos:138830 chunknumber 227900 contains 370 sites
	-> Printing at chr: SczhEnG_1987 pos:175183 chunknumber 228000 contains 310 sites
	-> Printing at chr: SczhEnG_1987 pos:209344 chunknumber 228100 contains 416 sites
	-> Printing at chr: SczhEnG_1987 pos:249513 chunknumber 228200 contains 322 sites
	-> Printing at chr: SczhEnG_1987 pos:284964 chunknumber 228300 contains 255 sites
	-> Printing at chr: SczhEnG_1987 pos:321334 chunknumber 228400 contains 432 sites
	-> Printing at chr: SczhEnG_1987 pos:356466 chunknumber 228500 contains 361 sites
	-> Printing at chr: SczhEnG_1987 pos:393306 chunknumber 228600 contains 487 sites
	-> Printing at chr: SczhEnG_1987 pos:428297 chunknumber 228700 contains 344 sites
	-> Printing at chr: SczhEnG_1987 pos:470129 chunknumber 228800 contains 281 sites
	-> Printing at chr: SczhEnG_1987 pos:504218 chunknumber 228900 contains 353 sites
	-> Printing at chr: SczhEnG_1987 pos:540265 chunknumber 229000 contains 339 sites
	-> Region lookup 523/1139
	-> Printing at chr: SczhEnG_1987 pos:574259 chunknumber 229100 contains 21 sites
	-> Region lookup 524/1139
	-> Printing at chr: SczhEnG_1989 pos:29291 chunknumber 229200 contains 253 sites
	-> Region lookup 525/1139
	-> Printing at chr: SczhEnG_1990 pos:3591 chunknumber 229300 contains 405 sites
	-> Printing at chr: SczhEnG_1990 pos:40132 chunknumber 229400 contains 381 sites
	-> Printing at chr: SczhEnG_1990 pos:73099 chunknumber 229500 contains 482 sites
	-> Region lookup 526/1139
	-> Printing at chr: SczhEnG_1991 pos:17803 chunknumber 229600 contains 264 sites
	-> Printing at chr: SczhEnG_1991 pos:55489 chunknumber 229700 contains 271 sites
	-> Printing at chr: SczhEnG_1991 pos:91993 chunknumber 229800 contains 300 sites
	-> Printing at chr: SczhEnG_1991 pos:126349 chunknumber 229900 contains 396 sites
	-> Printing at chr: SczhEnG_1991 pos:156373 chunknumber 230000 contains 251 sites
	-> Region lookup 527/1139
	-> Printing at chr: SczhEnG_1998 pos:8224 chunknumber 230100 contains 308 sites
	-> Printing at chr: SczhEnG_1998 pos:43260 chunknumber 230200 contains 282 sites
	-> Printing at chr: SczhEnG_1998 pos:77759 chunknumber 230300 contains 405 sites
	-> Printing at chr: SczhEnG_1998 pos:111478 chunknumber 230400 contains 734 sites
	-> Printing at chr: SczhEnG_1998 pos:151673 chunknumber 230500 contains 446 sites
	-> Printing at chr: SczhEnG_1998 pos:185807 chunknumber 230600 contains 374 sites
	-> Region lookup 528/1139
	-> Region lookup 529/1139
	-> Printing at chr: SczhEnG_2006 pos:21599 chunknumber 230700 contains 5 sites
	-> Printing at chr: SczhEnG_2007 pos:32043 chunknumber 230800 contains 252 sites
	-> Printing at chr: SczhEnG_2007 pos:63491 chunknumber 230900 contains 290 sites
	-> Printing at chr: SczhEnG_2007 pos:99007 chunknumber 231000 contains 293 sites
	-> Printing at chr: SczhEnG_2007 pos:131561 chunknumber 231100 contains 396 sites
	-> Printing at chr: SczhEnG_2007 pos:165427 chunknumber 231200 contains 334 sites
	-> Printing at chr: SczhEnG_2007 pos:201090 chunknumber 231300 contains 389 sites
	-> Printing at chr: SczhEnG_2007 pos:233539 chunknumber 231400 contains 325 sites
	-> Printing at chr: SczhEnG_2007 pos:267948 chunknumber 231500 contains 384 sites
	-> Printing at chr: SczhEnG_2007 pos:302153 chunknumber 231600 contains 315 sites
	-> Printing at chr: SczhEnG_2007 pos:337815 chunknumber 231700 contains 425 sites
	-> Printing at chr: SczhEnG_2007 pos:373141 chunknumber 231800 contains 253 sites
	-> Printing at chr: SczhEnG_2007 pos:406352 chunknumber 231900 contains 298 sites
	-> Printing at chr: SczhEnG_2007 pos:437897 chunknumber 232000 contains 271 sites
	-> Printing at chr: SczhEnG_2007 pos:475566 chunknumber 232100 contains 303 sites
	-> Printing at chr: SczhEnG_2007 pos:512738 chunknumber 232200 contains 348 sites
	-> Printing at chr: SczhEnG_2007 pos:548456 chunknumber 232300 contains 258 sites
	-> Printing at chr: SczhEnG_2007 pos:586879 chunknumber 232400 contains 256 sites
	-> Printing at chr: SczhEnG_2007 pos:622273 chunknumber 232500 contains 202 sites
	-> Printing at chr: SczhEnG_2007 pos:654509 chunknumber 232600 contains 263 sites
	-> Printing at chr: SczhEnG_2007 pos:689102 chunknumber 232700 contains 359 sites
	-> Region lookup 530/1139
	-> Printing at chr: SczhEnG_2013 pos:13250 chunknumber 232800 contains 351 sites
	-> Printing at chr: SczhEnG_2013 pos:48725 chunknumber 232900 contains 643 sites
	-> Printing at chr: SczhEnG_2013 pos:84440 chunknumber 233000 contains 414 sites
	-> Printing at chr: SczhEnG_2013 pos:118867 chunknumber 233100 contains 254 sites
	-> Printing at chr: SczhEnG_2013 pos:153408 chunknumber 233200 contains 634 sites
	-> Printing at chr: SczhEnG_2013 pos:190901 chunknumber 233300 contains 553 sites
	-> Printing at chr: SczhEnG_2013 pos:224633 chunknumber 233400 contains 467 sites
	-> Printing at chr: SczhEnG_2013 pos:258527 chunknumber 233500 contains 285 sites
	-> Printing at chr: SczhEnG_2013 pos:293324 chunknumber 233600 contains 276 sites
	-> Printing at chr: SczhEnG_2013 pos:325275 chunknumber 233700 contains 261 sites
	-> Printing at chr: SczhEnG_2013 pos:358412 chunknumber 233800 contains 514 sites
	-> Printing at chr: SczhEnG_2013 pos:392564 chunknumber 233900 contains 251 sites
	-> Printing at chr: SczhEnG_2013 pos:426580 chunknumber 234000 contains 302 sites
	-> Printing at chr: SczhEnG_2013 pos:461749 chunknumber 234100 contains 380 sites
	-> Printing at chr: SczhEnG_2013 pos:495011 chunknumber 234200 contains 338 sites
	-> Printing at chr: SczhEnG_2013 pos:531007 chunknumber 234300 contains 480 sites
	-> Printing at chr: SczhEnG_2013 pos:564897 chunknumber 234400 contains 331 sites
	-> Printing at chr: SczhEnG_2013 pos:599979 chunknumber 234500 contains 375 sites
	-> Printing at chr: SczhEnG_2013 pos:634033 chunknumber 234600 contains 256 sites
	-> Printing at chr: SczhEnG_2013 pos:668893 chunknumber 234700 contains 257 sites
	-> Printing at chr: SczhEnG_2013 pos:705081 chunknumber 234800 contains 290 sites
	-> Printing at chr: SczhEnG_2013 pos:739059 chunknumber 234900 contains 252 sites
	-> Printing at chr: SczhEnG_2013 pos:770915 chunknumber 235000 contains 414 sites
	-> Printing at chr: SczhEnG_2013 pos:807386 chunknumber 235100 contains 251 sites
	-> Printing at chr: SczhEnG_2013 pos:844164 chunknumber 235200 contains 379 sites
	-> Printing at chr: SczhEnG_2013 pos:879823 chunknumber 235300 contains 429 sites
	-> Printing at chr: SczhEnG_2013 pos:915524 chunknumber 235400 contains 262 sites
	-> Printing at chr: SczhEnG_2013 pos:952337 chunknumber 235500 contains 280 sites
	-> Region lookup 531/1139
	-> Printing at chr: SczhEnG_2014 pos:8309 chunknumber 235600 contains 262 sites
	-> Printing at chr: SczhEnG_2014 pos:47923 chunknumber 235700 contains 389 sites
	-> Printing at chr: SczhEnG_2014 pos:80714 chunknumber 235800 contains 324 sites
	-> Printing at chr: SczhEnG_2014 pos:120276 chunknumber 235900 contains 392 sites
	-> Printing at chr: SczhEnG_2014 pos:156719 chunknumber 236000 contains 402 sites
	-> Printing at chr: SczhEnG_2014 pos:191207 chunknumber 236100 contains 368 sites
	-> Region lookup 532/1139
	-> Printing at chr: SczhEnG_2015 pos:3767 chunknumber 236200 contains 284 sites
	-> Region lookup 533/1139
	-> Printing at chr: SczhEnG_2027 pos:9042 chunknumber 236300 contains 364 sites
	-> Printing at chr: SczhEnG_2027 pos:43400 chunknumber 236400 contains 397 sites
	-> Region lookup 534/1139
	-> Printing at chr: SczhEnG_2036 pos:24202 chunknumber 236500 contains 272 sites
	-> Printing at chr: SczhEnG_2036 pos:58622 chunknumber 236600 contains 419 sites
	-> Printing at chr: SczhEnG_2036 pos:96735 chunknumber 236700 contains 288 sites
	-> Printing at chr: SczhEnG_2036 pos:130643 chunknumber 236800 contains 278 sites
	-> Printing at chr: SczhEnG_2036 pos:164299 chunknumber 236900 contains 366 sites
	-> Region lookup 535/1139
	-> Printing at chr: SczhEnG_2038 pos:22223 chunknumber 237000 contains 255 sites
	-> Region lookup 536/1139
	-> Printing at chr: SczhEnG_2046 pos:30694 chunknumber 237100 contains 447 sites
	-> Printing at chr: SczhEnG_2046 pos:65395 chunknumber 237200 contains 267 sites
	-> Region lookup 537/1139
	-> Printing at chr: SczhEnG_2050 pos:32189 chunknumber 237300 contains 615 sites
	-> Region lookup 538/1139
	-> Printing at chr: SczhEnG_2053 pos:22120 chunknumber 237400 contains 412 sites
	-> Printing at chr: SczhEnG_2053 pos:57784 chunknumber 237500 contains 331 sites
	-> Printing at chr: SczhEnG_2053 pos:91842 chunknumber 237600 contains 512 sites
	-> Printing at chr: SczhEnG_2053 pos:127877 chunknumber 237700 contains 305 sites
	-> Printing at chr: SczhEnG_2053 pos:164430 chunknumber 237800 contains 298 sites
	-> Printing at chr: SczhEnG_2053 pos:200860 chunknumber 237900 contains 300 sites
	-> Printing at chr: SczhEnG_2053 pos:233986 chunknumber 238000 contains 541 sites
	-> Printing at chr: SczhEnG_2053 pos:270499 chunknumber 238100 contains 406 sites
	-> Printing at chr: SczhEnG_2053 pos:306694 chunknumber 238200 contains 436 sites
	-> Printing at chr: SczhEnG_2053 pos:340443 chunknumber 238300 contains 261 sites
	-> Printing at chr: SczhEnG_2053 pos:376285 chunknumber 238400 contains 297 sites
	-> Printing at chr: SczhEnG_2053 pos:411357 chunknumber 238500 contains 348 sites
	-> Printing at chr: SczhEnG_2053 pos:447608 chunknumber 238600 contains 303 sites
	-> Region lookup 539/1139
	-> Printing at chr: SczhEnG_2060 pos:1574 chunknumber 238700 contains 340 sites
	-> Printing at chr: SczhEnG_2060 pos:37342 chunknumber 238800 contains 360 sites
	-> Printing at chr: SczhEnG_2060 pos:70684 chunknumber 238900 contains 330 sites
	-> Printing at chr: SczhEnG_2060 pos:105878 chunknumber 239000 contains 402 sites
	-> Region lookup 540/1139
	-> Printing at chr: SczhEnG_2064 pos:8678 chunknumber 239100 contains 347 sites
	-> Region lookup 541/1139
	-> Printing at chr: SczhEnG_2065 pos:11675 chunknumber 239200 contains 336 sites
	-> Region lookup 542/1139
	-> Printing at chr: SczhEnG_2070 pos:19816 chunknumber 239300 contains 355 sites
	-> Region lookup 543/1139
	-> Region lookup 544/1139
	-> Printing at chr: SczhEnG_2079 pos:22718 chunknumber 239400 contains 4 sites
	-> Region lookup 545/1139
	-> Printing at chr: SczhEnG_2085 pos:17544 chunknumber 239500 contains 310 sites
	-> Printing at chr: SczhEnG_2085 pos:52848 chunknumber 239600 contains 273 sites
	-> Printing at chr: SczhEnG_2085 pos:90364 chunknumber 239700 contains 274 sites
	-> Printing at chr: SczhEnG_2085 pos:126740 chunknumber 239800 contains 274 sites
	-> Printing at chr: SczhEnG_2085 pos:160858 chunknumber 239900 contains 287 sites
	-> Printing at chr: SczhEnG_2085 pos:195679 chunknumber 240000 contains 251 sites
	-> Printing at chr: SczhEnG_2085 pos:230499 chunknumber 240100 contains 396 sites
	-> Printing at chr: SczhEnG_2085 pos:262552 chunknumber 240200 contains 373 sites
	-> Printing at chr: SczhEnG_2085 pos:298406 chunknumber 240300 contains 260 sites
	-> Printing at chr: SczhEnG_2085 pos:330553 chunknumber 240400 contains 256 sites
	-> Printing at chr: SczhEnG_2085 pos:362468 chunknumber 240500 contains 253 sites
	-> Printing at chr: SczhEnG_2085 pos:397265 chunknumber 240600 contains 260 sites
	-> Printing at chr: SczhEnG_2085 pos:434569 chunknumber 240700 contains 351 sites
	-> Printing at chr: SczhEnG_2085 pos:471947 chunknumber 240800 contains 282 sites
	-> Printing at chr: SczhEnG_2085 pos:507407 chunknumber 240900 contains 523 sites
	-> Printing at chr: SczhEnG_2085 pos:543226 chunknumber 241000 contains 392 sites
	-> Printing at chr: SczhEnG_2085 pos:580415 chunknumber 241100 contains 347 sites
	-> Printing at chr: SczhEnG_2085 pos:614876 chunknumber 241200 contains 317 sites
	-> Printing at chr: SczhEnG_2085 pos:650212 chunknumber 241300 contains 280 sites
	-> Printing at chr: SczhEnG_2085 pos:684595 chunknumber 241400 contains 282 sites
	-> Printing at chr: SczhEnG_2085 pos:718418 chunknumber 241500 contains 412 sites
	-> Printing at chr: SczhEnG_2085 pos:752740 chunknumber 241600 contains 291 sites
	-> Printing at chr: SczhEnG_2085 pos:786021 chunknumber 241700 contains 282 sites
	-> Printing at chr: SczhEnG_2085 pos:821297 chunknumber 241800 contains 258 sites
	-> Printing at chr: SczhEnG_2085 pos:855000 chunknumber 241900 contains 424 sites
	-> Printing at chr: SczhEnG_2085 pos:892183 chunknumber 242000 contains 275 sites
	-> Region lookup 546/1139
	-> Printing at chr: SczhEnG_2088 pos:27081 chunknumber 242100 contains 253 sites
	-> Printing at chr: SczhEnG_2088 pos:61027 chunknumber 242200 contains 379 sites
	-> Printing at chr: SczhEnG_2088 pos:96064 chunknumber 242300 contains 252 sites
	-> Printing at chr: SczhEnG_2088 pos:131978 chunknumber 242400 contains 262 sites
	-> Printing at chr: SczhEnG_2088 pos:167645 chunknumber 242500 contains 341 sites
	-> Region lookup 547/1139
	-> Printing at chr: SczhEnG_2090 pos:7334 chunknumber 242600 contains 430 sites
	-> Region lookup 548/1139
	-> Printing at chr: SczhEnG_2092 pos:2089 chunknumber 242700 contains 353 sites
	-> Region lookup 549/1139
	-> Region lookup 550/1139
	-> Printing at chr: SczhEnG_2098 pos:14202 chunknumber 242800 contains 6 sites
	-> Printing at chr: SczhEnG_2106 pos:33492 chunknumber 242900 contains 315 sites
	-> Printing at chr: SczhEnG_2106 pos:70376 chunknumber 243000 contains 389 sites
	-> Printing at chr: SczhEnG_2106 pos:106281 chunknumber 243100 contains 260 sites
	-> Printing at chr: SczhEnG_2106 pos:141897 chunknumber 243200 contains 370 sites
	-> Printing at chr: SczhEnG_2106 pos:179096 chunknumber 243300 contains 258 sites
	-> Region lookup 551/1139
	-> Printing at chr: SczhEnG_2108 pos:11487 chunknumber 243400 contains 259 sites
	-> Printing at chr: SczhEnG_2108 pos:56644 chunknumber 243500 contains 345 sites
	-> Region lookup 552/1139
	-> Printing at chr: SczhEnG_2134 pos:361 chunknumber 243600 contains 268 sites
	-> Region lookup 553/1139
	-> Printing at chr: SczhEnG_2136 pos:9573 chunknumber 243700 contains 259 sites
	-> Region lookup 554/1139
	-> Printing at chr: SczhEnG_2138 pos:7405 chunknumber 243800 contains 260 sites
	-> Region lookup 555/1139
	-> Printing at chr: SczhEnG_2138 pos:41981 chunknumber 243900 contains 35 sites
	-> Printing at chr: SczhEnG_2140 pos:35343 chunknumber 244000 contains 338 sites
	-> Printing at chr: SczhEnG_2140 pos:66634 chunknumber 244100 contains 422 sites
	-> Printing at chr: SczhEnG_2140 pos:102203 chunknumber 244200 contains 292 sites
	-> Printing at chr: SczhEnG_2140 pos:137228 chunknumber 244300 contains 378 sites
	-> Printing at chr: SczhEnG_2140 pos:172200 chunknumber 244400 contains 371 sites
	-> Region lookup 556/1139
	-> Printing at chr: SczhEnG_2141 pos:28765 chunknumber 244500 contains 356 sites
	-> Region lookup 557/1139
	-> Printing at chr: SczhEnG_2145 pos:29963 chunknumber 244600 contains 262 sites
	-> Printing at chr: SczhEnG_2145 pos:68615 chunknumber 244700 contains 402 sites
	-> Printing at chr: SczhEnG_2145 pos:103695 chunknumber 244800 contains 292 sites
	-> Printing at chr: SczhEnG_2145 pos:139605 chunknumber 244900 contains 340 sites
	-> Printing at chr: SczhEnG_2145 pos:174557 chunknumber 245000 contains 267 sites
	-> Printing at chr: SczhEnG_2145 pos:209071 chunknumber 245100 contains 441 sites
	-> Printing at chr: SczhEnG_2145 pos:244203 chunknumber 245200 contains 354 sites
	-> Region lookup 558/1139
	-> Printing at chr: SczhEnG_2147 pos:20379 chunknumber 245300 contains 253 sites
	-> Printing at chr: SczhEnG_2147 pos:47912 chunknumber 245400 contains 424 sites
	-> Region lookup 559/1139
	-> Region lookup 560/1139
	-> Printing at chr: SczhEnG_2149 pos:1 chunknumber 245500 contains 473 sites
	-> Printing at chr: SczhEnG_2149 pos:35056 chunknumber 245600 contains 362 sites
	-> Printing at chr: SczhEnG_2149 pos:70539 chunknumber 245700 contains 254 sites
	-> Printing at chr: SczhEnG_2149 pos:103570 chunknumber 245800 contains 696 sites
	-> Printing at chr: SczhEnG_2149 pos:140012 chunknumber 245900 contains 281 sites
	-> Printing at chr: SczhEnG_2149 pos:174702 chunknumber 246000 contains 251 sites
	-> Region lookup 561/1139
	-> Printing at chr: SczhEnG_2150 pos:29232 chunknumber 246100 contains 420 sites
	-> Printing at chr: SczhEnG_2150 pos:63820 chunknumber 246200 contains 368 sites
	-> Printing at chr: SczhEnG_2150 pos:98507 chunknumber 246300 contains 255 sites
	-> Printing at chr: SczhEnG_2150 pos:134296 chunknumber 246400 contains 381 sites
	-> Printing at chr: SczhEnG_2150 pos:169250 chunknumber 246500 contains 255 sites
	-> Printing at chr: SczhEnG_2150 pos:206845 chunknumber 246600 contains 463 sites
	-> Printing at chr: SczhEnG_2150 pos:241452 chunknumber 246700 contains 295 sites
	-> Printing at chr: SczhEnG_2150 pos:276420 chunknumber 246800 contains 284 sites
	-> Region lookup 562/1139
	-> Printing at chr: SczhEnG_2152 pos:32768 chunknumber 246900 contains 330 sites
	-> Printing at chr: SczhEnG_2152 pos:65519 chunknumber 247000 contains 328 sites
	-> Printing at chr: SczhEnG_2152 pos:100950 chunknumber 247100 contains 371 sites
	-> Printing at chr: SczhEnG_2152 pos:137817 chunknumber 247200 contains 353 sites
	-> Printing at chr: SczhEnG_2152 pos:173470 chunknumber 247300 contains 358 sites
	-> Printing at chr: SczhEnG_2152 pos:209535 chunknumber 247400 contains 506 sites
	-> Printing at chr: SczhEnG_2152 pos:248782 chunknumber 247500 contains 284 sites
	-> Region lookup 563/1139
	-> Printing at chr: SczhEnG_2152 pos:284906 chunknumber 247600 contains 159 sites
	-> Printing at chr: SczhEnG_2155 pos:33014 chunknumber 247700 contains 251 sites
	-> Printing at chr: SczhEnG_2155 pos:66801 chunknumber 247800 contains 342 sites
	-> Printing at chr: SczhEnG_2155 pos:100837 chunknumber 247900 contains 302 sites
	-> Printing at chr: SczhEnG_2155 pos:137369 chunknumber 248000 contains 602 sites
	-> Printing at chr: SczhEnG_2155 pos:183330 chunknumber 248100 contains 271 sites
	-> Printing at chr: SczhEnG_2155 pos:222782 chunknumber 248200 contains 464 sites
	-> Printing at chr: SczhEnG_2155 pos:261597 chunknumber 248300 contains 588 sites
	-> Printing at chr: SczhEnG_2155 pos:295352 chunknumber 248400 contains 252 sites
	-> Region lookup 564/1139
	-> Printing at chr: SczhEnG_2160 pos:27904 chunknumber 248500 contains 340 sites
	-> Printing at chr: SczhEnG_2160 pos:60299 chunknumber 248600 contains 290 sites
	-> Printing at chr: SczhEnG_2160 pos:95038 chunknumber 248700 contains 394 sites
	-> Printing at chr: SczhEnG_2160 pos:131573 chunknumber 248800 contains 254 sites
	-> Printing at chr: SczhEnG_2160 pos:168602 chunknumber 248900 contains 395 sites
	-> Printing at chr: SczhEnG_2160 pos:204805 chunknumber 249000 contains 339 sites
	-> Printing at chr: SczhEnG_2160 pos:246197 chunknumber 249100 contains 330 sites
	-> Printing at chr: SczhEnG_2160 pos:284884 chunknumber 249200 contains 254 sites
	-> Printing at chr: SczhEnG_2160 pos:317154 chunknumber 249300 contains 319 sites
	-> Printing at chr: SczhEnG_2160 pos:354487 chunknumber 249400 contains 297 sites
	-> Printing at chr: SczhEnG_2160 pos:387557 chunknumber 249500 contains 255 sites
	-> Printing at chr: SczhEnG_2160 pos:422661 chunknumber 249600 contains 394 sites
	-> Printing at chr: SczhEnG_2160 pos:458523 chunknumber 249700 contains 483 sites
	-> Printing at chr: SczhEnG_2160 pos:494438 chunknumber 249800 contains 1184 sites
	-> Printing at chr: SczhEnG_2160 pos:529414 chunknumber 249900 contains 294 sites
	-> Printing at chr: SczhEnG_2160 pos:567453 chunknumber 250000 contains 276 sites
	-> Printing at chr: SczhEnG_2160 pos:602034 chunknumber 250100 contains 332 sites
	-> Region lookup 565/1139
	-> Printing at chr: SczhEnG_2165 pos:30063 chunknumber 250200 contains 1636 sites
	-> Region lookup 566/1139
	-> Printing at chr: SczhEnG_2167 pos:9545 chunknumber 250300 contains 252 sites
	-> Region lookup 567/1139
	-> Printing at chr: SczhEnG_2168 pos:26369 chunknumber 250400 contains 277 sites
	-> Region lookup 568/1139
	-> Printing at chr: SczhEnG_2169 pos:2110 chunknumber 250500 contains 284 sites
	-> Printing at chr: SczhEnG_2169 pos:41994 chunknumber 250600 contains 384 sites
	-> Printing at chr: SczhEnG_2169 pos:79803 chunknumber 250700 contains 400 sites
	-> Region lookup 569/1139
	-> Printing at chr: SczhEnG_2172 pos:20929 chunknumber 250800 contains 281 sites
	-> Region lookup 570/1139
	-> Printing at chr: SczhEnG_2175 pos:33547 chunknumber 250900 contains 262 sites
	-> Printing at chr: SczhEnG_2175 pos:66713 chunknumber 251000 contains 399 sites
	-> Printing at chr: SczhEnG_2175 pos:101608 chunknumber 251100 contains 337 sites
	-> Printing at chr: SczhEnG_2175 pos:135321 chunknumber 251200 contains 425 sites
	-> Printing at chr: SczhEnG_2175 pos:173788 chunknumber 251300 contains 397 sites
	-> Printing at chr: SczhEnG_2175 pos:207752 chunknumber 251400 contains 412 sites
	-> Printing at chr: SczhEnG_2175 pos:241762 chunknumber 251500 contains 268 sites
	-> Printing at chr: SczhEnG_2175 pos:288444 chunknumber 251600 contains 368 sites
	-> Printing at chr: SczhEnG_2175 pos:322711 chunknumber 251700 contains 319 sites
	-> Printing at chr: SczhEnG_2175 pos:357576 chunknumber 251800 contains 251 sites
	-> Printing at chr: SczhEnG_2175 pos:394056 chunknumber 251900 contains 427 sites
	-> Printing at chr: SczhEnG_2175 pos:427257 chunknumber 252000 contains 251 sites
	-> Printing at chr: SczhEnG_2175 pos:462317 chunknumber 252100 contains 296 sites
	-> Printing at chr: SczhEnG_2175 pos:497537 chunknumber 252200 contains 265 sites
	-> Printing at chr: SczhEnG_2175 pos:552278 chunknumber 252300 contains 349 sites
	-> Printing at chr: SczhEnG_2175 pos:586275 chunknumber 252400 contains 290 sites
	-> Printing at chr: SczhEnG_2175 pos:624317 chunknumber 252500 contains 880 sites
	-> Printing at chr: SczhEnG_2175 pos:662565 chunknumber 252600 contains 255 sites
	-> Printing at chr: SczhEnG_2175 pos:699102 chunknumber 252700 contains 439 sites
	-> Printing at chr: SczhEnG_2175 pos:739506 chunknumber 252800 contains 528 sites
	-> Region lookup 571/1139
	-> Printing at chr: SczhEnG_2185 pos:17176 chunknumber 252900 contains 324 sites
	-> Region lookup 572/1139
	-> Printing at chr: SczhEnG_2186 pos:24863 chunknumber 253000 contains 296 sites
	-> Printing at chr: SczhEnG_2186 pos:58395 chunknumber 253100 contains 296 sites
	-> Printing at chr: SczhEnG_2186 pos:91461 chunknumber 253200 contains 342 sites
	-> Printing at chr: SczhEnG_2186 pos:127380 chunknumber 253300 contains 254 sites
	-> Region lookup 573/1139
	-> Region lookup 574/1139
	-> Printing at chr: SczhEnG_2187 pos:31813 chunknumber 253400 contains 1 sites
	-> Region lookup 575/1139
	-> Printing at chr: SczhEnG_2193 pos:1 chunknumber 253500 contains 515 sites
	-> Printing at chr: SczhEnG_2193 pos:35432 chunknumber 253600 contains 507 sites
	-> Printing at chr: SczhEnG_2193 pos:67306 chunknumber 253700 contains 258 sites
	-> Printing at chr: SczhEnG_2193 pos:102901 chunknumber 253800 contains 362 sites
	-> Printing at chr: SczhEnG_2193 pos:137601 chunknumber 253900 contains 253 sites
	-> Printing at chr: SczhEnG_2193 pos:175992 chunknumber 254000 contains 366 sites
	-> Region lookup 576/1139
	-> Region lookup 577/1139
	-> Printing at chr: SczhEnG_2217 pos:5705 chunknumber 254100 contains 256 sites
	-> Printing at chr: SczhEnG_2217 pos:42852 chunknumber 254200 contains 256 sites
	-> Region lookup 578/1139
	-> Printing at chr: SczhEnG_2218 pos:3515 chunknumber 254300 contains 251 sites
	-> Printing at chr: SczhEnG_2218 pos:41498 chunknumber 254400 contains 256 sites
	-> Region lookup 579/1139
	-> Region lookup 580/1139
	-> Printing at chr: SczhEnG_2221 pos:32495 chunknumber 254500 contains 373 sites
	-> Printing at chr: SczhEnG_2221 pos:75318 chunknumber 254600 contains 164 sites
	-> Region lookup 581/1139
	-> Printing at chr: SczhEnG_2221 pos:125470 chunknumber 254700 contains 76 sites
	-> Printing at chr: SczhEnG_2225 pos:31612 chunknumber 254800 contains 289 sites
	-> Printing at chr: SczhEnG_2225 pos:73136 chunknumber 254900 contains 252 sites
	-> Printing at chr: SczhEnG_2225 pos:106114 chunknumber 255000 contains 409 sites
	-> Printing at chr: SczhEnG_2225 pos:141040 chunknumber 255100 contains 251 sites
	-> Printing at chr: SczhEnG_2225 pos:175407 chunknumber 255200 contains 386 sites
	-> Printing at chr: SczhEnG_2225 pos:208097 chunknumber 255300 contains 327 sites
	-> Printing at chr: SczhEnG_2225 pos:244175 chunknumber 255400 contains 324 sites
	-> Printing at chr: SczhEnG_2225 pos:279622 chunknumber 255500 contains 251 sites
	-> Printing at chr: SczhEnG_2225 pos:315050 chunknumber 255600 contains 473 sites
	-> Printing at chr: SczhEnG_2225 pos:350312 chunknumber 255700 contains 355 sites
	-> Printing at chr: SczhEnG_2225 pos:381362 chunknumber 255800 contains 286 sites
	-> Printing at chr: SczhEnG_2225 pos:414646 chunknumber 255900 contains 255 sites
	-> Printing at chr: SczhEnG_2225 pos:449585 chunknumber 256000 contains 452 sites
	-> Printing at chr: SczhEnG_2225 pos:484321 chunknumber 256100 contains 270 sites
	-> Region lookup 582/1139
	-> Printing at chr: SczhEnG_2226 pos:9167 chunknumber 256200 contains 539 sites
	-> Printing at chr: SczhEnG_2226 pos:41518 chunknumber 256300 contains 315 sites
	-> Printing at chr: SczhEnG_2226 pos:72631 chunknumber 256400 contains 261 sites
	-> Printing at chr: SczhEnG_2226 pos:106232 chunknumber 256500 contains 254 sites
	-> Printing at chr: SczhEnG_2226 pos:140415 chunknumber 256600 contains 373 sites
	-> Printing at chr: SczhEnG_2226 pos:174196 chunknumber 256700 contains 264 sites
	-> Printing at chr: SczhEnG_2226 pos:207000 chunknumber 256800 contains 291 sites
	-> Printing at chr: SczhEnG_2226 pos:242247 chunknumber 256900 contains 496 sites
	-> Printing at chr: SczhEnG_2226 pos:278959 chunknumber 257000 contains 336 sites
	-> Printing at chr: SczhEnG_2226 pos:315048 chunknumber 257100 contains 257 sites
	-> Printing at chr: SczhEnG_2226 pos:347371 chunknumber 257200 contains 261 sites
	-> Printing at chr: SczhEnG_2226 pos:384013 chunknumber 257300 contains 436 sites
	-> Printing at chr: SczhEnG_2226 pos:418712 chunknumber 257400 contains 305 sites
	-> Printing at chr: SczhEnG_2226 pos:453727 chunknumber 257500 contains 383 sites
	-> Printing at chr: SczhEnG_2226 pos:489469 chunknumber 257600 contains 251 sites
	-> Region lookup 583/1139
	-> Printing at chr: SczhEnG_2228 pos:16332 chunknumber 257700 contains 280 sites
	-> Printing at chr: SczhEnG_2228 pos:48948 chunknumber 257800 contains 266 sites
	-> Printing at chr: SczhEnG_2228 pos:82935 chunknumber 257900 contains 440 sites
	-> Printing at chr: SczhEnG_2228 pos:118054 chunknumber 258000 contains 329 sites
	-> Printing at chr: SczhEnG_2228 pos:149906 chunknumber 258100 contains 464 sites
	-> Printing at chr: SczhEnG_2228 pos:183765 chunknumber 258200 contains 278 sites
	-> Printing at chr: SczhEnG_2228 pos:221880 chunknumber 258300 contains 424 sites
	-> Printing at chr: SczhEnG_2228 pos:256313 chunknumber 258400 contains 422 sites
	-> Printing at chr: SczhEnG_2228 pos:290533 chunknumber 258500 contains 315 sites
	-> Region lookup 584/1139
	-> Printing at chr: SczhEnG_2231 pos:8765 chunknumber 258600 contains 299 sites
	-> Region lookup 585/1139
	-> Region lookup 586/1139
	-> Printing at chr: SczhEnG_2232 pos:7699 chunknumber 258700 contains 9 sites
	-> Region lookup 587/1139
	-> Printing at chr: SczhEnG_2235 pos:13486 chunknumber 258800 contains 252 sites
	-> Region lookup 588/1139
	-> Printing at chr: SczhEnG_2240 pos:23213 chunknumber 258900 contains 251 sites
	-> Region lookup 589/1139
	-> Printing at chr: SczhEnG_2243 pos:17368 chunknumber 259000 contains 340 sites
	-> Printing at chr: SczhEnG_2243 pos:51883 chunknumber 259100 contains 380 sites
	-> Printing at chr: SczhEnG_2243 pos:86551 chunknumber 259200 contains 269 sites
	-> Printing at chr: SczhEnG_2243 pos:122451 chunknumber 259300 contains 303 sites
	-> Printing at chr: SczhEnG_2243 pos:156443 chunknumber 259400 contains 410 sites
	-> Printing at chr: SczhEnG_2243 pos:189440 chunknumber 259500 contains 331 sites
	-> Printing at chr: SczhEnG_2243 pos:232371 chunknumber 259600 contains 269 sites
	-> Printing at chr: SczhEnG_2243 pos:268894 chunknumber 259700 contains 560 sites
	-> Printing at chr: SczhEnG_2243 pos:305722 chunknumber 259800 contains 440 sites
	-> Printing at chr: SczhEnG_2243 pos:339537 chunknumber 259900 contains 344 sites
	-> Printing at chr: SczhEnG_2243 pos:373361 chunknumber 260000 contains 340 sites
	-> Printing at chr: SczhEnG_2243 pos:417400 chunknumber 260100 contains 403 sites
	-> Printing at chr: SczhEnG_2243 pos:450821 chunknumber 260200 contains 377 sites
	-> Printing at chr: SczhEnG_2243 pos:485134 chunknumber 260300 contains 309 sites
	-> Printing at chr: SczhEnG_2243 pos:520209 chunknumber 260400 contains 296 sites
	-> Printing at chr: SczhEnG_2243 pos:556154 chunknumber 260500 contains 322 sites
	-> Printing at chr: SczhEnG_2243 pos:589388 chunknumber 260600 contains 385 sites
	-> Printing at chr: SczhEnG_2243 pos:623482 chunknumber 260700 contains 263 sites
	-> Printing at chr: SczhEnG_2243 pos:656857 chunknumber 260800 contains 483 sites
	-> Printing at chr: SczhEnG_2243 pos:691220 chunknumber 260900 contains 251 sites
	-> Printing at chr: SczhEnG_2243 pos:727347 chunknumber 261000 contains 398 sites
	-> Printing at chr: SczhEnG_2243 pos:767663 chunknumber 261100 contains 262 sites
	-> Printing at chr: SczhEnG_2243 pos:802581 chunknumber 261200 contains 253 sites
	-> Printing at chr: SczhEnG_2243 pos:836645 chunknumber 261300 contains 251 sites
	-> Printing at chr: SczhEnG_2243 pos:872494 chunknumber 261400 contains 382 sites
	-> Printing at chr: SczhEnG_2243 pos:908435 chunknumber 261500 contains 348 sites
	-> Printing at chr: SczhEnG_2243 pos:942064 chunknumber 261600 contains 418 sites
	-> Printing at chr: SczhEnG_2243 pos:976388 chunknumber 261700 contains 490 sites
	-> Printing at chr: SczhEnG_2243 pos:1011290 chunknumber 261800 contains 378 sites
	-> Printing at chr: SczhEnG_2243 pos:1046631 chunknumber 261900 contains 517 sites
	-> Printing at chr: SczhEnG_2243 pos:1084761 chunknumber 262000 contains 252 sites
	-> Printing at chr: SczhEnG_2243 pos:1120819 chunknumber 262100 contains 267 sites
	-> Printing at chr: SczhEnG_2243 pos:1155192 chunknumber 262200 contains 263 sites
	-> Printing at chr: SczhEnG_2243 pos:1190257 chunknumber 262300 contains 264 sites
	-> Region lookup 590/1139
	-> Printing at chr: SczhEnG_2244 pos:1614 chunknumber 262400 contains 252 sites
	-> Printing at chr: SczhEnG_2244 pos:35674 chunknumber 262500 contains 465 sites
	-> Printing at chr: SczhEnG_2244 pos:68655 chunknumber 262600 contains 313 sites
	-> Printing at chr: SczhEnG_2244 pos:101972 chunknumber 262700 contains 276 sites
	-> Printing at chr: SczhEnG_2244 pos:134739 chunknumber 262800 contains 376 sites
	-> Printing at chr: SczhEnG_2244 pos:170138 chunknumber 262900 contains 463 sites
	-> Printing at chr: SczhEnG_2244 pos:202848 chunknumber 263000 contains 510 sites
	-> Printing at chr: SczhEnG_2244 pos:239034 chunknumber 263100 contains 1391 sites
	-> Printing at chr: SczhEnG_2244 pos:273849 chunknumber 263200 contains 383 sites
	-> Region lookup 591/1139
	-> Printing at chr: SczhEnG_2248 pos:18299 chunknumber 263300 contains 338 sites
	-> Printing at chr: SczhEnG_2248 pos:54337 chunknumber 263400 contains 446 sites
	-> Printing at chr: SczhEnG_2248 pos:90739 chunknumber 263500 contains 325 sites
	-> Printing at chr: SczhEnG_2248 pos:125824 chunknumber 263600 contains 252 sites
	-> Printing at chr: SczhEnG_2248 pos:160060 chunknumber 263700 contains 356 sites
	-> Region lookup 592/1139
	-> Printing at chr: SczhEnG_2250 pos:27392 chunknumber 263800 contains 534 sites
	-> Printing at chr: SczhEnG_2250 pos:61960 chunknumber 263900 contains 358 sites
	-> Printing at chr: SczhEnG_2250 pos:97816 chunknumber 264000 contains 252 sites
	-> Printing at chr: SczhEnG_2250 pos:132798 chunknumber 264100 contains 404 sites
	-> Printing at chr: SczhEnG_2250 pos:167927 chunknumber 264200 contains 251 sites
	-> Printing at chr: SczhEnG_2250 pos:201447 chunknumber 264300 contains 355 sites
	-> Printing at chr: SczhEnG_2250 pos:237113 chunknumber 264400 contains 309 sites
	-> Printing at chr: SczhEnG_2250 pos:271450 chunknumber 264500 contains 380 sites
	-> Printing at chr: SczhEnG_2250 pos:306293 chunknumber 264600 contains 301 sites
	-> Printing at chr: SczhEnG_2250 pos:341182 chunknumber 264700 contains 293 sites
	-> Printing at chr: SczhEnG_2250 pos:377847 chunknumber 264800 contains 298 sites
	-> Printing at chr: SczhEnG_2250 pos:415305 chunknumber 264900 contains 253 sites
	-> Printing at chr: SczhEnG_2250 pos:449470 chunknumber 265000 contains 349 sites
	-> Printing at chr: SczhEnG_2250 pos:482071 chunknumber 265100 contains 327 sites
	-> Printing at chr: SczhEnG_2250 pos:514488 chunknumber 265200 contains 366 sites
	-> Region lookup 593/1139
	-> Printing at chr: SczhEnG_2251 pos:12168 chunknumber 265300 contains 254 sites
	-> Printing at chr: SczhEnG_2251 pos:54212 chunknumber 265400 contains 304 sites
	-> Printing at chr: SczhEnG_2251 pos:85111 chunknumber 265500 contains 252 sites
	-> Printing at chr: SczhEnG_2251 pos:111250 chunknumber 265600 contains 255 sites
	-> Printing at chr: SczhEnG_2251 pos:143157 chunknumber 265700 contains 1046 sites
	-> Printing at chr: SczhEnG_2251 pos:182207 chunknumber 265800 contains 332 sites
	-> Region lookup 594/1139
	-> Printing at chr: SczhEnG_2255 pos:12909 chunknumber 265900 contains 251 sites
	-> Printing at chr: SczhEnG_2255 pos:46317 chunknumber 266000 contains 437 sites
	-> Printing at chr: SczhEnG_2255 pos:79820 chunknumber 266100 contains 311 sites
	-> Printing at chr: SczhEnG_2255 pos:116291 chunknumber 266200 contains 542 sites
	-> Region lookup 595/1139
	-> Printing at chr: SczhEnG_2256 pos:8990 chunknumber 266300 contains 251 sites
	-> Region lookup 596/1139
	-> Printing at chr: SczhEnG_2266 pos:22714 chunknumber 266400 contains 264 sites
	-> Printing at chr: SczhEnG_2266 pos:55819 chunknumber 266500 contains 481 sites
	-> Region lookup 597/1139
	-> Printing at chr: SczhEnG_2275 pos:1768 chunknumber 266600 contains 277 sites
	-> Printing at chr: SczhEnG_2275 pos:39117 chunknumber 266700 contains 320 sites
	-> Printing at chr: SczhEnG_2275 pos:71855 chunknumber 266800 contains 475 sites
	-> Printing at chr: SczhEnG_2275 pos:107368 chunknumber 266900 contains 387 sites
	-> Printing at chr: SczhEnG_2275 pos:148433 chunknumber 267000 contains 251 sites
	-> Printing at chr: SczhEnG_2275 pos:176074 chunknumber 267100 contains 252 sites
	-> Printing at chr: SczhEnG_2275 pos:208011 chunknumber 267200 contains 350 sites
	-> Printing at chr: SczhEnG_2275 pos:240072 chunknumber 267300 contains 435 sites
	-> Printing at chr: SczhEnG_2275 pos:274508 chunknumber 267400 contains 253 sites
	-> Printing at chr: SczhEnG_2275 pos:309731 chunknumber 267500 contains 744 sites
	-> Printing at chr: SczhEnG_2275 pos:348018 chunknumber 267600 contains 267 sites
	-> Printing at chr: SczhEnG_2275 pos:383686 chunknumber 267700 contains 488 sites
	-> Printing at chr: SczhEnG_2275 pos:416071 chunknumber 267800 contains 403 sites
	-> Printing at chr: SczhEnG_2275 pos:450504 chunknumber 267900 contains 287 sites
	-> Printing at chr: SczhEnG_2275 pos:486063 chunknumber 268000 contains 275 sites
	-> Region lookup 598/1139
	-> Printing at chr: SczhEnG_2278 pos:24932 chunknumber 268100 contains 378 sites
	-> Printing at chr: SczhEnG_2278 pos:57663 chunknumber 268200 contains 402 sites
	-> Printing at chr: SczhEnG_2278 pos:90986 chunknumber 268300 contains 399 sites
	-> Printing at chr: SczhEnG_2278 pos:123694 chunknumber 268400 contains 566 sites
	-> Printing at chr: SczhEnG_2278 pos:158326 chunknumber 268500 contains 370 sites
	-> Printing at chr: SczhEnG_2278 pos:194987 chunknumber 268600 contains 265 sites
	-> Printing at chr: SczhEnG_2278 pos:231155 chunknumber 268700 contains 286 sites
	-> Region lookup 599/1139
	-> Printing at chr: SczhEnG_2278 pos:261704 chunknumber 268800 contains 4 sites
	-> Printing at chr: SczhEnG_2280 pos:37077 chunknumber 268900 contains 396 sites
	-> Printing at chr: SczhEnG_2280 pos:72378 chunknumber 269000 contains 263 sites
	-> Printing at chr: SczhEnG_2280 pos:107177 chunknumber 269100 contains 270 sites
	-> Region lookup 600/1139
	-> Printing at chr: SczhEnG_2282 pos:30568 chunknumber 269200 contains 298 sites
	-> Printing at chr: SczhEnG_2282 pos:66881 chunknumber 269300 contains 463 sites
	-> Printing at chr: SczhEnG_2282 pos:102973 chunknumber 269400 contains 322 sites
	-> Printing at chr: SczhEnG_2282 pos:139056 chunknumber 269500 contains 382 sites
	-> Printing at chr: SczhEnG_2282 pos:174567 chunknumber 269600 contains 539 sites
	-> Printing at chr: SczhEnG_2282 pos:210544 chunknumber 269700 contains 350 sites
	-> Printing at chr: SczhEnG_2282 pos:250268 chunknumber 269800 contains 467 sites
	-> Printing at chr: SczhEnG_2282 pos:286981 chunknumber 269900 contains 439 sites
	-> Printing at chr: SczhEnG_2282 pos:321457 chunknumber 270000 contains 459 sites
	-> Printing at chr: SczhEnG_2282 pos:356143 chunknumber 270100 contains 264 sites
	-> Region lookup 601/1139
	-> Printing at chr: SczhEnG_2288 pos:4698 chunknumber 270200 contains 286 sites
	-> Region lookup 602/1139
	-> Printing at chr: SczhEnG_2290 pos:16862 chunknumber 270300 contains 463 sites
	-> Region lookup 603/1139
	-> Printing at chr: SczhEnG_2292 pos:31682 chunknumber 270400 contains 259 sites
	-> Printing at chr: SczhEnG_2292 pos:64307 chunknumber 270500 contains 254 sites
	-> Printing at chr: SczhEnG_2292 pos:97467 chunknumber 270600 contains 397 sites
	-> Printing at chr: SczhEnG_2292 pos:131195 chunknumber 270700 contains 334 sites
	-> Printing at chr: SczhEnG_2292 pos:165866 chunknumber 270800 contains 311 sites
	-> Printing at chr: SczhEnG_2292 pos:202108 chunknumber 270900 contains 363 sites
	-> Region lookup 604/1139
	-> Printing at chr: SczhEnG_2293 pos:7071 chunknumber 271000 contains 831 sites
	-> Region lookup 605/1139
	-> Printing at chr: SczhEnG_2304 pos:35192 chunknumber 271100 contains 1408 sites
	-> Printing at chr: SczhEnG_2304 pos:72419 chunknumber 271200 contains 358 sites
	-> Printing at chr: SczhEnG_2304 pos:106718 chunknumber 271300 contains 324 sites
	-> Printing at chr: SczhEnG_2304 pos:141808 chunknumber 271400 contains 190 sites
	-> Printing at chr: SczhEnG_2304 pos:177582 chunknumber 271500 contains 354 sites
	-> Printing at chr: SczhEnG_2304 pos:210082 chunknumber 271600 contains 267 sites
	-> Printing at chr: SczhEnG_2304 pos:249951 chunknumber 271700 contains 403 sites
	-> Region lookup 606/1139
	-> Printing at chr: SczhEnG_2307 pos:5237 chunknumber 271800 contains 400 sites
	-> Printing at chr: SczhEnG_2307 pos:40301 chunknumber 271900 contains 261 sites
	-> Printing at chr: SczhEnG_2307 pos:74877 chunknumber 272000 contains 259 sites
	-> Printing at chr: SczhEnG_2307 pos:108792 chunknumber 272100 contains 386 sites
	-> Printing at chr: SczhEnG_2307 pos:143450 chunknumber 272200 contains 254 sites
	-> Printing at chr: SczhEnG_2307 pos:177812 chunknumber 272300 contains 253 sites
	-> Printing at chr: SczhEnG_2307 pos:214452 chunknumber 272400 contains 541 sites
	-> Printing at chr: SczhEnG_2307 pos:252645 chunknumber 272500 contains 86 sites
	-> Printing at chr: SczhEnG_2307 pos:288039 chunknumber 272600 contains 260 sites
	-> Printing at chr: SczhEnG_2307 pos:322058 chunknumber 272700 contains 318 sites
	-> Printing at chr: SczhEnG_2307 pos:357163 chunknumber 272800 contains 613 sites
	-> Printing at chr: SczhEnG_2307 pos:394716 chunknumber 272900 contains 417 sites
	-> Printing at chr: SczhEnG_2307 pos:427966 chunknumber 273000 contains 278 sites
	-> Printing at chr: SczhEnG_2307 pos:464507 chunknumber 273100 contains 278 sites
	-> Printing at chr: SczhEnG_2307 pos:502230 chunknumber 273200 contains 287 sites
	-> Printing at chr: SczhEnG_2307 pos:536891 chunknumber 273300 contains 251 sites
	-> Printing at chr: SczhEnG_2307 pos:571255 chunknumber 273400 contains 260 sites
	-> Printing at chr: SczhEnG_2307 pos:605931 chunknumber 273500 contains 403 sites
	-> Printing at chr: SczhEnG_2307 pos:640946 chunknumber 273600 contains 454 sites
	-> Region lookup 607/1139
	-> Printing at chr: SczhEnG_2310 pos:12229 chunknumber 273700 contains 375 sites
	-> Printing at chr: SczhEnG_2310 pos:47899 chunknumber 273800 contains 364 sites
	-> Printing at chr: SczhEnG_2310 pos:85366 chunknumber 273900 contains 261 sites
	-> Printing at chr: SczhEnG_2310 pos:118566 chunknumber 274000 contains 254 sites
	-> Printing at chr: SczhEnG_2310 pos:153916 chunknumber 274100 contains 255 sites
	-> Printing at chr: SczhEnG_2310 pos:189446 chunknumber 274200 contains 287 sites
	-> Printing at chr: SczhEnG_2310 pos:223356 chunknumber 274300 contains 296 sites
	-> Printing at chr: SczhEnG_2310 pos:251374 chunknumber 274400 contains 258 sites
	-> Region lookup 608/1139
	-> Printing at chr: SczhEnG_2313 pos:33342 chunknumber 274500 contains 353 sites
	-> Printing at chr: SczhEnG_2313 pos:69149 chunknumber 274600 contains 255 sites
	-> Printing at chr: SczhEnG_2313 pos:103948 chunknumber 274700 contains 366 sites
	-> Printing at chr: SczhEnG_2313 pos:137486 chunknumber 274800 contains 290 sites
	-> Printing at chr: SczhEnG_2313 pos:172406 chunknumber 274900 contains 314 sites
	-> Printing at chr: SczhEnG_2313 pos:204665 chunknumber 275000 contains 278 sites
	-> Printing at chr: SczhEnG_2313 pos:238832 chunknumber 275100 contains 262 sites
	-> Printing at chr: SczhEnG_2313 pos:272044 chunknumber 275200 contains 258 sites
	-> Region lookup 609/1139
	-> Printing at chr: SczhEnG_2315 pos:26415 chunknumber 275300 contains 452 sites
	-> Printing at chr: SczhEnG_2315 pos:61917 chunknumber 275400 contains 384 sites
	-> Printing at chr: SczhEnG_2315 pos:98082 chunknumber 275500 contains 257 sites
	-> Printing at chr: SczhEnG_2315 pos:132997 chunknumber 275600 contains 287 sites
	-> Printing at chr: SczhEnG_2315 pos:167508 chunknumber 275700 contains 505 sites
	-> Printing at chr: SczhEnG_2315 pos:202851 chunknumber 275800 contains 411 sites
	-> Printing at chr: SczhEnG_2315 pos:236144 chunknumber 275900 contains 335 sites
	-> Printing at chr: SczhEnG_2315 pos:269932 chunknumber 276000 contains 386 sites
	-> Printing at chr: SczhEnG_2315 pos:306595 chunknumber 276100 contains 392 sites
	-> Printing at chr: SczhEnG_2315 pos:343640 chunknumber 276200 contains 268 sites
	-> Printing at chr: SczhEnG_2315 pos:377592 chunknumber 276300 contains 256 sites
	-> Printing at chr: SczhEnG_2315 pos:412138 chunknumber 276400 contains 319 sites
	-> Printing at chr: SczhEnG_2315 pos:448465 chunknumber 276500 contains 295 sites
	-> Printing at chr: SczhEnG_2315 pos:490539 chunknumber 276600 contains 314 sites
	-> Printing at chr: SczhEnG_2315 pos:521332 chunknumber 276700 contains 265 sites
	-> Printing at chr: SczhEnG_2315 pos:564618 chunknumber 276800 contains 467 sites
	-> Printing at chr: SczhEnG_2315 pos:601080 chunknumber 276900 contains 297 sites
	-> Printing at chr: SczhEnG_2315 pos:636408 chunknumber 277000 contains 314 sites
	-> Printing at chr: SczhEnG_2315 pos:678794 chunknumber 277100 contains 538 sites
	-> Printing at chr: SczhEnG_2315 pos:724363 chunknumber 277200 contains 436 sites
	-> Printing at chr: SczhEnG_2315 pos:767464 chunknumber 277300 contains 263 sites
	-> Printing at chr: SczhEnG_2315 pos:802347 chunknumber 277400 contains 424 sites
	-> Printing at chr: SczhEnG_2315 pos:837681 chunknumber 277500 contains 463 sites
	-> Printing at chr: SczhEnG_2315 pos:870684 chunknumber 277600 contains 273 sites
	-> Printing at chr: SczhEnG_2315 pos:905456 chunknumber 277700 contains 269 sites
	-> Printing at chr: SczhEnG_2315 pos:940115 chunknumber 277800 contains 263 sites
	-> Printing at chr: SczhEnG_2315 pos:974098 chunknumber 277900 contains 251 sites
	-> Region lookup 610/1139
	-> Printing at chr: SczhEnG_2324 pos:17330 chunknumber 278000 contains 474 sites
	-> Printing at chr: SczhEnG_2324 pos:51305 chunknumber 278100 contains 261 sites
	-> Printing at chr: SczhEnG_2324 pos:86672 chunknumber 278200 contains 251 sites
	-> Printing at chr: SczhEnG_2324 pos:118749 chunknumber 278300 contains 282 sites
	-> Printing at chr: SczhEnG_2324 pos:154291 chunknumber 278400 contains 447 sites
	-> Printing at chr: SczhEnG_2324 pos:190787 chunknumber 278500 contains 400 sites
	-> Printing at chr: SczhEnG_2324 pos:225786 chunknumber 278600 contains 254 sites
	-> Printing at chr: SczhEnG_2324 pos:260523 chunknumber 278700 contains 324 sites
	-> Printing at chr: SczhEnG_2324 pos:294936 chunknumber 278800 contains 254 sites
	-> Printing at chr: SczhEnG_2324 pos:332083 chunknumber 278900 contains 254 sites
	-> Printing at chr: SczhEnG_2324 pos:367875 chunknumber 279000 contains 398 sites
	-> Printing at chr: SczhEnG_2324 pos:402592 chunknumber 279100 contains 255 sites
	-> Printing at chr: SczhEnG_2324 pos:438224 chunknumber 279200 contains 276 sites
	-> Printing at chr: SczhEnG_2324 pos:473840 chunknumber 279300 contains 255 sites
	-> Printing at chr: SczhEnG_2324 pos:509076 chunknumber 279400 contains 377 sites
	-> Printing at chr: SczhEnG_2324 pos:543828 chunknumber 279500 contains 258 sites
	-> Printing at chr: SczhEnG_2324 pos:580087 chunknumber 279600 contains 387 sites
	-> Printing at chr: SczhEnG_2324 pos:614625 chunknumber 279700 contains 254 sites
	-> Printing at chr: SczhEnG_2324 pos:648800 chunknumber 279800 contains 308 sites
	-> Region lookup 611/1139
	-> Printing at chr: SczhEnG_2329 pos:1 chunknumber 279900 contains 308 sites
	-> Region lookup 612/1139
	-> Region lookup 613/1139
	-> Printing at chr: SczhEnG_2351 pos:560 chunknumber 280000 contains 251 sites
	-> Printing at chr: SczhEnG_2351 pos:34485 chunknumber 280100 contains 409 sites
	-> Printing at chr: SczhEnG_2351 pos:71675 chunknumber 280200 contains 417 sites
	-> Printing at chr: SczhEnG_2351 pos:106805 chunknumber 280300 contains 382 sites
	-> Printing at chr: SczhEnG_2351 pos:141669 chunknumber 280400 contains 335 sites
	-> Printing at chr: SczhEnG_2351 pos:174928 chunknumber 280500 contains 606 sites
	-> Printing at chr: SczhEnG_2351 pos:210884 chunknumber 280600 contains 259 sites
	-> Printing at chr: SczhEnG_2351 pos:245651 chunknumber 280700 contains 503 sites
	-> Printing at chr: SczhEnG_2351 pos:280659 chunknumber 280800 contains 376 sites
	-> Printing at chr: SczhEnG_2351 pos:315835 chunknumber 280900 contains 474 sites
	-> Printing at chr: SczhEnG_2351 pos:350250 chunknumber 281000 contains 450 sites
	-> Printing at chr: SczhEnG_2351 pos:387440 chunknumber 281100 contains 321 sites
	-> Region lookup 614/1139
	-> Printing at chr: SczhEnG_2357 pos:25020 chunknumber 281200 contains 323 sites
	-> Region lookup 615/1139
	-> Printing at chr: SczhEnG_2375 pos:35458 chunknumber 281300 contains 364 sites
	-> Printing at chr: SczhEnG_2375 pos:68793 chunknumber 281400 contains 365 sites
	-> Printing at chr: SczhEnG_2375 pos:107024 chunknumber 281500 contains 312 sites
	-> Printing at chr: SczhEnG_2375 pos:142191 chunknumber 281600 contains 251 sites
	-> Printing at chr: SczhEnG_2375 pos:175959 chunknumber 281700 contains 382 sites
	-> Printing at chr: SczhEnG_2375 pos:212690 chunknumber 281800 contains 486 sites
	-> Printing at chr: SczhEnG_2375 pos:246295 chunknumber 281900 contains 252 sites
	-> Printing at chr: SczhEnG_2375 pos:281908 chunknumber 282000 contains 376 sites
	-> Printing at chr: SczhEnG_2375 pos:316286 chunknumber 282100 contains 426 sites
	-> Printing at chr: SczhEnG_2375 pos:350046 chunknumber 282200 contains 268 sites
	-> Printing at chr: SczhEnG_2375 pos:385039 chunknumber 282300 contains 390 sites
	-> Printing at chr: SczhEnG_2375 pos:419150 chunknumber 282400 contains 258 sites
	-> Printing at chr: SczhEnG_2375 pos:451139 chunknumber 282500 contains 355 sites
	-> Printing at chr: SczhEnG_2375 pos:487406 chunknumber 282600 contains 345 sites
	-> Region lookup 616/1139
	-> Region lookup 617/1139
	-> Printing at chr: SczhEnG_2378 pos:2466 chunknumber 282700 contains 429 sites
	-> Printing at chr: SczhEnG_2378 pos:39484 chunknumber 282800 contains 408 sites
	-> Printing at chr: SczhEnG_2378 pos:78961 chunknumber 282900 contains 444 sites
	-> Printing at chr: SczhEnG_2378 pos:115105 chunknumber 283000 contains 278 sites
	-> Printing at chr: SczhEnG_2378 pos:149212 chunknumber 283100 contains 318 sites
	-> Printing at chr: SczhEnG_2378 pos:184348 chunknumber 283200 contains 360 sites
	-> Printing at chr: SczhEnG_2378 pos:219759 chunknumber 283300 contains 362 sites
	-> Printing at chr: SczhEnG_2378 pos:259040 chunknumber 283400 contains 317 sites
	-> Printing at chr: SczhEnG_2378 pos:294412 chunknumber 283500 contains 357 sites
	-> Printing at chr: SczhEnG_2378 pos:326876 chunknumber 283600 contains 401 sites
	-> Printing at chr: SczhEnG_2378 pos:358743 chunknumber 283700 contains 342 sites
	-> Region lookup 618/1139
	-> Printing at chr: SczhEnG_2382 pos:29469 chunknumber 283800 contains 252 sites
	-> Printing at chr: SczhEnG_2382 pos:68221 chunknumber 283900 contains 259 sites
	-> Printing at chr: SczhEnG_2382 pos:101268 chunknumber 284000 contains 251 sites
	-> Printing at chr: SczhEnG_2382 pos:135645 chunknumber 284100 contains 262 sites
	-> Printing at chr: SczhEnG_2382 pos:171354 chunknumber 284200 contains 251 sites
	-> Printing at chr: SczhEnG_2382 pos:207397 chunknumber 284300 contains 2256 sites
	-> Printing at chr: SczhEnG_2382 pos:245972 chunknumber 284400 contains 252 sites
	-> Printing at chr: SczhEnG_2382 pos:295871 chunknumber 284500 contains 310 sites
	-> Printing at chr: SczhEnG_2382 pos:333079 chunknumber 284600 contains 251 sites
	-> Region lookup 619/1139
	-> Region lookup 620/1139
	-> Printing at chr: SczhEnG_2386 pos:1016 chunknumber 284700 contains 269 sites
	-> Printing at chr: SczhEnG_2386 pos:35370 chunknumber 284800 contains 423 sites
	-> Region lookup 621/1139
	-> Region lookup 622/1139
	-> Printing at chr: SczhEnG_2392 pos:13005 chunknumber 284900 contains 264 sites
	-> Printing at chr: SczhEnG_2392 pos:47966 chunknumber 285000 contains 266 sites
	-> Printing at chr: SczhEnG_2392 pos:83141 chunknumber 285100 contains 438 sites
	-> Printing at chr: SczhEnG_2392 pos:117653 chunknumber 285200 contains 338 sites
	-> Printing at chr: SczhEnG_2392 pos:155472 chunknumber 285300 contains 373 sites
	-> Printing at chr: SczhEnG_2392 pos:192579 chunknumber 285400 contains 287 sites
	-> Printing at chr: SczhEnG_2392 pos:229282 chunknumber 285500 contains 457 sites
	-> Printing at chr: SczhEnG_2392 pos:265588 chunknumber 285600 contains 264 sites
	-> Printing at chr: SczhEnG_2392 pos:300719 chunknumber 285700 contains 271 sites
	-> Region lookup 623/1139
	-> Printing at chr: SczhEnG_2394 pos:30930 chunknumber 285800 contains 261 sites
	-> Printing at chr: SczhEnG_2394 pos:65569 chunknumber 285900 contains 255 sites
	-> Printing at chr: SczhEnG_2394 pos:100345 chunknumber 286000 contains 268 sites
	-> Printing at chr: SczhEnG_2394 pos:133588 chunknumber 286100 contains 358 sites
	-> Region lookup 624/1139
	-> Printing at chr: SczhEnG_2419 pos:18981 chunknumber 286200 contains 251 sites
	-> Printing at chr: SczhEnG_2419 pos:54743 chunknumber 286300 contains 365 sites
	-> Printing at chr: SczhEnG_2419 pos:88743 chunknumber 286400 contains 362 sites
	-> Printing at chr: SczhEnG_2419 pos:123580 chunknumber 286500 contains 256 sites
	-> Region lookup 625/1139
	-> Printing at chr: SczhEnG_2422 pos:10520 chunknumber 286600 contains 252 sites
	-> Printing at chr: SczhEnG_2422 pos:48703 chunknumber 286700 contains 252 sites
	-> Printing at chr: SczhEnG_2422 pos:89580 chunknumber 286800 contains 257 sites
	-> Printing at chr: SczhEnG_2422 pos:131557 chunknumber 286900 contains 327 sites
	-> Printing at chr: SczhEnG_2422 pos:167737 chunknumber 287000 contains 329 sites
	-> Printing at chr: SczhEnG_2422 pos:203977 chunknumber 287100 contains 251 sites
	-> Printing at chr: SczhEnG_2422 pos:241807 chunknumber 287200 contains 289 sites
	-> Printing at chr: SczhEnG_2422 pos:276271 chunknumber 287300 contains 293 sites
	-> Printing at chr: SczhEnG_2422 pos:311511 chunknumber 287400 contains 274 sites
	-> Printing at chr: SczhEnG_2422 pos:347487 chunknumber 287500 contains 324 sites
	-> Printing at chr: SczhEnG_2422 pos:383040 chunknumber 287600 contains 407 sites
	-> Printing at chr: SczhEnG_2422 pos:419649 chunknumber 287700 contains 259 sites
	-> Printing at chr: SczhEnG_2422 pos:457635 chunknumber 287800 contains 254 sites
	-> Printing at chr: SczhEnG_2422 pos:493896 chunknumber 287900 contains 349 sites
	-> Printing at chr: SczhEnG_2422 pos:527935 chunknumber 288000 contains 258 sites
	-> Printing at chr: SczhEnG_2422 pos:564785 chunknumber 288100 contains 400 sites
	-> Printing at chr: SczhEnG_2422 pos:601629 chunknumber 288200 contains 274 sites
	-> Printing at chr: SczhEnG_2422 pos:631946 chunknumber 288300 contains 373 sites
	-> Printing at chr: SczhEnG_2422 pos:666814 chunknumber 288400 contains 291 sites
	-> Printing at chr: SczhEnG_2422 pos:699366 chunknumber 288500 contains 395 sites
	-> Printing at chr: SczhEnG_2422 pos:734313 chunknumber 288600 contains 313 sites
	-> Printing at chr: SczhEnG_2422 pos:769435 chunknumber 288700 contains 367 sites
	-> Printing at chr: SczhEnG_2422 pos:803691 chunknumber 288800 contains 349 sites
	-> Printing at chr: SczhEnG_2422 pos:842473 chunknumber 288900 contains 305 sites
	-> Printing at chr: SczhEnG_2422 pos:880620 chunknumber 289000 contains 254 sites
	-> Printing at chr: SczhEnG_2422 pos:920175 chunknumber 289100 contains 931 sites
	-> Printing at chr: SczhEnG_2422 pos:978224 chunknumber 289200 contains 403 sites
	-> Printing at chr: SczhEnG_2422 pos:1013242 chunknumber 289300 contains 301 sites
	-> Printing at chr: SczhEnG_2422 pos:1047288 chunknumber 289400 contains 338 sites
	-> Printing at chr: SczhEnG_2422 pos:1083474 chunknumber 289500 contains 308 sites
	-> Region lookup 626/1139
	-> Printing at chr: SczhEnG_2426 pos:23484 chunknumber 289600 contains 263 sites
	-> Printing at chr: SczhEnG_2426 pos:58713 chunknumber 289700 contains 578 sites
	-> Printing at chr: SczhEnG_2426 pos:94222 chunknumber 289800 contains 251 sites
	-> Printing at chr: SczhEnG_2426 pos:127040 chunknumber 289900 contains 337 sites
	-> Region lookup 627/1139
	-> Printing at chr: SczhEnG_2428 pos:15977 chunknumber 290000 contains 319 sites
	-> Region lookup 628/1139
	-> Printing at chr: SczhEnG_2429 pos:5222 chunknumber 290100 contains 305 sites
	-> Printing at chr: SczhEnG_2429 pos:36058 chunknumber 290200 contains 238 sites
	-> Printing at chr: SczhEnG_2429 pos:67477 chunknumber 290300 contains 257 sites
	-> Printing at chr: SczhEnG_2429 pos:103997 chunknumber 290400 contains 201 sites
	-> Printing at chr: SczhEnG_2429 pos:138402 chunknumber 290500 contains 257 sites
	-> Region lookup 629/1139
	-> Printing at chr: SczhEnG_2438 pos:8888 chunknumber 290600 contains 253 sites
	-> Region lookup 630/1139
	-> Printing at chr: SczhEnG_2444 pos:6050 chunknumber 290700 contains 355 sites
	-> Printing at chr: SczhEnG_2444 pos:41639 chunknumber 290800 contains 361 sites
	-> Printing at chr: SczhEnG_2444 pos:75154 chunknumber 290900 contains 374 sites
	-> Printing at chr: SczhEnG_2444 pos:110056 chunknumber 291000 contains 551 sites
	-> Printing at chr: SczhEnG_2444 pos:144000 chunknumber 291100 contains 265 sites
	-> Printing at chr: SczhEnG_2444 pos:178978 chunknumber 291200 contains 375 sites
	-> Printing at chr: SczhEnG_2444 pos:214784 chunknumber 291300 contains 539 sites
	-> Printing at chr: SczhEnG_2444 pos:249845 chunknumber 291400 contains 251 sites
	-> Printing at chr: SczhEnG_2444 pos:284324 chunknumber 291500 contains 328 sites
	-> Printing at chr: SczhEnG_2444 pos:319398 chunknumber 291600 contains 340 sites
	-> Region lookup 631/1139
	-> Printing at chr: SczhEnG_2445 pos:30888 chunknumber 291700 contains 368 sites
	-> Printing at chr: SczhEnG_2445 pos:72121 chunknumber 291800 contains 251 sites
	-> Region lookup 632/1139
	-> Printing at chr: SczhEnG_2448 pos:15286 chunknumber 291900 contains 306 sites
	-> Region lookup 633/1139
	-> Region lookup 634/1139
	-> Printing at chr: SczhEnG_2457 pos:21159 chunknumber 292000 contains 396 sites
	-> Printing at chr: SczhEnG_2457 pos:55221 chunknumber 292100 contains 291 sites
	-> Printing at chr: SczhEnG_2457 pos:89389 chunknumber 292200 contains 296 sites
	-> Printing at chr: SczhEnG_2457 pos:132670 chunknumber 292300 contains 299 sites
	-> Printing at chr: SczhEnG_2457 pos:167918 chunknumber 292400 contains 390 sites
	-> Region lookup 635/1139
	-> Printing at chr: SczhEnG_2459 pos:13500 chunknumber 292500 contains 251 sites
	-> Printing at chr: SczhEnG_2459 pos:48305 chunknumber 292600 contains 299 sites
	-> Printing at chr: SczhEnG_2459 pos:82351 chunknumber 292700 contains 260 sites
	-> Printing at chr: SczhEnG_2459 pos:117828 chunknumber 292800 contains 391 sites
	-> Printing at chr: SczhEnG_2459 pos:152964 chunknumber 292900 contains 337 sites
	-> Printing at chr: SczhEnG_2459 pos:190364 chunknumber 293000 contains 362 sites
	-> Printing at chr: SczhEnG_2459 pos:227658 chunknumber 293100 contains 401 sites
	-> Printing at chr: SczhEnG_2459 pos:261926 chunknumber 293200 contains 419 sites
	-> Printing at chr: SczhEnG_2459 pos:297364 chunknumber 293300 contains 284 sites
	-> Region lookup 636/1139
	-> Printing at chr: SczhEnG_2468 pos:11501 chunknumber 293400 contains 255 sites
	-> Printing at chr: SczhEnG_2468 pos:52990 chunknumber 293500 contains 318 sites
	-> Region lookup 637/1139
	-> Printing at chr: SczhEnG_2470 pos:7734 chunknumber 293600 contains 302 sites
	-> Region lookup 638/1139
	-> Printing at chr: SczhEnG_2472 pos:26782 chunknumber 293700 contains 461 sites
	-> Region lookup 639/1139
	-> Printing at chr: SczhEnG_2478 pos:19881 chunknumber 293800 contains 347 sites
	-> Printing at chr: SczhEnG_2478 pos:55924 chunknumber 293900 contains 302 sites
	-> Printing at chr: SczhEnG_2478 pos:90654 chunknumber 294000 contains 413 sites
	-> Printing at chr: SczhEnG_2478 pos:126354 chunknumber 294100 contains 382 sites
	-> Printing at chr: SczhEnG_2478 pos:164256 chunknumber 294200 contains 373 sites
	-> Region lookup 640/1139
	-> Printing at chr: SczhEnG_2479 pos:55784 chunknumber 294300 contains 688 sites
	-> Region lookup 641/1139
	-> Region lookup 642/1139
	-> Printing at chr: SczhEnG_2483 pos:22948 chunknumber 294400 contains 9 sites
	-> Region lookup 643/1139
	-> Printing at chr: SczhEnG_2485 pos:71659 chunknumber 294500 contains 21 sites
	-> Printing at chr: SczhEnG_2487 pos:34344 chunknumber 294600 contains 253 sites
	-> Region lookup 644/1139
	-> Printing at chr: SczhEnG_2489 pos:8257 chunknumber 294700 contains 269 sites
	-> Printing at chr: SczhEnG_2489 pos:44562 chunknumber 294800 contains 302 sites
	-> Printing at chr: SczhEnG_2489 pos:79952 chunknumber 294900 contains 372 sites
	-> Printing at chr: SczhEnG_2489 pos:115485 chunknumber 295000 contains 254 sites
	-> Printing at chr: SczhEnG_2489 pos:150463 chunknumber 295100 contains 254 sites
	-> Printing at chr: SczhEnG_2489 pos:183722 chunknumber 295200 contains 282 sites
	-> Printing at chr: SczhEnG_2489 pos:217587 chunknumber 295300 contains 298 sites
	-> Region lookup 645/1139
	-> Printing at chr: SczhEnG_2490 pos:22457 chunknumber 295400 contains 735 sites
	-> Printing at chr: SczhEnG_2490 pos:60667 chunknumber 295500 contains 422 sites
	-> Printing at chr: SczhEnG_2490 pos:95838 chunknumber 295600 contains 407 sites
	-> Printing at chr: SczhEnG_2490 pos:130844 chunknumber 295700 contains 257 sites
	-> Region lookup 646/1139
	-> Printing at chr: SczhEnG_2493 pos:5294 chunknumber 295800 contains 318 sites
	-> Region lookup 647/1139
	-> Printing at chr: SczhEnG_2494 pos:10852 chunknumber 295900 contains 289 sites
	-> Printing at chr: SczhEnG_2494 pos:46728 chunknumber 296000 contains 273 sites
	-> Printing at chr: SczhEnG_2494 pos:80984 chunknumber 296100 contains 265 sites
	-> Region lookup 648/1139
	-> Printing at chr: SczhEnG_2498 pos:27010 chunknumber 296200 contains 252 sites
	-> Printing at chr: SczhEnG_2498 pos:61073 chunknumber 296300 contains 258 sites
	-> Printing at chr: SczhEnG_2498 pos:96433 chunknumber 296400 contains 510 sites
	-> Region lookup 649/1139
	-> Printing at chr: SczhEnG_2499 pos:47256 chunknumber 296500 contains 152 sites
	-> Region lookup 650/1139
	-> Region lookup 651/1139
	-> Printing at chr: SczhEnG_2518 pos:23563 chunknumber 296600 contains 366 sites
	-> Printing at chr: SczhEnG_2518 pos:58318 chunknumber 296700 contains 257 sites
	-> Printing at chr: SczhEnG_2518 pos:92686 chunknumber 296800 contains 277 sites
	-> Printing at chr: SczhEnG_2518 pos:125720 chunknumber 296900 contains 333 sites
	-> Printing at chr: SczhEnG_2518 pos:161661 chunknumber 297000 contains 469 sites
	-> Printing at chr: SczhEnG_2518 pos:195817 chunknumber 297100 contains 254 sites
	-> Printing at chr: SczhEnG_2518 pos:231523 chunknumber 297200 contains 260 sites
	-> Printing at chr: SczhEnG_2518 pos:270478 chunknumber 297300 contains 210 sites
	-> Printing at chr: SczhEnG_2518 pos:305701 chunknumber 297400 contains 283 sites
	-> Printing at chr: SczhEnG_2518 pos:338250 chunknumber 297500 contains 305 sites
	-> Printing at chr: SczhEnG_2518 pos:373225 chunknumber 297600 contains 252 sites
	-> Printing at chr: SczhEnG_2518 pos:410478 chunknumber 297700 contains 290 sites
	-> Printing at chr: SczhEnG_2518 pos:445184 chunknumber 297800 contains 305 sites
	-> Region lookup 652/1139
	-> Printing at chr: SczhEnG_2519 pos:26595 chunknumber 297900 contains 326 sites
	-> Region lookup 653/1139
	-> Printing at chr: SczhEnG_2520 pos:1667 chunknumber 298000 contains 441 sites
	-> Region lookup 654/1139
	-> Printing at chr: SczhEnG_2523 pos:16796 chunknumber 298100 contains 254 sites
	-> Region lookup 655/1139
	-> Printing at chr: SczhEnG_2532 pos:29368 chunknumber 298200 contains 256 sites
	-> Printing at chr: SczhEnG_2532 pos:63014 chunknumber 298300 contains 320 sites
	-> Printing at chr: SczhEnG_2532 pos:97549 chunknumber 298400 contains 253 sites
	-> Printing at chr: SczhEnG_2532 pos:132046 chunknumber 298500 contains 303 sites
	-> Printing at chr: SczhEnG_2532 pos:166740 chunknumber 298600 contains 420 sites
	-> Printing at chr: SczhEnG_2532 pos:199791 chunknumber 298700 contains 299 sites
	-> Printing at chr: SczhEnG_2532 pos:235268 chunknumber 298800 contains 260 sites
	-> Printing at chr: SczhEnG_2532 pos:271093 chunknumber 298900 contains 261 sites
	-> Region lookup 656/1139
	-> Region lookup 657/1139
	-> Printing at chr: SczhEnG_2555 pos:5581 chunknumber 299000 contains 252 sites
	-> Printing at chr: SczhEnG_2555 pos:43246 chunknumber 299100 contains 343 sites
	-> Region lookup 658/1139
	-> Printing at chr: SczhEnG_2555 pos:77687 chunknumber 299200 contains 4 sites
	-> Printing at chr: SczhEnG_2561 pos:39143 chunknumber 299300 contains 327 sites
	-> Printing at chr: SczhEnG_2561 pos:75057 chunknumber 299400 contains 349 sites
	-> Printing at chr: SczhEnG_2561 pos:109942 chunknumber 299500 contains 298 sites
	-> Printing at chr: SczhEnG_2561 pos:145166 chunknumber 299600 contains 251 sites
	-> Printing at chr: SczhEnG_2561 pos:180101 chunknumber 299700 contains 346 sites
	-> Printing at chr: SczhEnG_2561 pos:215949 chunknumber 299800 contains 303 sites
	-> Printing at chr: SczhEnG_2561 pos:250769 chunknumber 299900 contains 252 sites
	-> Printing at chr: SczhEnG_2561 pos:285831 chunknumber 300000 contains 362 sites
	-> Printing at chr: SczhEnG_2561 pos:327411 chunknumber 300100 contains 252 sites
	-> Printing at chr: SczhEnG_2561 pos:356465 chunknumber 300200 contains 261 sites
	-> Printing at chr: SczhEnG_2561 pos:406961 chunknumber 300300 contains 511 sites
	-> Printing at chr: SczhEnG_2561 pos:456073 chunknumber 300400 contains 256 sites
	-> Printing at chr: SczhEnG_2561 pos:485625 chunknumber 300500 contains 252 sites
	-> Printing at chr: SczhEnG_2561 pos:514823 chunknumber 300600 contains 253 sites
	-> Region lookup 659/1139
	-> Printing at chr: SczhEnG_2564 pos:4814 chunknumber 300700 contains 251 sites
	-> Region lookup 660/1139
	-> Printing at chr: SczhEnG_2567 pos:4257 chunknumber 300800 contains 251 sites
	-> Region lookup 661/1139
	-> Printing at chr: SczhEnG_2579 pos:26105 chunknumber 300900 contains 408 sites
	-> Printing at chr: SczhEnG_2579 pos:57664 chunknumber 301000 contains 255 sites
	-> Printing at chr: SczhEnG_2579 pos:92884 chunknumber 301100 contains 506 sites
	-> Printing at chr: SczhEnG_2579 pos:128296 chunknumber 301200 contains 265 sites
	-> Region lookup 662/1139
	-> Region lookup 663/1139
	-> Printing at chr: SczhEnG_2586 pos:8264 chunknumber 301300 contains 272 sites
	-> Printing at chr: SczhEnG_2586 pos:43828 chunknumber 301400 contains 260 sites
	-> Printing at chr: SczhEnG_2586 pos:77456 chunknumber 301500 contains 352 sites
	-> Region lookup 664/1139
	-> Printing at chr: SczhEnG_2589 pos:15294 chunknumber 301600 contains 253 sites
	-> Printing at chr: SczhEnG_2589 pos:48870 chunknumber 301700 contains 291 sites
	-> Printing at chr: SczhEnG_2589 pos:85528 chunknumber 301800 contains 310 sites
	-> Region lookup 665/1139
	-> Printing at chr: SczhEnG_2592 pos:33351 chunknumber 301900 contains 254 sites
	-> Printing at chr: SczhEnG_2592 pos:68248 chunknumber 302000 contains 383 sites
	-> Printing at chr: SczhEnG_2592 pos:104994 chunknumber 302100 contains 374 sites
	-> Printing at chr: SczhEnG_2592 pos:142515 chunknumber 302200 contains 256 sites
	-> Printing at chr: SczhEnG_2592 pos:178235 chunknumber 302300 contains 463 sites
	-> Printing at chr: SczhEnG_2592 pos:215066 chunknumber 302400 contains 452 sites
	-> Printing at chr: SczhEnG_2592 pos:252165 chunknumber 302500 contains 305 sites
	-> Printing at chr: SczhEnG_2592 pos:286124 chunknumber 302600 contains 335 sites
	-> Printing at chr: SczhEnG_2592 pos:325275 chunknumber 302700 contains 288 sites
	-> Printing at chr: SczhEnG_2592 pos:359376 chunknumber 302800 contains 254 sites
	-> Printing at chr: SczhEnG_2592 pos:393333 chunknumber 302900 contains 443 sites
	-> Printing at chr: SczhEnG_2592 pos:425802 chunknumber 303000 contains 337 sites
	-> Printing at chr: SczhEnG_2592 pos:459961 chunknumber 303100 contains 529 sites
	-> Printing at chr: SczhEnG_2592 pos:498925 chunknumber 303200 contains 548 sites
	-> Printing at chr: SczhEnG_2592 pos:534668 chunknumber 303300 contains 253 sites
	-> Region lookup 666/1139
	-> Printing at chr: SczhEnG_2601 pos:25299 chunknumber 303400 contains 378 sites
	-> Region lookup 667/1139
	-> Region lookup 668/1139
	-> Printing at chr: SczhEnG_2609 pos:6831 chunknumber 303500 contains 263 sites
	-> Region lookup 669/1139
	-> Printing at chr: SczhEnG_2612 pos:15992 chunknumber 303600 contains 255 sites
	-> Region lookup 670/1139
	-> Printing at chr: SczhEnG_2618 pos:19183 chunknumber 303700 contains 252 sites
	-> Region lookup 671/1139
	-> Region lookup 672/1139
	-> Printing at chr: SczhEnG_2623 pos:18983 chunknumber 303800 contains 320 sites
	-> Printing at chr: SczhEnG_2623 pos:59648 chunknumber 303900 contains 348 sites
	-> Printing at chr: SczhEnG_2623 pos:93803 chunknumber 304000 contains 179 sites
	-> Printing at chr: SczhEnG_2623 pos:128100 chunknumber 304100 contains 352 sites
	-> Printing at chr: SczhEnG_2623 pos:162721 chunknumber 304200 contains 265 sites
	-> Printing at chr: SczhEnG_2623 pos:197055 chunknumber 304300 contains 365 sites
	-> Printing at chr: SczhEnG_2623 pos:233456 chunknumber 304400 contains 383 sites
	-> Printing at chr: SczhEnG_2623 pos:265765 chunknumber 304500 contains 394 sites
	-> Printing at chr: SczhEnG_2623 pos:299664 chunknumber 304600 contains 468 sites
	-> Region lookup 673/1139
	-> Printing at chr: SczhEnG_2626 pos:3431 chunknumber 304700 contains 275 sites
	-> Printing at chr: SczhEnG_2626 pos:40081 chunknumber 304800 contains 288 sites
	-> Printing at chr: SczhEnG_2626 pos:74087 chunknumber 304900 contains 274 sites
	-> Region lookup 674/1139
	-> Printing at chr: SczhEnG_2627 pos:7341 chunknumber 305000 contains 261 sites
	-> Region lookup 675/1139
	-> Region lookup 676/1139
	-> Region lookup 677/1139
	-> Printing at chr: SczhEnG_2650 pos:7302 chunknumber 305100 contains 254 sites
	-> Region lookup 678/1139
	-> Printing at chr: SczhEnG_2662 pos:3875 chunknumber 305200 contains 307 sites
	-> Printing at chr: SczhEnG_2662 pos:39128 chunknumber 305300 contains 296 sites
	-> Printing at chr: SczhEnG_2662 pos:74176 chunknumber 305400 contains 282 sites
	-> Printing at chr: SczhEnG_2662 pos:109507 chunknumber 305500 contains 374 sites
	-> Region lookup 679/1139
	-> Printing at chr: SczhEnG_2680 pos:7891 chunknumber 305600 contains 253 sites
	-> Printing at chr: SczhEnG_2680 pos:48259 chunknumber 305700 contains 416 sites
	-> Region lookup 680/1139
	-> Printing at chr: SczhEnG_2686 pos:14483 chunknumber 305800 contains 253 sites
	-> Printing at chr: SczhEnG_2686 pos:48523 chunknumber 305900 contains 255 sites
	-> Printing at chr: SczhEnG_2686 pos:83716 chunknumber 306000 contains 429 sites
	-> Region lookup 681/1139
	-> Printing at chr: SczhEnG_2687 pos:11216 chunknumber 306100 contains 255 sites
	-> Printing at chr: SczhEnG_2687 pos:45761 chunknumber 306200 contains 251 sites
	-> Printing at chr: SczhEnG_2687 pos:81768 chunknumber 306300 contains 252 sites
	-> Region lookup 682/1139
	-> Printing at chr: SczhEnG_2694 pos:29631 chunknumber 306400 contains 380 sites
	-> Printing at chr: SczhEnG_2694 pos:76800 chunknumber 306500 contains 299 sites
	-> Printing at chr: SczhEnG_2694 pos:110945 chunknumber 306600 contains 265 sites
	-> Printing at chr: SczhEnG_2694 pos:148681 chunknumber 306700 contains 284 sites
	-> Region lookup 683/1139
	-> Printing at chr: SczhEnG_2697 pos:16896 chunknumber 306800 contains 265 sites
	-> Printing at chr: SczhEnG_2697 pos:47810 chunknumber 306900 contains 252 sites
	-> Region lookup 684/1139
	-> Printing at chr: SczhEnG_2699 pos:54405 chunknumber 307000 contains 353 sites
	-> Printing at chr: SczhEnG_2699 pos:84989 chunknumber 307100 contains 342 sites
	-> Region lookup 685/1139
	-> Printing at chr: SczhEnG_2704 pos:8836 chunknumber 307200 contains 368 sites
	-> Printing at chr: SczhEnG_2704 pos:37946 chunknumber 307300 contains 252 sites
	-> Region lookup 686/1139
	-> Printing at chr: SczhEnG_2707 pos:15811 chunknumber 307400 contains 260 sites
	-> Region lookup 687/1139
	-> Printing at chr: SczhEnG_2709 pos:39797 chunknumber 307500 contains 267 sites
	-> Printing at chr: SczhEnG_2709 pos:77138 chunknumber 307600 contains 450 sites
	-> Printing at chr: SczhEnG_2709 pos:118818 chunknumber 307700 contains 252 sites
	-> Printing at chr: SczhEnG_2709 pos:157567 chunknumber 307800 contains 970 sites
	-> Region lookup 688/1139
	-> Printing at chr: SczhEnG_2712 pos:6851 chunknumber 307900 contains 451 sites
	-> Printing at chr: SczhEnG_2712 pos:40662 chunknumber 308000 contains 251 sites
	-> Printing at chr: SczhEnG_2712 pos:88898 chunknumber 308100 contains 255 sites
	-> Printing at chr: SczhEnG_2712 pos:124185 chunknumber 308200 contains 258 sites
	-> Printing at chr: SczhEnG_2712 pos:159132 chunknumber 308300 contains 348 sites
	-> Printing at chr: SczhEnG_2712 pos:193666 chunknumber 308400 contains 341 sites
	-> Printing at chr: SczhEnG_2712 pos:229821 chunknumber 308500 contains 251 sites
	-> Printing at chr: SczhEnG_2712 pos:265850 chunknumber 308600 contains 262 sites
	-> Printing at chr: SczhEnG_2712 pos:300967 chunknumber 308700 contains 432 sites
	-> Printing at chr: SczhEnG_2712 pos:335976 chunknumber 308800 contains 391 sites
	-> Printing at chr: SczhEnG_2712 pos:369317 chunknumber 308900 contains 251 sites
	-> Printing at chr: SczhEnG_2712 pos:403726 chunknumber 309000 contains 321 sites
	-> Printing at chr: SczhEnG_2712 pos:450017 chunknumber 309100 contains 260 sites
	-> Printing at chr: SczhEnG_2712 pos:495265 chunknumber 309200 contains 293 sites
	-> Printing at chr: SczhEnG_2712 pos:530217 chunknumber 309300 contains 343 sites
	-> Printing at chr: SczhEnG_2712 pos:564212 chunknumber 309400 contains 488 sites
	-> Printing at chr: SczhEnG_2712 pos:601637 chunknumber 309500 contains 306 sites
	-> Printing at chr: SczhEnG_2712 pos:637349 chunknumber 309600 contains 378 sites
	-> Printing at chr: SczhEnG_2712 pos:671657 chunknumber 309700 contains 371 sites
	-> Printing at chr: SczhEnG_2712 pos:706294 chunknumber 309800 contains 252 sites
	-> Printing at chr: SczhEnG_2712 pos:741288 chunknumber 309900 contains 256 sites
	-> Printing at chr: SczhEnG_2712 pos:776043 chunknumber 310000 contains 467 sites
	-> Printing at chr: SczhEnG_2712 pos:810584 chunknumber 310100 contains 314 sites
	-> Printing at chr: SczhEnG_2712 pos:845029 chunknumber 310200 contains 332 sites
	-> Printing at chr: SczhEnG_2712 pos:883867 chunknumber 310300 contains 306 sites
	-> Printing at chr: SczhEnG_2712 pos:917995 chunknumber 310400 contains 375 sites
	-> Printing at chr: SczhEnG_2712 pos:954712 chunknumber 310500 contains 360 sites
	-> Printing at chr: SczhEnG_2712 pos:987841 chunknumber 310600 contains 345 sites
	-> Printing at chr: SczhEnG_2712 pos:1022296 chunknumber 310700 contains 498 sites
	-> Printing at chr: SczhEnG_2712 pos:1056454 chunknumber 310800 contains 360 sites
	-> Printing at chr: SczhEnG_2712 pos:1091956 chunknumber 310900 contains 324 sites
	-> Printing at chr: SczhEnG_2712 pos:1127815 chunknumber 311000 contains 252 sites
	-> Printing at chr: SczhEnG_2712 pos:1163462 chunknumber 311100 contains 308 sites
	-> Printing at chr: SczhEnG_2712 pos:1200185 chunknumber 311200 contains 318 sites
	-> Printing at chr: SczhEnG_2712 pos:1233849 chunknumber 311300 contains 316 sites
	-> Printing at chr: SczhEnG_2712 pos:1268505 chunknumber 311400 contains 256 sites
	-> Printing at chr: SczhEnG_2712 pos:1303480 chunknumber 311500 contains 347 sites
	-> Printing at chr: SczhEnG_2712 pos:1335892 chunknumber 311600 contains 503 sites
	-> Printing at chr: SczhEnG_2712 pos:1371014 chunknumber 311700 contains 276 sites
	-> Printing at chr: SczhEnG_2712 pos:1407716 chunknumber 311800 contains 264 sites
	-> Printing at chr: SczhEnG_2712 pos:1443798 chunknumber 311900 contains 287 sites
	-> Printing at chr: SczhEnG_2712 pos:1477589 chunknumber 312000 contains 251 sites
	-> Printing at chr: SczhEnG_2712 pos:1512201 chunknumber 312100 contains 373 sites
	-> Printing at chr: SczhEnG_2712 pos:1547670 chunknumber 312200 contains 636 sites
	-> Printing at chr: SczhEnG_2712 pos:1582725 chunknumber 312300 contains 230 sites
	-> Printing at chr: SczhEnG_2712 pos:1623700 chunknumber 312400 contains 440 sites
	-> Printing at chr: SczhEnG_2712 pos:1660631 chunknumber 312500 contains 251 sites
	-> Printing at chr: SczhEnG_2712 pos:1697979 chunknumber 312600 contains 399 sites
	-> Printing at chr: SczhEnG_2712 pos:1733989 chunknumber 312700 contains 352 sites
	-> Printing at chr: SczhEnG_2712 pos:1770125 chunknumber 312800 contains 285 sites
	-> Printing at chr: SczhEnG_2712 pos:1804740 chunknumber 312900 contains 508 sites
	-> Printing at chr: SczhEnG_2712 pos:1840962 chunknumber 313000 contains 344 sites
	-> Printing at chr: SczhEnG_2712 pos:1874758 chunknumber 313100 contains 272 sites
	-> Printing at chr: SczhEnG_2712 pos:1912082 chunknumber 313200 contains 411 sites
	-> Region lookup 689/1139
	-> Printing at chr: SczhEnG_2714 pos:5909 chunknumber 313300 contains 255 sites
	-> Printing at chr: SczhEnG_2714 pos:39873 chunknumber 313400 contains 342 sites
	-> Printing at chr: SczhEnG_2714 pos:72593 chunknumber 313500 contains 286 sites
	-> Printing at chr: SczhEnG_2714 pos:113107 chunknumber 313600 contains 398 sites
	-> Printing at chr: SczhEnG_2714 pos:150590 chunknumber 313700 contains 353 sites
	-> Region lookup 690/1139
	-> Printing at chr: SczhEnG_2715 pos:2723 chunknumber 313800 contains 327 sites
	-> Region lookup 691/1139
	-> Printing at chr: SczhEnG_2717 pos:1 chunknumber 313900 contains 252 sites
	-> Printing at chr: SczhEnG_2717 pos:30690 chunknumber 314000 contains 260 sites
	-> Region lookup 692/1139
	-> Printing at chr: SczhEnG_2719 pos:4668 chunknumber 314100 contains 313 sites
	-> Printing at chr: SczhEnG_2719 pos:41479 chunknumber 314200 contains 260 sites
	-> Region lookup 693/1139
	-> Printing at chr: SczhEnG_2726 pos:11680 chunknumber 314300 contains 315 sites
	-> Region lookup 694/1139
	-> Printing at chr: SczhEnG_2727 pos:25198 chunknumber 314400 contains 376 sites
	-> Printing at chr: SczhEnG_2727 pos:60610 chunknumber 314500 contains 315 sites
	-> Printing at chr: SczhEnG_2727 pos:94525 chunknumber 314600 contains 254 sites
	-> Printing at chr: SczhEnG_2727 pos:129634 chunknumber 314700 contains 331 sites
	-> Printing at chr: SczhEnG_2727 pos:162793 chunknumber 314800 contains 277 sites
	-> Printing at chr: SczhEnG_2727 pos:198863 chunknumber 314900 contains 318 sites
	-> Printing at chr: SczhEnG_2727 pos:236237 chunknumber 315000 contains 289 sites
	-> Printing at chr: SczhEnG_2727 pos:269276 chunknumber 315100 contains 480 sites
	-> Printing at chr: SczhEnG_2727 pos:304197 chunknumber 315200 contains 252 sites
	-> Printing at chr: SczhEnG_2727 pos:332183 chunknumber 315300 contains 267 sites
	-> Printing at chr: SczhEnG_2727 pos:365468 chunknumber 315400 contains 353 sites
	-> Printing at chr: SczhEnG_2727 pos:394753 chunknumber 315500 contains 251 sites
	-> Printing at chr: SczhEnG_2727 pos:423735 chunknumber 315600 contains 261 sites
	-> Printing at chr: SczhEnG_2727 pos:450390 chunknumber 315700 contains 259 sites
	-> Printing at chr: SczhEnG_2727 pos:479014 chunknumber 315800 contains 251 sites
	-> Printing at chr: SczhEnG_2727 pos:505380 chunknumber 315900 contains 252 sites
	-> Printing at chr: SczhEnG_2727 pos:532756 chunknumber 316000 contains 256 sites
	-> Region lookup 695/1139
	-> Printing at chr: SczhEnG_2729 pos:41735 chunknumber 316100 contains 372 sites
	-> Printing at chr: SczhEnG_2729 pos:77194 chunknumber 316200 contains 552 sites
	-> Printing at chr: SczhEnG_2729 pos:112244 chunknumber 316300 contains 409 sites
	-> Printing at chr: SczhEnG_2729 pos:147316 chunknumber 316400 contains 403 sites
	-> Printing at chr: SczhEnG_2729 pos:182687 chunknumber 316500 contains 284 sites
	-> Region lookup 696/1139
	-> Printing at chr: SczhEnG_2732 pos:23488 chunknumber 316600 contains 375 sites
	-> Printing at chr: SczhEnG_2732 pos:63725 chunknumber 316700 contains 896 sites
	-> Region lookup 697/1139
	-> Printing at chr: SczhEnG_2738 pos:6555 chunknumber 316800 contains 274 sites
	-> Region lookup 698/1139
	-> Printing at chr: SczhEnG_2740 pos:11311 chunknumber 316900 contains 333 sites
	-> Printing at chr: SczhEnG_2740 pos:49882 chunknumber 317000 contains 391 sites
	-> Printing at chr: SczhEnG_2740 pos:82832 chunknumber 317100 contains 478 sites
	-> Printing at chr: SczhEnG_2740 pos:118284 chunknumber 317200 contains 296 sites
	-> Printing at chr: SczhEnG_2740 pos:154044 chunknumber 317300 contains 305 sites
	-> Printing at chr: SczhEnG_2740 pos:189050 chunknumber 317400 contains 315 sites
	-> Printing at chr: SczhEnG_2740 pos:222273 chunknumber 317500 contains 251 sites
	-> Printing at chr: SczhEnG_2740 pos:260348 chunknumber 317600 contains 343 sites
	-> Printing at chr: SczhEnG_2740 pos:300078 chunknumber 317700 contains 254 sites
	-> Printing at chr: SczhEnG_2740 pos:347026 chunknumber 317800 contains 309 sites
	-> Printing at chr: SczhEnG_2740 pos:382307 chunknumber 317900 contains 373 sites
	-> Printing at chr: SczhEnG_2740 pos:417152 chunknumber 318000 contains 349 sites
	-> Printing at chr: SczhEnG_2740 pos:451475 chunknumber 318100 contains 266 sites
	-> Region lookup 699/1139
	-> Printing at chr: SczhEnG_2745 pos:18637 chunknumber 318200 contains 252 sites
	-> Printing at chr: SczhEnG_2745 pos:54725 chunknumber 318300 contains 370 sites
	-> Printing at chr: SczhEnG_2745 pos:87694 chunknumber 318400 contains 381 sites
	-> Printing at chr: SczhEnG_2745 pos:121174 chunknumber 318500 contains 413 sites
	-> Printing at chr: SczhEnG_2745 pos:152635 chunknumber 318600 contains 134 sites
	-> Printing at chr: SczhEnG_2745 pos:187497 chunknumber 318700 contains 454 sites
	-> Printing at chr: SczhEnG_2745 pos:223038 chunknumber 318800 contains 268 sites
	-> Printing at chr: SczhEnG_2745 pos:257257 chunknumber 318900 contains 329 sites
	-> Printing at chr: SczhEnG_2745 pos:292040 chunknumber 319000 contains 256 sites
	-> Printing at chr: SczhEnG_2745 pos:327577 chunknumber 319100 contains 252 sites
	-> Printing at chr: SczhEnG_2745 pos:364478 chunknumber 319200 contains 553 sites
	-> Printing at chr: SczhEnG_2745 pos:401224 chunknumber 319300 contains 252 sites
	-> Printing at chr: SczhEnG_2745 pos:436056 chunknumber 319400 contains 283 sites
	-> Printing at chr: SczhEnG_2745 pos:471737 chunknumber 319500 contains 252 sites
	-> Printing at chr: SczhEnG_2745 pos:508481 chunknumber 319600 contains 251 sites
	-> Printing at chr: SczhEnG_2745 pos:543588 chunknumber 319700 contains 344 sites
	-> Printing at chr: SczhEnG_2745 pos:576431 chunknumber 319800 contains 479 sites
	-> Printing at chr: SczhEnG_2745 pos:609747 chunknumber 319900 contains 253 sites
	-> Printing at chr: SczhEnG_2745 pos:644066 chunknumber 320000 contains 368 sites
	-> Printing at chr: SczhEnG_2745 pos:678699 chunknumber 320100 contains 364 sites
	-> Printing at chr: SczhEnG_2745 pos:716339 chunknumber 320200 contains 529 sites
	-> Printing at chr: SczhEnG_2745 pos:750678 chunknumber 320300 contains 256 sites
	-> Printing at chr: SczhEnG_2745 pos:787685 chunknumber 320400 contains 264 sites
	-> Printing at chr: SczhEnG_2745 pos:825854 chunknumber 320500 contains 256 sites
	-> Printing at chr: SczhEnG_2745 pos:859308 chunknumber 320600 contains 261 sites
	-> Printing at chr: SczhEnG_2745 pos:894089 chunknumber 320700 contains 361 sites
	-> Printing at chr: SczhEnG_2745 pos:929460 chunknumber 320800 contains 446 sites
	-> Printing at chr: SczhEnG_2745 pos:965692 chunknumber 320900 contains 322 sites
	-> Printing at chr: SczhEnG_2745 pos:1001062 chunknumber 321000 contains 316 sites
	-> Printing at chr: SczhEnG_2745 pos:1034511 chunknumber 321100 contains 314 sites
	-> Printing at chr: SczhEnG_2745 pos:1070783 chunknumber 321200 contains 315 sites
	-> Printing at chr: SczhEnG_2745 pos:1105511 chunknumber 321300 contains 261 sites
	-> Region lookup 700/1139
	-> Printing at chr: SczhEnG_2746 pos:15862 chunknumber 321400 contains 446 sites
	-> Printing at chr: SczhEnG_2746 pos:50862 chunknumber 321500 contains 439 sites
	-> Printing at chr: SczhEnG_2746 pos:84149 chunknumber 321600 contains 358 sites
	-> Printing at chr: SczhEnG_2746 pos:120486 chunknumber 321700 contains 287 sites
	-> Region lookup 701/1139
	-> Printing at chr: SczhEnG_2747 pos:31130 chunknumber 321800 contains 405 sites
	-> Region lookup 702/1139
	-> Printing at chr: SczhEnG_2748 pos:31990 chunknumber 321900 contains 337 sites
	-> Printing at chr: SczhEnG_2748 pos:66432 chunknumber 322000 contains 345 sites
	-> Printing at chr: SczhEnG_2748 pos:100908 chunknumber 322100 contains 255 sites
	-> Region lookup 703/1139
	-> Printing at chr: SczhEnG_2749 pos:32017 chunknumber 322200 contains 345 sites
	-> Printing at chr: SczhEnG_2749 pos:67441 chunknumber 322300 contains 254 sites
	-> Printing at chr: SczhEnG_2749 pos:104815 chunknumber 322400 contains 456 sites
	-> Printing at chr: SczhEnG_2749 pos:143456 chunknumber 322500 contains 277 sites
	-> Printing at chr: SczhEnG_2749 pos:181426 chunknumber 322600 contains 406 sites
	-> Printing at chr: SczhEnG_2749 pos:216363 chunknumber 322700 contains 259 sites
	-> Printing at chr: SczhEnG_2749 pos:251147 chunknumber 322800 contains 367 sites
	-> Printing at chr: SczhEnG_2749 pos:286445 chunknumber 322900 contains 324 sites
	-> Printing at chr: SczhEnG_2749 pos:318579 chunknumber 323000 contains 341 sites
	-> Printing at chr: SczhEnG_2749 pos:354862 chunknumber 323100 contains 253 sites
	-> Region lookup 704/1139
	-> Printing at chr: SczhEnG_2760 pos:2280 chunknumber 323200 contains 236 sites
	-> Printing at chr: SczhEnG_2760 pos:55199 chunknumber 323300 contains 254 sites
	-> Printing at chr: SczhEnG_2760 pos:90066 chunknumber 323400 contains 137 sites
	-> Printing at chr: SczhEnG_2760 pos:127120 chunknumber 323500 contains 396 sites
	-> Printing at chr: SczhEnG_2760 pos:163460 chunknumber 323600 contains 286 sites
	-> Printing at chr: SczhEnG_2760 pos:199466 chunknumber 323700 contains 292 sites
	-> Printing at chr: SczhEnG_2760 pos:234205 chunknumber 323800 contains 331 sites
	-> Printing at chr: SczhEnG_2760 pos:266935 chunknumber 323900 contains 376 sites
	-> Region lookup 705/1139
	-> Printing at chr: SczhEnG_2762 pos:26285 chunknumber 324000 contains 315 sites
	-> Region lookup 706/1139
	-> Printing at chr: SczhEnG_2766 pos:42267 chunknumber 324100 contains 674 sites
	-> Region lookup 707/1139
	-> Region lookup 708/1139
	-> Printing at chr: SczhEnG_2768 pos:1897 chunknumber 324200 contains 252 sites
	-> Region lookup 709/1139
	-> Printing at chr: SczhEnG_2771 pos:5329 chunknumber 324300 contains 259 sites
	-> Region lookup 710/1139
	-> Printing at chr: SczhEnG_2777 pos:19829 chunknumber 324400 contains 386 sites
	-> Printing at chr: SczhEnG_2777 pos:53563 chunknumber 324500 contains 328 sites
	-> Region lookup 711/1139
	-> Printing at chr: SczhEnG_2781 pos:27564 chunknumber 324600 contains 252 sites
	-> Printing at chr: SczhEnG_2781 pos:62627 chunknumber 324700 contains 297 sites
	-> Printing at chr: SczhEnG_2781 pos:99068 chunknumber 324800 contains 503 sites
	-> Printing at chr: SczhEnG_2781 pos:135104 chunknumber 324900 contains 286 sites
	-> Printing at chr: SczhEnG_2781 pos:168590 chunknumber 325000 contains 326 sites
	-> Printing at chr: SczhEnG_2781 pos:204586 chunknumber 325100 contains 502 sites
	-> Printing at chr: SczhEnG_2781 pos:241652 chunknumber 325200 contains 281 sites
	-> Region lookup 712/1139
	-> Printing at chr: SczhEnG_2782 pos:26132 chunknumber 325300 contains 428 sites
	-> Region lookup 713/1139
	-> Printing at chr: SczhEnG_2784 pos:10090 chunknumber 325400 contains 258 sites
	-> Region lookup 714/1139
	-> Printing at chr: SczhEnG_2785 pos:1066 chunknumber 325500 contains 251 sites
	-> Region lookup 715/1139
	-> Printing at chr: SczhEnG_2790 pos:10285 chunknumber 325600 contains 402 sites
	-> Region lookup 716/1139
	-> Printing at chr: SczhEnG_2791 pos:9601 chunknumber 325700 contains 251 sites
	-> Printing at chr: SczhEnG_2791 pos:45755 chunknumber 325800 contains 331 sites
	-> Printing at chr: SczhEnG_2791 pos:84452 chunknumber 325900 contains 258 sites
	-> Printing at chr: SczhEnG_2791 pos:119692 chunknumber 326000 contains 394 sites
	-> Printing at chr: SczhEnG_2791 pos:156843 chunknumber 326100 contains 387 sites
	-> Printing at chr: SczhEnG_2791 pos:191226 chunknumber 326200 contains 252 sites
	-> Printing at chr: SczhEnG_2791 pos:229025 chunknumber 326300 contains 283 sites
	-> Printing at chr: SczhEnG_2791 pos:263553 chunknumber 326400 contains 350 sites
	-> Printing at chr: SczhEnG_2791 pos:299701 chunknumber 326500 contains 351 sites
	-> Printing at chr: SczhEnG_2791 pos:332816 chunknumber 326600 contains 254 sites
	-> Printing at chr: SczhEnG_2791 pos:366243 chunknumber 326700 contains 288 sites
	-> Printing at chr: SczhEnG_2791 pos:400697 chunknumber 326800 contains 325 sites
	-> Printing at chr: SczhEnG_2791 pos:434524 chunknumber 326900 contains 359 sites
	-> Printing at chr: SczhEnG_2791 pos:469867 chunknumber 327000 contains 258 sites
	-> Printing at chr: SczhEnG_2791 pos:507571 chunknumber 327100 contains 354 sites
	-> Printing at chr: SczhEnG_2791 pos:542866 chunknumber 327200 contains 334 sites
	-> Printing at chr: SczhEnG_2791 pos:580528 chunknumber 327300 contains 321 sites
	-> Printing at chr: SczhEnG_2791 pos:614818 chunknumber 327400 contains 328 sites
	-> Printing at chr: SczhEnG_2791 pos:648722 chunknumber 327500 contains 326 sites
	-> Printing at chr: SczhEnG_2791 pos:683173 chunknumber 327600 contains 257 sites
	-> Printing at chr: SczhEnG_2791 pos:721549 chunknumber 327700 contains 333 sites
	-> Printing at chr: SczhEnG_2791 pos:758209 chunknumber 327800 contains 251 sites
	-> Region lookup 717/1139
	-> Printing at chr: SczhEnG_2792 pos:33763 chunknumber 327900 contains 251 sites
	-> Region lookup 718/1139
	-> Region lookup 719/1139
	-> Printing at chr: SczhEnG_2795 pos:6862 chunknumber 328000 contains 296 sites
	-> Printing at chr: SczhEnG_2795 pos:48081 chunknumber 328100 contains 251 sites
	-> Printing at chr: SczhEnG_2795 pos:90661 chunknumber 328200 contains 276 sites
	-> Region lookup 720/1139
	-> Printing at chr: SczhEnG_2799 pos:30844 chunknumber 328300 contains 351 sites
	-> Printing at chr: SczhEnG_2799 pos:68237 chunknumber 328400 contains 252 sites
	-> Printing at chr: SczhEnG_2799 pos:97288 chunknumber 328500 contains 252 sites
	-> Printing at chr: SczhEnG_2799 pos:126093 chunknumber 328600 contains 261 sites
	-> Region lookup 721/1139
	-> Region lookup 722/1139
	-> Printing at chr: SczhEnG_2805 pos:12948 chunknumber 328700 contains 362 sites
	-> Region lookup 723/1139
	-> Printing at chr: SczhEnG_2809 pos:36023 chunknumber 328800 contains 251 sites
	-> Region lookup 724/1139
	-> Printing at chr: SczhEnG_2815 pos:41720 chunknumber 328900 contains 251 sites
	-> Region lookup 725/1139
	-> Region lookup 726/1139
	-> Printing at chr: SczhEnG_2820 pos:7684 chunknumber 329000 contains 329 sites
	-> Printing at chr: SczhEnG_2820 pos:41949 chunknumber 329100 contains 427 sites
	-> Printing at chr: SczhEnG_2820 pos:80160 chunknumber 329200 contains 447 sites
	-> Printing at chr: SczhEnG_2820 pos:114000 chunknumber 329300 contains 343 sites
	-> Printing at chr: SczhEnG_2820 pos:147485 chunknumber 329400 contains 255 sites
	-> Printing at chr: SczhEnG_2820 pos:186404 chunknumber 329500 contains 263 sites
	-> Printing at chr: SczhEnG_2820 pos:223578 chunknumber 329600 contains 564 sites
	-> Printing at chr: SczhEnG_2820 pos:259039 chunknumber 329700 contains 393 sites
	-> Printing at chr: SczhEnG_2820 pos:292656 chunknumber 329800 contains 426 sites
	-> Printing at chr: SczhEnG_2820 pos:328000 chunknumber 329900 contains 499 sites
	-> Printing at chr: SczhEnG_2820 pos:361527 chunknumber 330000 contains 252 sites
	-> Printing at chr: SczhEnG_2820 pos:395795 chunknumber 330100 contains 549 sites
	-> Region lookup 727/1139
	-> Printing at chr: SczhEnG_2823 pos:33205 chunknumber 330200 contains 309 sites
	-> Printing at chr: SczhEnG_2823 pos:67280 chunknumber 330300 contains 484 sites
	-> Printing at chr: SczhEnG_2823 pos:101885 chunknumber 330400 contains 414 sites
	-> Printing at chr: SczhEnG_2823 pos:137556 chunknumber 330500 contains 333 sites
	-> Printing at chr: SczhEnG_2823 pos:170674 chunknumber 330600 contains 255 sites
	-> Printing at chr: SczhEnG_2823 pos:204908 chunknumber 330700 contains 386 sites
	-> Printing at chr: SczhEnG_2823 pos:236520 chunknumber 330800 contains 254 sites
	-> Printing at chr: SczhEnG_2823 pos:271653 chunknumber 330900 contains 273 sites
	-> Printing at chr: SczhEnG_2823 pos:309837 chunknumber 331000 contains 334 sites
	-> Region lookup 728/1139
	-> Printing at chr: SczhEnG_2824 pos:31192 chunknumber 331100 contains 279 sites
	-> Printing at chr: SczhEnG_2824 pos:66291 chunknumber 331200 contains 286 sites
	-> Printing at chr: SczhEnG_2824 pos:102044 chunknumber 331300 contains 346 sites
	-> Printing at chr: SczhEnG_2824 pos:137097 chunknumber 331400 contains 251 sites
	-> Printing at chr: SczhEnG_2824 pos:169807 chunknumber 331500 contains 336 sites
	-> Printing at chr: SczhEnG_2824 pos:204994 chunknumber 331600 contains 304 sites
	-> Printing at chr: SczhEnG_2824 pos:239210 chunknumber 331700 contains 364 sites
	-> Printing at chr: SczhEnG_2824 pos:272459 chunknumber 331800 contains 265 sites
	-> Printing at chr: SczhEnG_2824 pos:305080 chunknumber 331900 contains 315 sites
	-> Region lookup 729/1139
	-> Printing at chr: SczhEnG_2825 pos:23848 chunknumber 332000 contains 315 sites
	-> Printing at chr: SczhEnG_2825 pos:58246 chunknumber 332100 contains 333 sites
	-> Printing at chr: SczhEnG_2825 pos:94356 chunknumber 332200 contains 256 sites
	-> Printing at chr: SczhEnG_2825 pos:128692 chunknumber 332300 contains 315 sites
	-> Printing at chr: SczhEnG_2825 pos:163958 chunknumber 332400 contains 400 sites
	-> Printing at chr: SczhEnG_2825 pos:199643 chunknumber 332500 contains 252 sites
	-> Printing at chr: SczhEnG_2825 pos:235443 chunknumber 332600 contains 258 sites
	-> Printing at chr: SczhEnG_2825 pos:273772 chunknumber 332700 contains 526 sites
	-> Printing at chr: SczhEnG_2825 pos:310805 chunknumber 332800 contains 258 sites
	-> Printing at chr: SczhEnG_2825 pos:345085 chunknumber 332900 contains 448 sites
	-> Printing at chr: SczhEnG_2825 pos:381952 chunknumber 333000 contains 343 sites
	-> Printing at chr: SczhEnG_2825 pos:416459 chunknumber 333100 contains 421 sites
	-> Printing at chr: SczhEnG_2825 pos:452870 chunknumber 333200 contains 255 sites
	-> Printing at chr: SczhEnG_2825 pos:490441 chunknumber 333300 contains 259 sites
	-> Region lookup 730/1139
	-> Region lookup 731/1139
	-> Printing at chr: SczhEnG_2830 pos:1562 chunknumber 333400 contains 251 sites
	-> Printing at chr: SczhEnG_2830 pos:38301 chunknumber 333500 contains 457 sites
	-> Printing at chr: SczhEnG_2830 pos:73828 chunknumber 333600 contains 370 sites
	-> Printing at chr: SczhEnG_2830 pos:109020 chunknumber 333700 contains 316 sites
	-> Region lookup 732/1139
	-> Printing at chr: SczhEnG_2834 pos:11119 chunknumber 333800 contains 442 sites
	-> Printing at chr: SczhEnG_2834 pos:47925 chunknumber 333900 contains 654 sites
	-> Region lookup 733/1139
	-> Printing at chr: SczhEnG_2836 pos:38013 chunknumber 334000 contains 262 sites
	-> Printing at chr: SczhEnG_2836 pos:74285 chunknumber 334100 contains 344 sites
	-> Printing at chr: SczhEnG_2836 pos:117513 chunknumber 334200 contains 312 sites
	-> Printing at chr: SczhEnG_2836 pos:175161 chunknumber 334300 contains 469 sites
	-> Printing at chr: SczhEnG_2836 pos:211889 chunknumber 334400 contains 297 sites
	-> Region lookup 734/1139
	-> Printing at chr: SczhEnG_2838 pos:7892 chunknumber 334500 contains 397 sites
	-> Printing at chr: SczhEnG_2838 pos:42072 chunknumber 334600 contains 319 sites
	-> Printing at chr: SczhEnG_2838 pos:74884 chunknumber 334700 contains 360 sites
	-> Printing at chr: SczhEnG_2838 pos:111216 chunknumber 334800 contains 252 sites
	-> Printing at chr: SczhEnG_2838 pos:145326 chunknumber 334900 contains 394 sites
	-> Printing at chr: SczhEnG_2838 pos:181662 chunknumber 335000 contains 370 sites
	-> Printing at chr: SczhEnG_2838 pos:214781 chunknumber 335100 contains 260 sites
	-> Region lookup 735/1139
	-> Printing at chr: SczhEnG_2844 pos:1177 chunknumber 335200 contains 388 sites
	-> Printing at chr: SczhEnG_2844 pos:37820 chunknumber 335300 contains 251 sites
	-> Printing at chr: SczhEnG_2844 pos:72953 chunknumber 335400 contains 288 sites
	-> Printing at chr: SczhEnG_2844 pos:107114 chunknumber 335500 contains 253 sites
	-> Printing at chr: SczhEnG_2844 pos:138509 chunknumber 335600 contains 256 sites
	-> Printing at chr: SczhEnG_2844 pos:175754 chunknumber 335700 contains 384 sites
	-> Printing at chr: SczhEnG_2844 pos:208442 chunknumber 335800 contains 292 sites
	-> Printing at chr: SczhEnG_2844 pos:242097 chunknumber 335900 contains 256 sites
	-> Printing at chr: SczhEnG_2844 pos:275881 chunknumber 336000 contains 369 sites
	-> Printing at chr: SczhEnG_2844 pos:309332 chunknumber 336100 contains 269 sites
	-> Printing at chr: SczhEnG_2844 pos:344089 chunknumber 336200 contains 327 sites
	-> Printing at chr: SczhEnG_2844 pos:379577 chunknumber 336300 contains 390 sites
	-> Printing at chr: SczhEnG_2844 pos:412389 chunknumber 336400 contains 412 sites
	-> Printing at chr: SczhEnG_2844 pos:446831 chunknumber 336500 contains 271 sites
	-> Printing at chr: SczhEnG_2844 pos:481695 chunknumber 336600 contains 394 sites
	-> Printing at chr: SczhEnG_2844 pos:517052 chunknumber 336700 contains 293 sites
	-> Printing at chr: SczhEnG_2844 pos:549127 chunknumber 336800 contains 381 sites
	-> Printing at chr: SczhEnG_2844 pos:580980 chunknumber 336900 contains 386 sites
	-> Printing at chr: SczhEnG_2844 pos:620468 chunknumber 337000 contains 263 sites
	-> Printing at chr: SczhEnG_2844 pos:657177 chunknumber 337100 contains 256 sites
	-> Printing at chr: SczhEnG_2844 pos:689116 chunknumber 337200 contains 264 sites
	-> Printing at chr: SczhEnG_2844 pos:724311 chunknumber 337300 contains 284 sites
	-> Printing at chr: SczhEnG_2844 pos:757884 chunknumber 337400 contains 336 sites
	-> Printing at chr: SczhEnG_2844 pos:792476 chunknumber 337500 contains 409 sites
	-> Printing at chr: SczhEnG_2844 pos:827060 chunknumber 337600 contains 324 sites
	-> Printing at chr: SczhEnG_2844 pos:860631 chunknumber 337700 contains 305 sites
	-> Printing at chr: SczhEnG_2844 pos:896720 chunknumber 337800 contains 374 sites
	-> Printing at chr: SczhEnG_2844 pos:932203 chunknumber 337900 contains 303 sites
	-> Printing at chr: SczhEnG_2844 pos:965547 chunknumber 338000 contains 337 sites
	-> Printing at chr: SczhEnG_2844 pos:1001401 chunknumber 338100 contains 433 sites
	-> Printing at chr: SczhEnG_2844 pos:1034957 chunknumber 338200 contains 361 sites
	-> Printing at chr: SczhEnG_2844 pos:1070598 chunknumber 338300 contains 263 sites
	-> Printing at chr: SczhEnG_2844 pos:1105276 chunknumber 338400 contains 252 sites
	-> Printing at chr: SczhEnG_2844 pos:1138794 chunknumber 338500 contains 264 sites
	-> Printing at chr: SczhEnG_2844 pos:1172492 chunknumber 338600 contains 264 sites
	-> Printing at chr: SczhEnG_2844 pos:1207951 chunknumber 338700 contains 290 sites
	-> Printing at chr: SczhEnG_2844 pos:1243718 chunknumber 338800 contains 279 sites
	-> Printing at chr: SczhEnG_2844 pos:1276864 chunknumber 338900 contains 252 sites
	-> Printing at chr: SczhEnG_2844 pos:1310688 chunknumber 339000 contains 403 sites
	-> Printing at chr: SczhEnG_2844 pos:1344086 chunknumber 339100 contains 454 sites
	-> Printing at chr: SczhEnG_2844 pos:1380634 chunknumber 339200 contains 387 sites
	-> Printing at chr: SczhEnG_2844 pos:1415858 chunknumber 339300 contains 271 sites
	-> Printing at chr: SczhEnG_2844 pos:1452361 chunknumber 339400 contains 358 sites
	-> Printing at chr: SczhEnG_2844 pos:1485661 chunknumber 339500 contains 356 sites
	-> Region lookup 736/1139
	-> Printing at chr: SczhEnG_2852 pos:21280 chunknumber 339600 contains 252 sites
	-> Printing at chr: SczhEnG_2852 pos:58683 chunknumber 339700 contains 252 sites
	-> Region lookup 737/1139
	-> Printing at chr: SczhEnG_2855 pos:23862 chunknumber 339800 contains 369 sites
	-> Printing at chr: SczhEnG_2855 pos:60194 chunknumber 339900 contains 343 sites
	-> Printing at chr: SczhEnG_2855 pos:93820 chunknumber 340000 contains 251 sites
	-> Region lookup 738/1139
	-> Printing at chr: SczhEnG_2858 pos:22965 chunknumber 340100 contains 418 sites
	-> Printing at chr: SczhEnG_2858 pos:59133 chunknumber 340200 contains 359 sites
	-> Printing at chr: SczhEnG_2858 pos:94315 chunknumber 340300 contains 336 sites
	-> Region lookup 739/1139
	-> Region lookup 740/1139
	-> Printing at chr: SczhEnG_2871 pos:10787 chunknumber 340400 contains 334 sites
	-> Printing at chr: SczhEnG_2871 pos:45801 chunknumber 340500 contains 2061 sites
	-> Region lookup 741/1139
	-> Printing at chr: SczhEnG_2872 pos:22595 chunknumber 340600 contains 743 sites
	-> Printing at chr: SczhEnG_2872 pos:62719 chunknumber 340700 contains 477 sites
	-> Printing at chr: SczhEnG_2872 pos:102094 chunknumber 340800 contains 936 sites
	-> Printing at chr: SczhEnG_2872 pos:142745 chunknumber 340900 contains 396 sites
	-> Printing at chr: SczhEnG_2872 pos:179633 chunknumber 341000 contains 297 sites
	-> Region lookup 742/1139
	-> Printing at chr: SczhEnG_2876 pos:16866 chunknumber 341100 contains 252 sites
	-> Region lookup 743/1139
	-> Printing at chr: SczhEnG_2879 pos:29868 chunknumber 341200 contains 301 sites
	-> Region lookup 744/1139
	-> Printing at chr: SczhEnG_2887 pos:6324 chunknumber 341300 contains 251 sites
	-> Printing at chr: SczhEnG_2887 pos:41122 chunknumber 341400 contains 351 sites
	-> Printing at chr: SczhEnG_2887 pos:74710 chunknumber 341500 contains 252 sites
	-> Printing at chr: SczhEnG_2887 pos:108154 chunknumber 341600 contains 406 sites
	-> Printing at chr: SczhEnG_2887 pos:142974 chunknumber 341700 contains 315 sites
	-> Printing at chr: SczhEnG_2887 pos:177986 chunknumber 341800 contains 272 sites
	-> Printing at chr: SczhEnG_2887 pos:209197 chunknumber 341900 contains 251 sites
	-> Region lookup 745/1139
	-> Region lookup 746/1139
	-> Printing at chr: SczhEnG_2902 pos:1788 chunknumber 342000 contains 260 sites
	-> Printing at chr: SczhEnG_2902 pos:33618 chunknumber 342100 contains 264 sites
	-> Region lookup 747/1139
	-> Printing at chr: SczhEnG_2910 pos:26973 chunknumber 342200 contains 471 sites
	-> Region lookup 748/1139
	-> Printing at chr: SczhEnG_2913 pos:26224 chunknumber 342300 contains 312 sites
	-> Printing at chr: SczhEnG_2913 pos:61158 chunknumber 342400 contains 290 sites
	-> Printing at chr: SczhEnG_2913 pos:93424 chunknumber 342500 contains 276 sites
	-> Printing at chr: SczhEnG_2913 pos:128235 chunknumber 342600 contains 520 sites
	-> Printing at chr: SczhEnG_2913 pos:164814 chunknumber 342700 contains 269 sites
	-> Printing at chr: SczhEnG_2913 pos:199962 chunknumber 342800 contains 414 sites
	-> Printing at chr: SczhEnG_2913 pos:236187 chunknumber 342900 contains 412 sites
	-> Printing at chr: SczhEnG_2913 pos:270039 chunknumber 343000 contains 256 sites
	-> Printing at chr: SczhEnG_2913 pos:305242 chunknumber 343100 contains 324 sites
	-> Printing at chr: SczhEnG_2913 pos:338878 chunknumber 343200 contains 340 sites
	-> Printing at chr: SczhEnG_2913 pos:373379 chunknumber 343300 contains 253 sites
	-> Region lookup 749/1139
	-> Region lookup 750/1139
	-> Printing at chr: SczhEnG_2921 pos:3689 chunknumber 343400 contains 375 sites
	-> Printing at chr: SczhEnG_2921 pos:39825 chunknumber 343500 contains 317 sites
	-> Region lookup 751/1139
	-> Printing at chr: SczhEnG_2924 pos:8408 chunknumber 343600 contains 329 sites
	-> Printing at chr: SczhEnG_2924 pos:44243 chunknumber 343700 contains 257 sites
	-> Printing at chr: SczhEnG_2924 pos:80247 chunknumber 343800 contains 682 sites
	-> Region lookup 752/1139
	-> Printing at chr: SczhEnG_2925 pos:24835 chunknumber 343900 contains 300 sites
	-> Printing at chr: SczhEnG_2925 pos:59801 chunknumber 344000 contains 541 sites
	-> Region lookup 753/1139
	-> Printing at chr: SczhEnG_2926 pos:24248 chunknumber 344100 contains 480 sites
	-> Printing at chr: SczhEnG_2926 pos:59094 chunknumber 344200 contains 293 sites
	-> Printing at chr: SczhEnG_2926 pos:94677 chunknumber 344300 contains 267 sites
	-> Printing at chr: SczhEnG_2926 pos:130812 chunknumber 344400 contains 378 sites
	-> Printing at chr: SczhEnG_2926 pos:164552 chunknumber 344500 contains 388 sites
	-> Printing at chr: SczhEnG_2926 pos:199218 chunknumber 344600 contains 441 sites
	-> Region lookup 754/1139
	-> Printing at chr: SczhEnG_2927 pos:29544 chunknumber 344700 contains 297 sites
	-> Printing at chr: SczhEnG_2927 pos:64664 chunknumber 344800 contains 379 sites
	-> Printing at chr: SczhEnG_2927 pos:98557 chunknumber 344900 contains 284 sites
	-> Printing at chr: SczhEnG_2927 pos:132280 chunknumber 345000 contains 361 sites
	-> Printing at chr: SczhEnG_2927 pos:166173 chunknumber 345100 contains 415 sites
	-> Region lookup 755/1139
	-> Printing at chr: SczhEnG_2929 pos:25279 chunknumber 345200 contains 394 sites
	-> Printing at chr: SczhEnG_2929 pos:58927 chunknumber 345300 contains 333 sites
	-> Printing at chr: SczhEnG_2929 pos:93624 chunknumber 345400 contains 263 sites
	-> Printing at chr: SczhEnG_2929 pos:128318 chunknumber 345500 contains 333 sites
	-> Printing at chr: SczhEnG_2929 pos:162190 chunknumber 345600 contains 324 sites
	-> Printing at chr: SczhEnG_2929 pos:199037 chunknumber 345700 contains 463 sites
	-> Region lookup 756/1139
	-> Printing at chr: SczhEnG_2935 pos:24635 chunknumber 345800 contains 262 sites
	-> Printing at chr: SczhEnG_2935 pos:61549 chunknumber 345900 contains 366 sites
	-> Printing at chr: SczhEnG_2935 pos:100510 chunknumber 346000 contains 383 sites
	-> Region lookup 757/1139
	-> Printing at chr: SczhEnG_2939 pos:26031 chunknumber 346100 contains 449 sites
	-> Printing at chr: SczhEnG_2939 pos:61377 chunknumber 346200 contains 451 sites
	-> Printing at chr: SczhEnG_2939 pos:96950 chunknumber 346300 contains 438 sites
	-> Printing at chr: SczhEnG_2939 pos:133999 chunknumber 346400 contains 346 sites
	-> Printing at chr: SczhEnG_2939 pos:168587 chunknumber 346500 contains 265 sites
	-> Printing at chr: SczhEnG_2939 pos:203481 chunknumber 346600 contains 394 sites
	-> Printing at chr: SczhEnG_2939 pos:238640 chunknumber 346700 contains 281 sites
	-> Printing at chr: SczhEnG_2939 pos:274035 chunknumber 346800 contains 252 sites
	-> Printing at chr: SczhEnG_2939 pos:308111 chunknumber 346900 contains 287 sites
	-> Region lookup 758/1139
	-> Printing at chr: SczhEnG_2941 pos:26327 chunknumber 347000 contains 865 sites
	-> Printing at chr: SczhEnG_2941 pos:84137 chunknumber 347100 contains 1463 sites
	-> Region lookup 759/1139
	-> Printing at chr: SczhEnG_2943 pos:20545 chunknumber 347200 contains 251 sites
	-> Printing at chr: SczhEnG_2943 pos:57234 chunknumber 347300 contains 256 sites
	-> Printing at chr: SczhEnG_2943 pos:90283 chunknumber 347400 contains 325 sites
	-> Region lookup 760/1139
	-> Printing at chr: SczhEnG_2955 pos:5262 chunknumber 347500 contains 311 sites
	-> Printing at chr: SczhEnG_2955 pos:41307 chunknumber 347600 contains 251 sites
	-> Printing at chr: SczhEnG_2955 pos:82435 chunknumber 347700 contains 553 sites
	-> Printing at chr: SczhEnG_2955 pos:116950 chunknumber 347800 contains 302 sites
	-> Printing at chr: SczhEnG_2955 pos:151405 chunknumber 347900 contains 491 sites
	-> Printing at chr: SczhEnG_2955 pos:185509 chunknumber 348000 contains 556 sites
	-> Printing at chr: SczhEnG_2955 pos:217128 chunknumber 348100 contains 254 sites
	-> Printing at chr: SczhEnG_2955 pos:252407 chunknumber 348200 contains 355 sites
	-> Printing at chr: SczhEnG_2955 pos:288283 chunknumber 348300 contains 384 sites
	-> Printing at chr: SczhEnG_2955 pos:318627 chunknumber 348400 contains 272 sites
	-> Printing at chr: SczhEnG_2955 pos:354167 chunknumber 348500 contains 350 sites
	-> Printing at chr: SczhEnG_2955 pos:387968 chunknumber 348600 contains 354 sites
	-> Printing at chr: SczhEnG_2955 pos:423410 chunknumber 348700 contains 418 sites
	-> Printing at chr: SczhEnG_2955 pos:457807 chunknumber 348800 contains 256 sites
	-> Region lookup 761/1139
	-> Printing at chr: SczhEnG_2961 pos:17714 chunknumber 348900 contains 353 sites
	-> Printing at chr: SczhEnG_2961 pos:53691 chunknumber 349000 contains 275 sites
	-> Region lookup 762/1139
	-> Printing at chr: SczhEnG_2962 pos:27976 chunknumber 349100 contains 322 sites
	-> Printing at chr: SczhEnG_2962 pos:61725 chunknumber 349200 contains 260 sites
	-> Printing at chr: SczhEnG_2962 pos:98249 chunknumber 349300 contains 386 sites
	-> Printing at chr: SczhEnG_2962 pos:131571 chunknumber 349400 contains 408 sites
	-> Printing at chr: SczhEnG_2962 pos:165634 chunknumber 349500 contains 433 sites
	-> Printing at chr: SczhEnG_2962 pos:201251 chunknumber 349600 contains 322 sites
	-> Region lookup 763/1139
	-> Printing at chr: SczhEnG_2963 pos:7869 chunknumber 349700 contains 562 sites
	-> Region lookup 764/1139
	-> Printing at chr: SczhEnG_2967 pos:21852 chunknumber 349800 contains 292 sites
	-> Printing at chr: SczhEnG_2967 pos:56990 chunknumber 349900 contains 268 sites
	-> Printing at chr: SczhEnG_2967 pos:93394 chunknumber 350000 contains 361 sites
	-> Printing at chr: SczhEnG_2967 pos:129631 chunknumber 350100 contains 254 sites
	-> Region lookup 765/1139
	-> Printing at chr: SczhEnG_2968 pos:23795 chunknumber 350200 contains 264 sites
	-> Printing at chr: SczhEnG_2968 pos:63647 chunknumber 350300 contains 295 sites
	-> Printing at chr: SczhEnG_2968 pos:98796 chunknumber 350400 contains 446 sites
	-> Printing at chr: SczhEnG_2968 pos:131639 chunknumber 350500 contains 300 sites
	-> Printing at chr: SczhEnG_2968 pos:166370 chunknumber 350600 contains 471 sites
	-> Printing at chr: SczhEnG_2968 pos:201029 chunknumber 350700 contains 1170 sites
	-> Printing at chr: SczhEnG_2968 pos:237479 chunknumber 350800 contains 354 sites
	-> Printing at chr: SczhEnG_2968 pos:275422 chunknumber 350900 contains 541 sites
	-> Printing at chr: SczhEnG_2968 pos:310539 chunknumber 351000 contains 680 sites
	-> Region lookup 766/1139
	-> Printing at chr: SczhEnG_2972 pos:17760 chunknumber 351100 contains 262 sites
	-> Region lookup 767/1139
	-> Printing at chr: SczhEnG_2978 pos:1895 chunknumber 351200 contains 261 sites
	-> Printing at chr: SczhEnG_2978 pos:35957 chunknumber 351300 contains 312 sites
	-> Printing at chr: SczhEnG_2978 pos:69677 chunknumber 351400 contains 353 sites
	-> Printing at chr: SczhEnG_2978 pos:103300 chunknumber 351500 contains 328 sites
	-> Printing at chr: SczhEnG_2978 pos:136250 chunknumber 351600 contains 267 sites
	-> Printing at chr: SczhEnG_2978 pos:170466 chunknumber 351700 contains 418 sites
	-> Printing at chr: SczhEnG_2978 pos:204795 chunknumber 351800 contains 288 sites
	-> Printing at chr: SczhEnG_2978 pos:250614 chunknumber 351900 contains 251 sites
	-> Printing at chr: SczhEnG_2978 pos:286608 chunknumber 352000 contains 291 sites
	-> Printing at chr: SczhEnG_2978 pos:321324 chunknumber 352100 contains 304 sites
	-> Printing at chr: SczhEnG_2978 pos:355514 chunknumber 352200 contains 346 sites
	-> Printing at chr: SczhEnG_2978 pos:390578 chunknumber 352300 contains 408 sites
	-> Printing at chr: SczhEnG_2978 pos:424676 chunknumber 352400 contains 326 sites
	-> Printing at chr: SczhEnG_2978 pos:460274 chunknumber 352500 contains 477 sites
	-> Printing at chr: SczhEnG_2978 pos:496614 chunknumber 352600 contains 383 sites
	-> Printing at chr: SczhEnG_2978 pos:530505 chunknumber 352700 contains 412 sites
	-> Printing at chr: SczhEnG_2978 pos:564791 chunknumber 352800 contains 288 sites
	-> Printing at chr: SczhEnG_2978 pos:599850 chunknumber 352900 contains 418 sites
	-> Printing at chr: SczhEnG_2978 pos:635857 chunknumber 353000 contains 345 sites
	-> Printing at chr: SczhEnG_2978 pos:671395 chunknumber 353100 contains 251 sites
	-> Printing at chr: SczhEnG_2978 pos:708213 chunknumber 353200 contains 320 sites
	-> Printing at chr: SczhEnG_2978 pos:743692 chunknumber 353300 contains 406 sites
	-> Printing at chr: SczhEnG_2978 pos:780056 chunknumber 353400 contains 455 sites
	-> Printing at chr: SczhEnG_2978 pos:815129 chunknumber 353500 contains 421 sites
	-> Printing at chr: SczhEnG_2978 pos:851201 chunknumber 353600 contains 354 sites
	-> Printing at chr: SczhEnG_2978 pos:883277 chunknumber 353700 contains 251 sites
	-> Printing at chr: SczhEnG_2978 pos:921799 chunknumber 353800 contains 272 sites
	-> Printing at chr: SczhEnG_2978 pos:958445 chunknumber 353900 contains 329 sites
	-> Region lookup 768/1139
	-> Region lookup 769/1139
	-> Printing at chr: SczhEnG_2984 pos:3120 chunknumber 354000 contains 290 sites
	-> Printing at chr: SczhEnG_2984 pos:37381 chunknumber 354100 contains 489 sites
	-> Printing at chr: SczhEnG_2984 pos:72236 chunknumber 354200 contains 251 sites
	-> Printing at chr: SczhEnG_2984 pos:103704 chunknumber 354300 contains 301 sites
	-> Printing at chr: SczhEnG_2984 pos:138551 chunknumber 354400 contains 421 sites
	-> Printing at chr: SczhEnG_2984 pos:174758 chunknumber 354500 contains 407 sites
	-> Region lookup 770/1139
	-> Printing at chr: SczhEnG_2993 pos:27194 chunknumber 354600 contains 563 sites
	-> Printing at chr: SczhEnG_2993 pos:63317 chunknumber 354700 contains 260 sites
	-> Printing at chr: SczhEnG_2993 pos:109097 chunknumber 354800 contains 331 sites
	-> Printing at chr: SczhEnG_2993 pos:143742 chunknumber 354900 contains 335 sites
	-> Printing at chr: SczhEnG_2993 pos:178173 chunknumber 355000 contains 344 sites
	-> Printing at chr: SczhEnG_2993 pos:212952 chunknumber 355100 contains 251 sites
	-> Printing at chr: SczhEnG_2993 pos:248633 chunknumber 355200 contains 287 sites
	-> Printing at chr: SczhEnG_2993 pos:281841 chunknumber 355300 contains 270 sites
	-> Printing at chr: SczhEnG_2993 pos:319980 chunknumber 355400 contains 303 sites
	-> Printing at chr: SczhEnG_2993 pos:355180 chunknumber 355500 contains 336 sites
	-> Printing at chr: SczhEnG_2993 pos:387809 chunknumber 355600 contains 492 sites
	-> Printing at chr: SczhEnG_2993 pos:424029 chunknumber 355700 contains 403 sites
	-> Region lookup 771/1139
	-> Printing at chr: SczhEnG_2996 pos:28207 chunknumber 355800 contains 422 sites
	-> Printing at chr: SczhEnG_2996 pos:61034 chunknumber 355900 contains 439 sites
	-> Printing at chr: SczhEnG_2996 pos:96616 chunknumber 356000 contains 437 sites
	-> Printing at chr: SczhEnG_2996 pos:132832 chunknumber 356100 contains 277 sites
	-> Printing at chr: SczhEnG_2996 pos:172419 chunknumber 356200 contains 328 sites
	-> Printing at chr: SczhEnG_2996 pos:207433 chunknumber 356300 contains 371 sites
	-> Printing at chr: SczhEnG_2996 pos:239587 chunknumber 356400 contains 364 sites
	-> Printing at chr: SczhEnG_2996 pos:274396 chunknumber 356500 contains 408 sites
	-> Printing at chr: SczhEnG_2996 pos:308039 chunknumber 356600 contains 369 sites
	-> Printing at chr: SczhEnG_2996 pos:341802 chunknumber 356700 contains 563 sites
	-> Region lookup 772/1139
	-> Printing at chr: SczhEnG_2999 pos:6469 chunknumber 356800 contains 220 sites
	-> Region lookup 773/1139
	-> Printing at chr: SczhEnG_3001 pos:31749 chunknumber 356900 contains 382 sites
	-> Printing at chr: SczhEnG_3001 pos:65048 chunknumber 357000 contains 449 sites
	-> Printing at chr: SczhEnG_3001 pos:99295 chunknumber 357100 contains 361 sites
	-> Printing at chr: SczhEnG_3001 pos:133611 chunknumber 357200 contains 275 sites
	-> Printing at chr: SczhEnG_3001 pos:168922 chunknumber 357300 contains 347 sites
	-> Printing at chr: SczhEnG_3001 pos:204426 chunknumber 357400 contains 326 sites
	-> Region lookup 774/1139
	-> Printing at chr: SczhEnG_3004 pos:2400 chunknumber 357500 contains 265 sites
	-> Region lookup 775/1139
	-> Region lookup 776/1139
	-> Printing at chr: SczhEnG_3011 pos:11729 chunknumber 357600 contains 470 sites
	-> Printing at chr: SczhEnG_3012 pos:38107 chunknumber 357700 contains 202 sites
	-> Printing at chr: SczhEnG_3012 pos:74134 chunknumber 357800 contains 251 sites
	-> Region lookup 777/1139
	-> Printing at chr: SczhEnG_3018 pos:32490 chunknumber 357900 contains 435 sites
	-> Printing at chr: SczhEnG_3018 pos:68543 chunknumber 358000 contains 260 sites
	-> Printing at chr: SczhEnG_3018 pos:105112 chunknumber 358100 contains 332 sites
	-> Printing at chr: SczhEnG_3018 pos:141333 chunknumber 358200 contains 330 sites
	-> Region lookup 778/1139
	-> Printing at chr: SczhEnG_3033 pos:17154 chunknumber 358300 contains 337 sites
	-> Printing at chr: SczhEnG_3033 pos:50948 chunknumber 358400 contains 252 sites
	-> Printing at chr: SczhEnG_3033 pos:86890 chunknumber 358500 contains 258 sites
	-> Region lookup 779/1139
	-> Region lookup 780/1139
	-> Region lookup 781/1139
	-> Printing at chr: SczhEnG_3042 pos:7510 chunknumber 358600 contains 7 sites
	-> Printing at chr: SczhEnG_3043 pos:32589 chunknumber 358700 contains 360 sites
	-> Printing at chr: SczhEnG_3043 pos:71696 chunknumber 358800 contains 326 sites
	-> Printing at chr: SczhEnG_3043 pos:107778 chunknumber 358900 contains 406 sites
	-> Printing at chr: SczhEnG_3043 pos:144172 chunknumber 359000 contains 383 sites
	-> Region lookup 782/1139
	-> Region lookup 783/1139
	-> Printing at chr: SczhEnG_3050 pos:24155 chunknumber 359100 contains 350 sites
	-> Printing at chr: SczhEnG_3050 pos:59432 chunknumber 359200 contains 304 sites
	-> Printing at chr: SczhEnG_3050 pos:92595 chunknumber 359300 contains 326 sites
	-> Printing at chr: SczhEnG_3050 pos:130139 chunknumber 359400 contains 272 sites
	-> Region lookup 784/1139
	-> Printing at chr: SczhEnG_3054 pos:21945 chunknumber 359500 contains 433 sites
	-> Printing at chr: SczhEnG_3054 pos:67082 chunknumber 359600 contains 484 sites
	-> Printing at chr: SczhEnG_3054 pos:103629 chunknumber 359700 contains 386 sites
	-> Printing at chr: SczhEnG_3054 pos:139078 chunknumber 359800 contains 277 sites
	-> Printing at chr: SczhEnG_3054 pos:174616 chunknumber 359900 contains 368 sites
	-> Printing at chr: SczhEnG_3054 pos:208592 chunknumber 360000 contains 252 sites
	-> Printing at chr: SczhEnG_3054 pos:245096 chunknumber 360100 contains 297 sites
	-> Printing at chr: SczhEnG_3054 pos:280708 chunknumber 360200 contains 278 sites
	-> Printing at chr: SczhEnG_3054 pos:318358 chunknumber 360300 contains 299 sites
	-> Printing at chr: SczhEnG_3054 pos:352064 chunknumber 360400 contains 260 sites
	-> Printing at chr: SczhEnG_3054 pos:386207 chunknumber 360500 contains 483 sites
	-> Printing at chr: SczhEnG_3054 pos:422509 chunknumber 360600 contains 344 sites
	-> Printing at chr: SczhEnG_3054 pos:459517 chunknumber 360700 contains 342 sites
	-> Printing at chr: SczhEnG_3054 pos:493888 chunknumber 360800 contains 448 sites
	-> Printing at chr: SczhEnG_3054 pos:529084 chunknumber 360900 contains 287 sites
	-> Printing at chr: SczhEnG_3054 pos:562848 chunknumber 361000 contains 421 sites
	-> Printing at chr: SczhEnG_3054 pos:597035 chunknumber 361100 contains 255 sites
	-> Printing at chr: SczhEnG_3054 pos:631463 chunknumber 361200 contains 396 sites
	-> Printing at chr: SczhEnG_3054 pos:678747 chunknumber 361300 contains 252 sites
	-> Region lookup 785/1139
	-> Printing at chr: SczhEnG_3057 pos:36864 chunknumber 361400 contains 271 sites
	-> Region lookup 786/1139
	-> Printing at chr: SczhEnG_3058 pos:49088 chunknumber 361500 contains 504 sites
	-> Printing at chr: SczhEnG_3058 pos:82939 chunknumber 361600 contains 277 sites
	-> Printing at chr: SczhEnG_3058 pos:129851 chunknumber 361700 contains 251 sites
	-> Printing at chr: SczhEnG_3058 pos:164809 chunknumber 361800 contains 914 sites
	-> Printing at chr: SczhEnG_3058 pos:201651 chunknumber 361900 contains 393 sites
	-> Printing at chr: SczhEnG_3058 pos:236465 chunknumber 362000 contains 252 sites
	-> Printing at chr: SczhEnG_3058 pos:269636 chunknumber 362100 contains 319 sites
	-> Printing at chr: SczhEnG_3058 pos:305590 chunknumber 362200 contains 253 sites
	-> Printing at chr: SczhEnG_3058 pos:339250 chunknumber 362300 contains 252 sites
	-> Printing at chr: SczhEnG_3058 pos:374349 chunknumber 362400 contains 301 sites
	-> Printing at chr: SczhEnG_3058 pos:409960 chunknumber 362500 contains 380 sites
	-> Printing at chr: SczhEnG_3058 pos:447634 chunknumber 362600 contains 255 sites
	-> Printing at chr: SczhEnG_3058 pos:483421 chunknumber 362700 contains 534 sites
	-> Printing at chr: SczhEnG_3058 pos:517939 chunknumber 362800 contains 338 sites
	-> Printing at chr: SczhEnG_3058 pos:553860 chunknumber 362900 contains 349 sites
	-> Printing at chr: SczhEnG_3058 pos:588365 chunknumber 363000 contains 432 sites
	-> Printing at chr: SczhEnG_3058 pos:621692 chunknumber 363100 contains 386 sites
	-> Printing at chr: SczhEnG_3058 pos:657197 chunknumber 363200 contains 438 sites
	-> Printing at chr: SczhEnG_3058 pos:691875 chunknumber 363300 contains 336 sites
	-> Printing at chr: SczhEnG_3058 pos:726443 chunknumber 363400 contains 393 sites
	-> Printing at chr: SczhEnG_3058 pos:761013 chunknumber 363500 contains 499 sites
	-> Printing at chr: SczhEnG_3058 pos:794820 chunknumber 363600 contains 413 sites
	-> Printing at chr: SczhEnG_3058 pos:828339 chunknumber 363700 contains 448 sites
	-> Printing at chr: SczhEnG_3058 pos:862696 chunknumber 363800 contains 311 sites
	-> Printing at chr: SczhEnG_3058 pos:898386 chunknumber 363900 contains 311 sites
	-> Printing at chr: SczhEnG_3058 pos:932872 chunknumber 364000 contains 346 sites
	-> Printing at chr: SczhEnG_3058 pos:967816 chunknumber 364100 contains 256 sites
	-> Printing at chr: SczhEnG_3058 pos:1004945 chunknumber 364200 contains 353 sites
	-> Region lookup 787/1139
	-> Printing at chr: SczhEnG_3062 pos:14840 chunknumber 364300 contains 316 sites
	-> Printing at chr: SczhEnG_3062 pos:49748 chunknumber 364400 contains 388 sites
	-> Printing at chr: SczhEnG_3062 pos:84430 chunknumber 364500 contains 348 sites
	-> Printing at chr: SczhEnG_3062 pos:119996 chunknumber 364600 contains 273 sites
	-> Printing at chr: SczhEnG_3062 pos:155662 chunknumber 364700 contains 384 sites
	-> Printing at chr: SczhEnG_3062 pos:191303 chunknumber 364800 contains 356 sites
	-> Printing at chr: SczhEnG_3062 pos:226932 chunknumber 364900 contains 343 sites
	-> Printing at chr: SczhEnG_3062 pos:260984 chunknumber 365000 contains 275 sites
	-> Region lookup 788/1139
	-> Printing at chr: SczhEnG_3078 pos:22032 chunknumber 365100 contains 462 sites
	-> Printing at chr: SczhEnG_3078 pos:56094 chunknumber 365200 contains 396 sites
	-> Printing at chr: SczhEnG_3078 pos:91793 chunknumber 365300 contains 265 sites
	-> Printing at chr: SczhEnG_3078 pos:126847 chunknumber 365400 contains 254 sites
	-> Region lookup 789/1139
	-> Printing at chr: SczhEnG_3080 pos:32181 chunknumber 365500 contains 512 sites
	-> Region lookup 790/1139
	-> Printing at chr: SczhEnG_3081 pos:9162 chunknumber 365600 contains 501 sites
	-> Printing at chr: SczhEnG_3081 pos:44650 chunknumber 365700 contains 341 sites
	-> Printing at chr: SczhEnG_3081 pos:77962 chunknumber 365800 contains 330 sites
	-> Printing at chr: SczhEnG_3081 pos:113219 chunknumber 365900 contains 310 sites
	-> Printing at chr: SczhEnG_3081 pos:147397 chunknumber 366000 contains 260 sites
	-> Printing at chr: SczhEnG_3081 pos:180273 chunknumber 366100 contains 322 sites
	-> Printing at chr: SczhEnG_3081 pos:215410 chunknumber 366200 contains 278 sites
	-> Printing at chr: SczhEnG_3081 pos:248290 chunknumber 366300 contains 446 sites
	-> Printing at chr: SczhEnG_3081 pos:287519 chunknumber 366400 contains 353 sites
	-> Region lookup 791/1139
	-> Printing at chr: SczhEnG_3084 pos:3157 chunknumber 366500 contains 256 sites
	-> Region lookup 792/1139
	-> Printing at chr: SczhEnG_3084 pos:46231 chunknumber 366600 contains 4 sites
	-> Printing at chr: SczhEnG_3090 pos:33624 chunknumber 366700 contains 411 sites
	-> Region lookup 793/1139
	-> Printing at chr: SczhEnG_3092 pos:46866 chunknumber 366800 contains 424 sites
	-> Printing at chr: SczhEnG_3092 pos:111545 chunknumber 366900 contains 327 sites
	-> Printing at chr: SczhEnG_3092 pos:144234 chunknumber 367000 contains 374 sites
	-> Printing at chr: SczhEnG_3092 pos:179683 chunknumber 367100 contains 435 sites
	-> Region lookup 794/1139
	-> Printing at chr: SczhEnG_3093 pos:21427 chunknumber 367200 contains 309 sites
	-> Region lookup 795/1139
	-> Printing at chr: SczhEnG_3095 pos:25038 chunknumber 367300 contains 251 sites
	-> Region lookup 796/1139
	-> Printing at chr: SczhEnG_3097 pos:16266 chunknumber 367400 contains 361 sites
	-> Printing at chr: SczhEnG_3097 pos:51827 chunknumber 367500 contains 351 sites
	-> Printing at chr: SczhEnG_3097 pos:85501 chunknumber 367600 contains 299 sites
	-> Printing at chr: SczhEnG_3097 pos:121168 chunknumber 367700 contains 399 sites
	-> Region lookup 797/1139
	-> Printing at chr: SczhEnG_3102 pos:23987 chunknumber 367800 contains 376 sites
	-> Printing at chr: SczhEnG_3102 pos:61088 chunknumber 367900 contains 263 sites
	-> Region lookup 798/1139
	-> Printing at chr: SczhEnG_3106 pos:38081 chunknumber 368000 contains 382 sites
	-> Printing at chr: SczhEnG_3106 pos:78661 chunknumber 368100 contains 464 sites
	-> Printing at chr: SczhEnG_3106 pos:114580 chunknumber 368200 contains 342 sites
	-> Printing at chr: SczhEnG_3106 pos:148416 chunknumber 368300 contains 291 sites
	-> Printing at chr: SczhEnG_3106 pos:183921 chunknumber 368400 contains 260 sites
	-> Printing at chr: SczhEnG_3106 pos:218407 chunknumber 368500 contains 352 sites
	-> Printing at chr: SczhEnG_3106 pos:254442 chunknumber 368600 contains 252 sites
	-> Printing at chr: SczhEnG_3106 pos:289919 chunknumber 368700 contains 377 sites
	-> Printing at chr: SczhEnG_3106 pos:325394 chunknumber 368800 contains 302 sites
	-> Printing at chr: SczhEnG_3106 pos:359892 chunknumber 368900 contains 469 sites
	-> Region lookup 799/1139
	-> Printing at chr: SczhEnG_3112 pos:16042 chunknumber 369000 contains 301 sites
	-> Printing at chr: SczhEnG_3112 pos:49938 chunknumber 369100 contains 432 sites
	-> Printing at chr: SczhEnG_3112 pos:83873 chunknumber 369200 contains 290 sites
	-> Region lookup 800/1139
	-> Printing at chr: SczhEnG_3113 pos:16472 chunknumber 369300 contains 288 sites
	-> Printing at chr: SczhEnG_3113 pos:50633 chunknumber 369400 contains 268 sites
	-> Region lookup 801/1139
	-> Region lookup 802/1139
	-> Printing at chr: SczhEnG_3132 pos:11220 chunknumber 369500 contains 268 sites
	-> Printing at chr: SczhEnG_3132 pos:46167 chunknumber 369600 contains 256 sites
	-> Printing at chr: SczhEnG_3132 pos:81801 chunknumber 369700 contains 325 sites
	-> Printing at chr: SczhEnG_3132 pos:118271 chunknumber 369800 contains 309 sites
	-> Printing at chr: SczhEnG_3132 pos:152490 chunknumber 369900 contains 268 sites
	-> Region lookup 803/1139
	-> Printing at chr: SczhEnG_3132 pos:190327 chunknumber 370000 contains 31 sites
	-> Printing at chr: SczhEnG_3133 pos:52431 chunknumber 370100 contains 279 sites
	-> Region lookup 804/1139
	-> Region lookup 805/1139
	-> Printing at chr: SczhEnG_3137 pos:6472 chunknumber 370200 contains 425 sites
	-> Region lookup 806/1139
	-> Printing at chr: SczhEnG_3138 pos:10544 chunknumber 370300 contains 260 sites
	-> Printing at chr: SczhEnG_3138 pos:43242 chunknumber 370400 contains 252 sites
	-> Region lookup 807/1139
	-> Printing at chr: SczhEnG_3140 pos:24966 chunknumber 370500 contains 368 sites
	-> Printing at chr: SczhEnG_3140 pos:60597 chunknumber 370600 contains 321 sites
	-> Printing at chr: SczhEnG_3140 pos:94382 chunknumber 370700 contains 345 sites
	-> Printing at chr: SczhEnG_3140 pos:127250 chunknumber 370800 contains 257 sites
	-> Printing at chr: SczhEnG_3140 pos:163186 chunknumber 370900 contains 262 sites
	-> Printing at chr: SczhEnG_3140 pos:197332 chunknumber 371000 contains 418 sites
	-> Region lookup 808/1139
	-> Printing at chr: SczhEnG_3143 pos:21196 chunknumber 371100 contains 410 sites
	-> Printing at chr: SczhEnG_3143 pos:55967 chunknumber 371200 contains 330 sites
	-> Printing at chr: SczhEnG_3143 pos:92776 chunknumber 371300 contains 343 sites
	-> Region lookup 809/1139
	-> Printing at chr: SczhEnG_3144 pos:1470 chunknumber 371400 contains 534 sites
	-> Printing at chr: SczhEnG_3144 pos:34973 chunknumber 371500 contains 445 sites
	-> Region lookup 810/1139
	-> Printing at chr: SczhEnG_3146 pos:5573 chunknumber 371600 contains 339 sites
	-> Printing at chr: SczhEnG_3146 pos:42569 chunknumber 371700 contains 253 sites
	-> Printing at chr: SczhEnG_3146 pos:77108 chunknumber 371800 contains 270 sites
	-> Printing at chr: SczhEnG_3146 pos:112991 chunknumber 371900 contains 290 sites
	-> Region lookup 811/1139
	-> Printing at chr: SczhEnG_3147 pos:18192 chunknumber 372000 contains 1978 sites
	-> Printing at chr: SczhEnG_3147 pos:90101 chunknumber 372100 contains 481 sites
	-> Printing at chr: SczhEnG_3147 pos:156095 chunknumber 372200 contains 471 sites
	-> Printing at chr: SczhEnG_3147 pos:198490 chunknumber 372300 contains 251 sites
	-> Region lookup 812/1139
	-> Printing at chr: SczhEnG_3150 pos:7227 chunknumber 372400 contains 361 sites
	-> Printing at chr: SczhEnG_3150 pos:39998 chunknumber 372500 contains 202 sites
	-> Region lookup 813/1139
	-> Printing at chr: SczhEnG_3166 pos:39769 chunknumber 372600 contains 252 sites
	-> Region lookup 814/1139
	-> Region lookup 815/1139
	-> Printing at chr: SczhEnG_3177 pos:9105 chunknumber 372700 contains 255 sites
	-> Region lookup 816/1139
	-> Region lookup 817/1139
	-> Printing at chr: SczhEnG_3180 pos:260 chunknumber 372800 contains 483 sites
	-> Printing at chr: SczhEnG_3180 pos:36006 chunknumber 372900 contains 335 sites
	-> Printing at chr: SczhEnG_3180 pos:70494 chunknumber 373000 contains 253 sites
	-> Region lookup 818/1139
	-> Printing at chr: SczhEnG_3187 pos:13149 chunknumber 373100 contains 365 sites
	-> Printing at chr: SczhEnG_3187 pos:47209 chunknumber 373200 contains 263 sites
	-> Printing at chr: SczhEnG_3187 pos:82969 chunknumber 373300 contains 255 sites
	-> Region lookup 819/1139
	-> Printing at chr: SczhEnG_3190 pos:6513 chunknumber 373400 contains 265 sites
	-> Region lookup 820/1139
	-> Printing at chr: SczhEnG_3190 pos:45457 chunknumber 373500 contains 259 sites
	-> Printing at chr: SczhEnG_3192 pos:33347 chunknumber 373600 contains 385 sites
	-> Printing at chr: SczhEnG_3192 pos:67335 chunknumber 373700 contains 475 sites
	-> Printing at chr: SczhEnG_3192 pos:100357 chunknumber 373800 contains 267 sites
	-> Printing at chr: SczhEnG_3192 pos:135226 chunknumber 373900 contains 279 sites
	-> Printing at chr: SczhEnG_3192 pos:176422 chunknumber 374000 contains 253 sites
	-> Printing at chr: SczhEnG_3192 pos:211362 chunknumber 374100 contains 379 sites
	-> Printing at chr: SczhEnG_3192 pos:245288 chunknumber 374200 contains 251 sites
	-> Printing at chr: SczhEnG_3192 pos:280366 chunknumber 374300 contains 349 sites
	-> Printing at chr: SczhEnG_3192 pos:315568 chunknumber 374400 contains 319 sites
	-> Printing at chr: SczhEnG_3192 pos:352072 chunknumber 374500 contains 254 sites
	-> Region lookup 821/1139
	-> Printing at chr: SczhEnG_3192 pos:385752 chunknumber 374600 contains 10 sites
	-> Printing at chr: SczhEnG_3206 pos:32316 chunknumber 374700 contains 390 sites
	-> Printing at chr: SczhEnG_3206 pos:66170 chunknumber 374800 contains 306 sites
	-> Printing at chr: SczhEnG_3206 pos:101609 chunknumber 374900 contains 427 sites
	-> Printing at chr: SczhEnG_3206 pos:134613 chunknumber 375000 contains 277 sites
	-> Printing at chr: SczhEnG_3206 pos:168709 chunknumber 375100 contains 305 sites
	-> Printing at chr: SczhEnG_3206 pos:202841 chunknumber 375200 contains 285 sites
	-> Printing at chr: SczhEnG_3206 pos:239708 chunknumber 375300 contains 526 sites
	-> Printing at chr: SczhEnG_3206 pos:275183 chunknumber 375400 contains 449 sites
	-> Printing at chr: SczhEnG_3206 pos:309534 chunknumber 375500 contains 255 sites
	-> Printing at chr: SczhEnG_3206 pos:344523 chunknumber 375600 contains 412 sites
	-> Printing at chr: SczhEnG_3206 pos:378838 chunknumber 375700 contains 306 sites
	-> Printing at chr: SczhEnG_3206 pos:414716 chunknumber 375800 contains 369 sites
	-> Printing at chr: SczhEnG_3206 pos:449790 chunknumber 375900 contains 262 sites
	-> Printing at chr: SczhEnG_3206 pos:484815 chunknumber 376000 contains 383 sites
	-> Printing at chr: SczhEnG_3206 pos:520089 chunknumber 376100 contains 498 sites
	-> Printing at chr: SczhEnG_3206 pos:554336 chunknumber 376200 contains 429 sites
	-> Printing at chr: SczhEnG_3206 pos:588863 chunknumber 376300 contains 363 sites
	-> Printing at chr: SczhEnG_3206 pos:625118 chunknumber 376400 contains 274 sites
	-> Printing at chr: SczhEnG_3206 pos:660803 chunknumber 376500 contains 324 sites
	-> Printing at chr: SczhEnG_3206 pos:699388 chunknumber 376600 contains 461 sites
	-> Printing at chr: SczhEnG_3206 pos:734952 chunknumber 376700 contains 307 sites
	-> Printing at chr: SczhEnG_3206 pos:772729 chunknumber 376800 contains 439 sites
	-> Printing at chr: SczhEnG_3206 pos:807260 chunknumber 376900 contains 267 sites
	-> Printing at chr: SczhEnG_3206 pos:841624 chunknumber 377000 contains 274 sites
	-> Printing at chr: SczhEnG_3206 pos:877948 chunknumber 377100 contains 295 sites
	-> Printing at chr: SczhEnG_3206 pos:912505 chunknumber 377200 contains 253 sites
	-> Printing at chr: SczhEnG_3206 pos:956473 chunknumber 377300 contains 261 sites
	-> Printing at chr: SczhEnG_3206 pos:991049 chunknumber 377400 contains 339 sites
	-> Printing at chr: SczhEnG_3206 pos:1025495 chunknumber 377500 contains 373 sites
	-> Printing at chr: SczhEnG_3206 pos:1062271 chunknumber 377600 contains 332 sites
	-> Printing at chr: SczhEnG_3206 pos:1097133 chunknumber 377700 contains 327 sites
	-> Printing at chr: SczhEnG_3206 pos:1131225 chunknumber 377800 contains 255 sites
	-> Region lookup 822/1139
	-> Printing at chr: SczhEnG_3207 pos:17677 chunknumber 377900 contains 397 sites
	-> Printing at chr: SczhEnG_3207 pos:52946 chunknumber 378000 contains 487 sites
	-> Region lookup 823/1139
	-> Printing at chr: SczhEnG_3208 pos:4725 chunknumber 378100 contains 280 sites
	-> Printing at chr: SczhEnG_3208 pos:40853 chunknumber 378200 contains 85 sites
	-> Region lookup 824/1139
	-> Printing at chr: SczhEnG_3212 pos:52638 chunknumber 378300 contains 270 sites
	-> Region lookup 825/1139
	-> Region lookup 826/1139
	-> Printing at chr: SczhEnG_3220 pos:5939 chunknumber 378400 contains 391 sites
	-> Region lookup 827/1139
	-> Printing at chr: SczhEnG_3223 pos:17055 chunknumber 378500 contains 432 sites
	-> Printing at chr: SczhEnG_3223 pos:50281 chunknumber 378600 contains 341 sites
	-> Printing at chr: SczhEnG_3223 pos:84589 chunknumber 378700 contains 332 sites
	-> Printing at chr: SczhEnG_3223 pos:120260 chunknumber 378800 contains 311 sites
	-> Printing at chr: SczhEnG_3223 pos:154574 chunknumber 378900 contains 303 sites
	-> Printing at chr: SczhEnG_3223 pos:188317 chunknumber 379000 contains 377 sites
	-> Printing at chr: SczhEnG_3223 pos:220766 chunknumber 379100 contains 258 sites
	-> Region lookup 828/1139
	-> Printing at chr: SczhEnG_3226 pos:18142 chunknumber 379200 contains 300 sites
	-> Printing at chr: SczhEnG_3226 pos:53056 chunknumber 379300 contains 280 sites
	-> Printing at chr: SczhEnG_3226 pos:86491 chunknumber 379400 contains 298 sites
	-> Region lookup 829/1139
	-> Printing at chr: SczhEnG_3230 pos:1158 chunknumber 379500 contains 326 sites
	-> Region lookup 830/1139
	-> Printing at chr: SczhEnG_3232 pos:10217 chunknumber 379600 contains 272 sites
	-> Printing at chr: SczhEnG_3232 pos:45945 chunknumber 379700 contains 254 sites
	-> Printing at chr: SczhEnG_3232 pos:81193 chunknumber 379800 contains 255 sites
	-> Region lookup 831/1139
	-> Printing at chr: SczhEnG_3234 pos:26329 chunknumber 379900 contains 302 sites
	-> Printing at chr: SczhEnG_3234 pos:62991 chunknumber 380000 contains 296 sites
	-> Printing at chr: SczhEnG_3234 pos:95657 chunknumber 380100 contains 261 sites
	-> Printing at chr: SczhEnG_3234 pos:128933 chunknumber 380200 contains 359 sites
	-> Printing at chr: SczhEnG_3234 pos:163261 chunknumber 380300 contains 341 sites
	-> Printing at chr: SczhEnG_3234 pos:198171 chunknumber 380400 contains 259 sites
	-> Printing at chr: SczhEnG_3234 pos:230084 chunknumber 380500 contains 257 sites
	-> Printing at chr: SczhEnG_3234 pos:264190 chunknumber 380600 contains 620 sites
	-> Region lookup 832/1139
	-> Printing at chr: SczhEnG_3237 pos:26596 chunknumber 380700 contains 318 sites
	-> Printing at chr: SczhEnG_3237 pos:63550 chunknumber 380800 contains 298 sites
	-> Printing at chr: SczhEnG_3237 pos:100278 chunknumber 380900 contains 300 sites
	-> Region lookup 833/1139
	-> Printing at chr: SczhEnG_3241 pos:5942 chunknumber 381000 contains 357 sites
	-> Printing at chr: SczhEnG_3241 pos:39676 chunknumber 381100 contains 472 sites
	-> Region lookup 834/1139
	-> Printing at chr: SczhEnG_3243 pos:25023 chunknumber 381200 contains 532 sites
	-> Printing at chr: SczhEnG_3243 pos:62167 chunknumber 381300 contains 395 sites
	-> Printing at chr: SczhEnG_3243 pos:97273 chunknumber 381400 contains 457 sites
	-> Printing at chr: SczhEnG_3243 pos:131338 chunknumber 381500 contains 267 sites
	-> Region lookup 835/1139
	-> Printing at chr: SczhEnG_3245 pos:6984 chunknumber 381600 contains 273 sites
	-> Printing at chr: SczhEnG_3245 pos:42779 chunknumber 381700 contains 501 sites
	-> Printing at chr: SczhEnG_3245 pos:75518 chunknumber 381800 contains 266 sites
	-> Printing at chr: SczhEnG_3245 pos:110972 chunknumber 381900 contains 255 sites
	-> Printing at chr: SczhEnG_3245 pos:145066 chunknumber 382000 contains 350 sites
	-> Printing at chr: SczhEnG_3245 pos:179457 chunknumber 382100 contains 394 sites
	-> Printing at chr: SczhEnG_3245 pos:213267 chunknumber 382200 contains 368 sites
	-> Printing at chr: SczhEnG_3245 pos:249451 chunknumber 382300 contains 360 sites
	-> Region lookup 836/1139
	-> Printing at chr: SczhEnG_3248 pos:792 chunknumber 382400 contains 303 sites
	-> Region lookup 837/1139
	-> Printing at chr: SczhEnG_3249 pos:14676 chunknumber 382500 contains 253 sites
	-> Region lookup 838/1139
	-> Printing at chr: SczhEnG_3252 pos:34039 chunknumber 382600 contains 312 sites
	-> Region lookup 839/1139
	-> Printing at chr: SczhEnG_3253 pos:34256 chunknumber 382700 contains 301 sites
	-> Printing at chr: SczhEnG_3253 pos:68844 chunknumber 382800 contains 253 sites
	-> Printing at chr: SczhEnG_3253 pos:100448 chunknumber 382900 contains 260 sites
	-> Printing at chr: SczhEnG_3253 pos:139026 chunknumber 383000 contains 415 sites
	-> Printing at chr: SczhEnG_3253 pos:187023 chunknumber 383100 contains 835 sites
	-> Printing at chr: SczhEnG_3253 pos:230589 chunknumber 383200 contains 320 sites
	-> Printing at chr: SczhEnG_3253 pos:268942 chunknumber 383300 contains 296 sites
	-> Printing at chr: SczhEnG_3253 pos:302356 chunknumber 383400 contains 263 sites
	-> Printing at chr: SczhEnG_3253 pos:336136 chunknumber 383500 contains 342 sites
	-> Printing at chr: SczhEnG_3253 pos:365660 chunknumber 383600 contains 258 sites
	-> Printing at chr: SczhEnG_3253 pos:397055 chunknumber 383700 contains 378 sites
	-> Printing at chr: SczhEnG_3253 pos:431594 chunknumber 383800 contains 287 sites
	-> Printing at chr: SczhEnG_3253 pos:465895 chunknumber 383900 contains 323 sites
	-> Printing at chr: SczhEnG_3253 pos:499688 chunknumber 384000 contains 360 sites
	-> Printing at chr: SczhEnG_3253 pos:532114 chunknumber 384100 contains 255 sites
	-> Printing at chr: SczhEnG_3253 pos:565598 chunknumber 384200 contains 311 sites
	-> Region lookup 840/1139
	-> Printing at chr: SczhEnG_3254 pos:41806 chunknumber 384300 contains 455 sites
	-> Region lookup 841/1139
	-> Printing at chr: SczhEnG_3257 pos:36923 chunknumber 384400 contains 488 sites
	-> Printing at chr: SczhEnG_3257 pos:72948 chunknumber 384500 contains 361 sites
	-> Printing at chr: SczhEnG_3257 pos:108795 chunknumber 384600 contains 285 sites
	-> Printing at chr: SczhEnG_3257 pos:145054 chunknumber 384700 contains 386 sites
	-> Printing at chr: SczhEnG_3257 pos:179631 chunknumber 384800 contains 411 sites
	-> Printing at chr: SczhEnG_3257 pos:214149 chunknumber 384900 contains 286 sites
	-> Printing at chr: SczhEnG_3257 pos:250519 chunknumber 385000 contains 446 sites
	-> Printing at chr: SczhEnG_3257 pos:287833 chunknumber 385100 contains 480 sites
	-> Printing at chr: SczhEnG_3257 pos:321556 chunknumber 385200 contains 255 sites
	-> Printing at chr: SczhEnG_3257 pos:356486 chunknumber 385300 contains 297 sites
	-> Printing at chr: SczhEnG_3257 pos:396155 chunknumber 385400 contains 279 sites
	-> Printing at chr: SczhEnG_3257 pos:430235 chunknumber 385500 contains 967 sites
	-> Printing at chr: SczhEnG_3257 pos:466939 chunknumber 385600 contains 557 sites
	-> Printing at chr: SczhEnG_3257 pos:501798 chunknumber 385700 contains 498 sites
	-> Printing at chr: SczhEnG_3257 pos:538159 chunknumber 385800 contains 397 sites
	-> Printing at chr: SczhEnG_3257 pos:572311 chunknumber 385900 contains 265 sites
	-> Printing at chr: SczhEnG_3257 pos:606752 chunknumber 386000 contains 297 sites
	-> Printing at chr: SczhEnG_3257 pos:641251 chunknumber 386100 contains 285 sites
	-> Printing at chr: SczhEnG_3257 pos:679475 chunknumber 386200 contains 269 sites
	-> Printing at chr: SczhEnG_3257 pos:712581 chunknumber 386300 contains 434 sites
	-> Printing at chr: SczhEnG_3257 pos:747914 chunknumber 386400 contains 285 sites
	-> Printing at chr: SczhEnG_3257 pos:784487 chunknumber 386500 contains 255 sites
	-> Printing at chr: SczhEnG_3257 pos:817867 chunknumber 386600 contains 295 sites
	-> Printing at chr: SczhEnG_3257 pos:853833 chunknumber 386700 contains 335 sites
	-> Printing at chr: SczhEnG_3257 pos:889894 chunknumber 386800 contains 654 sites
	-> Printing at chr: SczhEnG_3257 pos:925844 chunknumber 386900 contains 345 sites
	-> Printing at chr: SczhEnG_3257 pos:958446 chunknumber 387000 contains 314 sites
	-> Printing at chr: SczhEnG_3257 pos:994954 chunknumber 387100 contains 415 sites
	-> Printing at chr: SczhEnG_3257 pos:1030183 chunknumber 387200 contains 436 sites
	-> Printing at chr: SczhEnG_3257 pos:1063797 chunknumber 387300 contains 254 sites
	-> Printing at chr: SczhEnG_3257 pos:1097598 chunknumber 387400 contains 280 sites
	-> Printing at chr: SczhEnG_3257 pos:1134471 chunknumber 387500 contains 252 sites
	-> Printing at chr: SczhEnG_3257 pos:1168910 chunknumber 387600 contains 254 sites
	-> Region lookup 842/1139
	-> Printing at chr: SczhEnG_3259 pos:25003 chunknumber 387700 contains 450 sites
	-> Region lookup 843/1139
	-> Printing at chr: SczhEnG_3263 pos:26060 chunknumber 387800 contains 251 sites
	-> Printing at chr: SczhEnG_3263 pos:63107 chunknumber 387900 contains 334 sites
	-> Printing at chr: SczhEnG_3263 pos:101698 chunknumber 388000 contains 466 sites
	-> Printing at chr: SczhEnG_3263 pos:138405 chunknumber 388100 contains 364 sites
	-> Printing at chr: SczhEnG_3263 pos:173217 chunknumber 388200 contains 305 sites
	-> Printing at chr: SczhEnG_3263 pos:207084 chunknumber 388300 contains 254 sites
	-> Printing at chr: SczhEnG_3263 pos:240818 chunknumber 388400 contains 353 sites
	-> Printing at chr: SczhEnG_3263 pos:275300 chunknumber 388500 contains 341 sites
	-> Printing at chr: SczhEnG_3263 pos:310286 chunknumber 388600 contains 282 sites
	-> Printing at chr: SczhEnG_3263 pos:344215 chunknumber 388700 contains 283 sites
	-> Printing at chr: SczhEnG_3263 pos:376238 chunknumber 388800 contains 373 sites
	-> Printing at chr: SczhEnG_3263 pos:413223 chunknumber 388900 contains 409 sites
	-> Printing at chr: SczhEnG_3263 pos:448958 chunknumber 389000 contains 310 sites
	-> Printing at chr: SczhEnG_3263 pos:486224 chunknumber 389100 contains 443 sites
	-> Printing at chr: SczhEnG_3263 pos:523268 chunknumber 389200 contains 537 sites
	-> Printing at chr: SczhEnG_3263 pos:558158 chunknumber 389300 contains 287 sites
	-> Printing at chr: SczhEnG_3263 pos:593424 chunknumber 389400 contains 365 sites
	-> Printing at chr: SczhEnG_3263 pos:625608 chunknumber 389500 contains 382 sites
	-> Printing at chr: SczhEnG_3263 pos:659727 chunknumber 389600 contains 439 sites
	-> Printing at chr: SczhEnG_3263 pos:692588 chunknumber 389700 contains 251 sites
	-> Region lookup 844/1139
	-> Printing at chr: SczhEnG_3268 pos:31374 chunknumber 389800 contains 251 sites
	-> Printing at chr: SczhEnG_3268 pos:61595 chunknumber 389900 contains 300 sites
	-> Region lookup 845/1139
	-> Printing at chr: SczhEnG_3275 pos:25519 chunknumber 390000 contains 433 sites
	-> Printing at chr: SczhEnG_3275 pos:60856 chunknumber 390100 contains 463 sites
	-> Region lookup 846/1139
	-> Printing at chr: SczhEnG_3292 pos:12389 chunknumber 390200 contains 336 sites
	-> Printing at chr: SczhEnG_3292 pos:45854 chunknumber 390300 contains 254 sites
	-> Printing at chr: SczhEnG_3292 pos:80235 chunknumber 390400 contains 279 sites
	-> Region lookup 847/1139
	-> Printing at chr: SczhEnG_3305 pos:30486 chunknumber 390500 contains 252 sites
	-> Region lookup 848/1139
	-> Printing at chr: SczhEnG_3307 pos:13226 chunknumber 390600 contains 271 sites
	-> Printing at chr: SczhEnG_3307 pos:55731 chunknumber 390700 contains 1047 sites
	-> Printing at chr: SczhEnG_3307 pos:88334 chunknumber 390800 contains 337 sites
	-> Printing at chr: SczhEnG_3307 pos:123131 chunknumber 390900 contains 529 sites
	-> Printing at chr: SczhEnG_3307 pos:159285 chunknumber 391000 contains 282 sites
	-> Printing at chr: SczhEnG_3307 pos:196225 chunknumber 391100 contains 258 sites
	-> Printing at chr: SczhEnG_3307 pos:230998 chunknumber 391200 contains 358 sites
	-> Printing at chr: SczhEnG_3307 pos:268139 chunknumber 391300 contains 426 sites
	-> Region lookup 849/1139
	-> Printing at chr: SczhEnG_3311 pos:16728 chunknumber 391400 contains 394 sites
	-> Printing at chr: SczhEnG_3311 pos:51583 chunknumber 391500 contains 419 sites
	-> Printing at chr: SczhEnG_3311 pos:86402 chunknumber 391600 contains 472 sites
	-> Printing at chr: SczhEnG_3311 pos:120029 chunknumber 391700 contains 265 sites
	-> Region lookup 850/1139
	-> Printing at chr: SczhEnG_3311 pos:155486 chunknumber 391800 contains 3 sites
	-> Region lookup 851/1139
	-> Printing at chr: SczhEnG_3315 pos:11661 chunknumber 391900 contains 496 sites
	-> Printing at chr: SczhEnG_3315 pos:47800 chunknumber 392000 contains 252 sites
	-> Printing at chr: SczhEnG_3315 pos:82799 chunknumber 392100 contains 373 sites
	-> Region lookup 852/1139
	-> Region lookup 853/1139
	-> Printing at chr: SczhEnG_3336 pos:15969 chunknumber 392200 contains 252 sites
	-> Printing at chr: SczhEnG_3336 pos:49131 chunknumber 392300 contains 253 sites
	-> Printing at chr: SczhEnG_3336 pos:85051 chunknumber 392400 contains 252 sites
	-> Printing at chr: SczhEnG_3336 pos:117427 chunknumber 392500 contains 332 sites
	-> Printing at chr: SczhEnG_3336 pos:152437 chunknumber 392600 contains 562 sites
	-> Printing at chr: SczhEnG_3336 pos:186806 chunknumber 392700 contains 364 sites
	-> Printing at chr: SczhEnG_3336 pos:219051 chunknumber 392800 contains 258 sites
	-> Printing at chr: SczhEnG_3336 pos:254042 chunknumber 392900 contains 346 sites
	-> Printing at chr: SczhEnG_3336 pos:288898 chunknumber 393000 contains 322 sites
	-> Printing at chr: SczhEnG_3336 pos:322909 chunknumber 393100 contains 251 sites
	-> Printing at chr: SczhEnG_3336 pos:356668 chunknumber 393200 contains 324 sites
	-> Printing at chr: SczhEnG_3336 pos:390444 chunknumber 393300 contains 257 sites
	-> Region lookup 854/1139
	-> Printing at chr: SczhEnG_3337 pos:8778 chunknumber 393400 contains 261 sites
	-> Region lookup 855/1139
	-> Region lookup 856/1139
	-> Printing at chr: SczhEnG_3341 pos:10451 chunknumber 393500 contains 253 sites
	-> Printing at chr: SczhEnG_3341 pos:47235 chunknumber 393600 contains 427 sites
	-> Printing at chr: SczhEnG_3341 pos:92148 chunknumber 393700 contains 251 sites
	-> Printing at chr: SczhEnG_3341 pos:130742 chunknumber 393800 contains 316 sites
	-> Printing at chr: SczhEnG_3341 pos:166166 chunknumber 393900 contains 369 sites
	-> Printing at chr: SczhEnG_3341 pos:200469 chunknumber 394000 contains 353 sites
	-> Printing at chr: SczhEnG_3341 pos:233961 chunknumber 394100 contains 278 sites
	-> Printing at chr: SczhEnG_3341 pos:272278 chunknumber 394200 contains 253 sites
	-> Region lookup 857/1139
	-> Printing at chr: SczhEnG_3342 pos:7009 chunknumber 394300 contains 183 sites
	-> Printing at chr: SczhEnG_3342 pos:41400 chunknumber 394400 contains 252 sites
	-> Printing at chr: SczhEnG_3342 pos:71829 chunknumber 394500 contains 312 sites
	-> Printing at chr: SczhEnG_3342 pos:105298 chunknumber 394600 contains 283 sites
	-> Printing at chr: SczhEnG_3342 pos:139292 chunknumber 394700 contains 337 sites
	-> Printing at chr: SczhEnG_3342 pos:172776 chunknumber 394800 contains 348 sites
	-> Printing at chr: SczhEnG_3342 pos:206919 chunknumber 394900 contains 269 sites
	-> Region lookup 858/1139
	-> Printing at chr: SczhEnG_3349 pos:30541 chunknumber 395000 contains 744 sites
	-> Printing at chr: SczhEnG_3349 pos:65941 chunknumber 395100 contains 313 sites
	-> Printing at chr: SczhEnG_3349 pos:99574 chunknumber 395200 contains 523 sites
	-> Printing at chr: SczhEnG_3349 pos:139830 chunknumber 395300 contains 445 sites
	-> Printing at chr: SczhEnG_3349 pos:172221 chunknumber 395400 contains 409 sites
	-> Printing at chr: SczhEnG_3349 pos:206405 chunknumber 395500 contains 264 sites
	-> Region lookup 859/1139
	-> Region lookup 860/1139
	-> Printing at chr: SczhEnG_3355 pos:3413 chunknumber 395600 contains 549 sites
	-> Region lookup 861/1139
	-> Printing at chr: SczhEnG_3357 pos:14767 chunknumber 395700 contains 593 sites
	-> Printing at chr: SczhEnG_3357 pos:51412 chunknumber 395800 contains 252 sites
	-> Region lookup 862/1139
	-> Printing at chr: SczhEnG_3366 pos:11521 chunknumber 395900 contains 251 sites
	-> Printing at chr: SczhEnG_3366 pos:45933 chunknumber 396000 contains 377 sites
	-> Printing at chr: SczhEnG_3366 pos:80845 chunknumber 396100 contains 291 sites
	-> Printing at chr: SczhEnG_3366 pos:114929 chunknumber 396200 contains 257 sites
	-> Region lookup 863/1139
	-> Region lookup 864/1139
	-> Printing at chr: SczhEnG_3374 pos:17593 chunknumber 396300 contains 715 sites
	-> Region lookup 865/1139
	-> Printing at chr: SczhEnG_3375 pos:30656 chunknumber 396400 contains 479 sites
	-> Printing at chr: SczhEnG_3375 pos:60375 chunknumber 396500 contains 324 sites
	-> Printing at chr: SczhEnG_3375 pos:98624 chunknumber 396600 contains 253 sites
	-> Printing at chr: SczhEnG_3375 pos:132960 chunknumber 396700 contains 385 sites
	-> Printing at chr: SczhEnG_3375 pos:165148 chunknumber 396800 contains 252 sites
	-> Printing at chr: SczhEnG_3375 pos:206146 chunknumber 396900 contains 489 sites
	-> Printing at chr: SczhEnG_3375 pos:239338 chunknumber 397000 contains 305 sites
	-> Printing at chr: SczhEnG_3375 pos:274712 chunknumber 397100 contains 384 sites
	-> Printing at chr: SczhEnG_3375 pos:309837 chunknumber 397200 contains 251 sites
	-> Printing at chr: SczhEnG_3375 pos:344868 chunknumber 397300 contains 251 sites
	-> Printing at chr: SczhEnG_3375 pos:379769 chunknumber 397400 contains 327 sites
	-> Region lookup 866/1139
	-> Printing at chr: SczhEnG_3379 pos:44823 chunknumber 397500 contains 355 sites
	-> Region lookup 867/1139
	-> Printing at chr: SczhEnG_3381 pos:7448 chunknumber 397600 contains 1102 sites
	-> Printing at chr: SczhEnG_3381 pos:45074 chunknumber 397700 contains 313 sites
	-> Printing at chr: SczhEnG_3381 pos:79111 chunknumber 397800 contains 341 sites
	-> Printing at chr: SczhEnG_3381 pos:112313 chunknumber 397900 contains 277 sites
	-> Printing at chr: SczhEnG_3381 pos:147153 chunknumber 398000 contains 385 sites
	-> Printing at chr: SczhEnG_3381 pos:181747 chunknumber 398100 contains 252 sites
	-> Printing at chr: SczhEnG_3381 pos:218892 chunknumber 398200 contains 427 sites
	-> Printing at chr: SczhEnG_3381 pos:251292 chunknumber 398300 contains 329 sites
	-> Printing at chr: SczhEnG_3381 pos:286410 chunknumber 398400 contains 292 sites
	-> Printing at chr: SczhEnG_3381 pos:320592 chunknumber 398500 contains 494 sites
	-> Printing at chr: SczhEnG_3381 pos:355952 chunknumber 398600 contains 264 sites
	-> Printing at chr: SczhEnG_3381 pos:392270 chunknumber 398700 contains 349 sites
	-> Printing at chr: SczhEnG_3381 pos:427942 chunknumber 398800 contains 288 sites
	-> Printing at chr: SczhEnG_3381 pos:461507 chunknumber 398900 contains 339 sites
	-> Printing at chr: SczhEnG_3381 pos:495390 chunknumber 399000 contains 427 sites
	-> Printing at chr: SczhEnG_3381 pos:531932 chunknumber 399100 contains 262 sites
	-> Printing at chr: SczhEnG_3381 pos:564819 chunknumber 399200 contains 278 sites
	-> Printing at chr: SczhEnG_3381 pos:599283 chunknumber 399300 contains 344 sites
	-> Printing at chr: SczhEnG_3381 pos:633240 chunknumber 399400 contains 279 sites
	-> Printing at chr: SczhEnG_3381 pos:667889 chunknumber 399500 contains 312 sites
	-> Printing at chr: SczhEnG_3381 pos:701751 chunknumber 399600 contains 285 sites
	-> Region lookup 868/1139
	-> Printing at chr: SczhEnG_3382 pos:28241 chunknumber 399700 contains 252 sites
	-> Printing at chr: SczhEnG_3382 pos:61889 chunknumber 399800 contains 392 sites
	-> Printing at chr: SczhEnG_3382 pos:95816 chunknumber 399900 contains 252 sites
	-> Printing at chr: SczhEnG_3382 pos:129949 chunknumber 400000 contains 285 sites
	-> Printing at chr: SczhEnG_3382 pos:163935 chunknumber 400100 contains 274 sites
	-> Printing at chr: SczhEnG_3382 pos:195974 chunknumber 400200 contains 366 sites
	-> Printing at chr: SczhEnG_3382 pos:230186 chunknumber 400300 contains 342 sites
	-> Printing at chr: SczhEnG_3382 pos:264504 chunknumber 400400 contains 339 sites
	-> Region lookup 869/1139
	-> Printing at chr: SczhEnG_3385 pos:23986 chunknumber 400500 contains 381 sites
	-> Region lookup 870/1139
	-> Printing at chr: SczhEnG_3389 pos:31347 chunknumber 400600 contains 330 sites
	-> Printing at chr: SczhEnG_3389 pos:69863 chunknumber 400700 contains 327 sites
	-> Printing at chr: SczhEnG_3389 pos:105044 chunknumber 400800 contains 347 sites
	-> Printing at chr: SczhEnG_3389 pos:139613 chunknumber 400900 contains 265 sites
	-> Printing at chr: SczhEnG_3389 pos:175622 chunknumber 401000 contains 282 sites
	-> Printing at chr: SczhEnG_3389 pos:210468 chunknumber 401100 contains 460 sites
	-> Printing at chr: SczhEnG_3389 pos:243905 chunknumber 401200 contains 479 sites
	-> Printing at chr: SczhEnG_3389 pos:279823 chunknumber 401300 contains 386 sites
	-> Printing at chr: SczhEnG_3389 pos:315378 chunknumber 401400 contains 507 sites
	-> Printing at chr: SczhEnG_3389 pos:349703 chunknumber 401500 contains 276 sites
	-> Printing at chr: SczhEnG_3389 pos:384889 chunknumber 401600 contains 468 sites
	-> Printing at chr: SczhEnG_3389 pos:420121 chunknumber 401700 contains 376 sites
	-> Region lookup 871/1139
	-> Printing at chr: SczhEnG_3399 pos:13762 chunknumber 401800 contains 252 sites
	-> Printing at chr: SczhEnG_3399 pos:48359 chunknumber 401900 contains 299 sites
	-> Region lookup 872/1139
	-> Printing at chr: SczhEnG_3403 pos:18588 chunknumber 402000 contains 383 sites
	-> Region lookup 873/1139
	-> Printing at chr: SczhEnG_3409 pos:22856 chunknumber 402100 contains 496 sites
	-> Printing at chr: SczhEnG_3409 pos:58308 chunknumber 402200 contains 920 sites
	-> Printing at chr: SczhEnG_3409 pos:93422 chunknumber 402300 contains 257 sites
	-> Printing at chr: SczhEnG_3409 pos:132898 chunknumber 402400 contains 402 sites
	-> Printing at chr: SczhEnG_3409 pos:167991 chunknumber 402500 contains 415 sites
	-> Printing at chr: SczhEnG_3409 pos:201183 chunknumber 402600 contains 264 sites
	-> Printing at chr: SczhEnG_3409 pos:234706 chunknumber 402700 contains 256 sites
	-> Printing at chr: SczhEnG_3409 pos:268487 chunknumber 402800 contains 360 sites
	-> Printing at chr: SczhEnG_3409 pos:302221 chunknumber 402900 contains 396 sites
	-> Printing at chr: SczhEnG_3409 pos:339139 chunknumber 403000 contains 434 sites
	-> Region lookup 874/1139
	-> Printing at chr: SczhEnG_3422 pos:1016 chunknumber 403100 contains 256 sites
	-> Printing at chr: SczhEnG_3422 pos:37064 chunknumber 403200 contains 272 sites
	-> Region lookup 875/1139
	-> Printing at chr: SczhEnG_3424 pos:28007 chunknumber 403300 contains 320 sites
	-> Printing at chr: SczhEnG_3424 pos:63901 chunknumber 403400 contains 251 sites
	-> Printing at chr: SczhEnG_3424 pos:98537 chunknumber 403500 contains 256 sites
	-> Printing at chr: SczhEnG_3424 pos:136313 chunknumber 403600 contains 277 sites
	-> Printing at chr: SczhEnG_3424 pos:169995 chunknumber 403700 contains 762 sites
	-> Region lookup 876/1139
	-> Printing at chr: SczhEnG_3425 pos:5747 chunknumber 403800 contains 318 sites
	-> Printing at chr: SczhEnG_3425 pos:37773 chunknumber 403900 contains 252 sites
	-> Region lookup 877/1139
	-> Region lookup 878/1139
	-> Printing at chr: SczhEnG_3433 pos:1680 chunknumber 404000 contains 331 sites
	-> Printing at chr: SczhEnG_3433 pos:35699 chunknumber 404100 contains 402 sites
	-> Printing at chr: SczhEnG_3433 pos:69593 chunknumber 404200 contains 406 sites
	-> Printing at chr: SczhEnG_3433 pos:106274 chunknumber 404300 contains 253 sites
	-> Printing at chr: SczhEnG_3433 pos:138680 chunknumber 404400 contains 398 sites
	-> Printing at chr: SczhEnG_3433 pos:173613 chunknumber 404500 contains 251 sites
	-> Printing at chr: SczhEnG_3433 pos:210912 chunknumber 404600 contains 414 sites
	-> Printing at chr: SczhEnG_3433 pos:250316 chunknumber 404700 contains 363 sites
	-> Printing at chr: SczhEnG_3433 pos:291613 chunknumber 404800 contains 432 sites
	-> Printing at chr: SczhEnG_3433 pos:327108 chunknumber 404900 contains 349 sites
	-> Printing at chr: SczhEnG_3433 pos:360259 chunknumber 405000 contains 376 sites
	-> Printing at chr: SczhEnG_3433 pos:397415 chunknumber 405100 contains 425 sites
	-> Printing at chr: SczhEnG_3433 pos:433767 chunknumber 405200 contains 387 sites
	-> Printing at chr: SczhEnG_3433 pos:467883 chunknumber 405300 contains 254 sites
	-> Printing at chr: SczhEnG_3433 pos:503485 chunknumber 405400 contains 285 sites
	-> Printing at chr: SczhEnG_3433 pos:538148 chunknumber 405500 contains 296 sites
	-> Printing at chr: SczhEnG_3433 pos:573700 chunknumber 405600 contains 332 sites
	-> Printing at chr: SczhEnG_3433 pos:608668 chunknumber 405700 contains 332 sites
	-> Printing at chr: SczhEnG_3433 pos:642645 chunknumber 405800 contains 403 sites
	-> Printing at chr: SczhEnG_3433 pos:677196 chunknumber 405900 contains 320 sites
	-> Printing at chr: SczhEnG_3433 pos:711269 chunknumber 406000 contains 298 sites
	-> Printing at chr: SczhEnG_3433 pos:750815 chunknumber 406100 contains 279 sites
	-> Printing at chr: SczhEnG_3433 pos:784089 chunknumber 406200 contains 405 sites
	-> Printing at chr: SczhEnG_3433 pos:819610 chunknumber 406300 contains 304 sites
	-> Printing at chr: SczhEnG_3433 pos:854728 chunknumber 406400 contains 281 sites
	-> Printing at chr: SczhEnG_3433 pos:889204 chunknumber 406500 contains 334 sites
	-> Printing at chr: SczhEnG_3433 pos:925072 chunknumber 406600 contains 386 sites
	-> Printing at chr: SczhEnG_3433 pos:958880 chunknumber 406700 contains 319 sites
	-> Printing at chr: SczhEnG_3433 pos:994553 chunknumber 406800 contains 256 sites
	-> Printing at chr: SczhEnG_3433 pos:1030389 chunknumber 406900 contains 404 sites
	-> Printing at chr: SczhEnG_3433 pos:1067430 chunknumber 407000 contains 326 sites
	-> Printing at chr: SczhEnG_3433 pos:1102831 chunknumber 407100 contains 413 sites
	-> Printing at chr: SczhEnG_3433 pos:1135854 chunknumber 407200 contains 251 sites
	-> Printing at chr: SczhEnG_3433 pos:1173341 chunknumber 407300 contains 294 sites
	-> Printing at chr: SczhEnG_3433 pos:1208125 chunknumber 407400 contains 580 sites
	-> Printing at chr: SczhEnG_3433 pos:1242953 chunknumber 407500 contains 256 sites
	-> Printing at chr: SczhEnG_3433 pos:1275902 chunknumber 407600 contains 275 sites
	-> Printing at chr: SczhEnG_3433 pos:1310674 chunknumber 407700 contains 298 sites
	-> Printing at chr: SczhEnG_3433 pos:1343916 chunknumber 407800 contains 299 sites
	-> Region lookup 879/1139
	-> Region lookup 880/1139
	-> Printing at chr: SczhEnG_3440 pos:2869 chunknumber 407900 contains 288 sites
	-> Printing at chr: SczhEnG_3440 pos:35436 chunknumber 408000 contains 280 sites
	-> Printing at chr: SczhEnG_3440 pos:71302 chunknumber 408100 contains 312 sites
	-> Region lookup 881/1139
	-> Printing at chr: SczhEnG_3441 pos:3790 chunknumber 408200 contains 447 sites
	-> Printing at chr: SczhEnG_3441 pos:38000 chunknumber 408300 contains 291 sites
	-> Printing at chr: SczhEnG_3441 pos:73830 chunknumber 408400 contains 394 sites
	-> Printing at chr: SczhEnG_3441 pos:110645 chunknumber 408500 contains 252 sites
	-> Printing at chr: SczhEnG_3441 pos:144917 chunknumber 408600 contains 346 sites
	-> Printing at chr: SczhEnG_3441 pos:182309 chunknumber 408700 contains 344 sites
	-> Printing at chr: SczhEnG_3441 pos:216770 chunknumber 408800 contains 317 sites
	-> Printing at chr: SczhEnG_3441 pos:252401 chunknumber 408900 contains 301 sites
	-> Printing at chr: SczhEnG_3441 pos:287824 chunknumber 409000 contains 304 sites
	-> Printing at chr: SczhEnG_3441 pos:323601 chunknumber 409100 contains 434 sites
	-> Printing at chr: SczhEnG_3441 pos:359304 chunknumber 409200 contains 267 sites
	-> Printing at chr: SczhEnG_3441 pos:392837 chunknumber 409300 contains 413 sites
	-> Printing at chr: SczhEnG_3441 pos:426999 chunknumber 409400 contains 307 sites
	-> Printing at chr: SczhEnG_3441 pos:463543 chunknumber 409500 contains 314 sites
	-> Printing at chr: SczhEnG_3441 pos:499175 chunknumber 409600 contains 516 sites
	-> Printing at chr: SczhEnG_3441 pos:534720 chunknumber 409700 contains 331 sites
	-> Printing at chr: SczhEnG_3441 pos:568073 chunknumber 409800 contains 277 sites
	-> Region lookup 882/1139
	-> Printing at chr: SczhEnG_3442 pos:17436 chunknumber 409900 contains 377 sites
	-> Printing at chr: SczhEnG_3442 pos:63948 chunknumber 410000 contains 251 sites
	-> Printing at chr: SczhEnG_3442 pos:96595 chunknumber 410100 contains 655 sites
	-> Region lookup 883/1139
	-> Printing at chr: SczhEnG_3445 pos:1793 chunknumber 410200 contains 252 sites
	-> Region lookup 884/1139
	-> Printing at chr: SczhEnG_3451 pos:7353 chunknumber 410300 contains 299 sites
	-> Region lookup 885/1139
	-> Printing at chr: SczhEnG_3454 pos:20194 chunknumber 410400 contains 262 sites
	-> Printing at chr: SczhEnG_3454 pos:57527 chunknumber 410500 contains 313 sites
	-> Printing at chr: SczhEnG_3454 pos:92540 chunknumber 410600 contains 299 sites
	-> Printing at chr: SczhEnG_3454 pos:126509 chunknumber 410700 contains 392 sites
	-> Printing at chr: SczhEnG_3454 pos:160613 chunknumber 410800 contains 254 sites
	-> Printing at chr: SczhEnG_3454 pos:195801 chunknumber 410900 contains 489 sites
	-> Printing at chr: SczhEnG_3454 pos:232694 chunknumber 411000 contains 326 sites
	-> Printing at chr: SczhEnG_3454 pos:269481 chunknumber 411100 contains 271 sites
	-> Printing at chr: SczhEnG_3454 pos:301956 chunknumber 411200 contains 410 sites
	-> Printing at chr: SczhEnG_3454 pos:337135 chunknumber 411300 contains 249 sites
	-> Printing at chr: SczhEnG_3454 pos:369219 chunknumber 411400 contains 344 sites
	-> Printing at chr: SczhEnG_3454 pos:404875 chunknumber 411500 contains 372 sites
	-> Printing at chr: SczhEnG_3454 pos:438798 chunknumber 411600 contains 380 sites
	-> Printing at chr: SczhEnG_3454 pos:473249 chunknumber 411700 contains 334 sites
	-> Printing at chr: SczhEnG_3454 pos:508875 chunknumber 411800 contains 451 sites
	-> Printing at chr: SczhEnG_3454 pos:543665 chunknumber 411900 contains 363 sites
	-> Printing at chr: SczhEnG_3454 pos:574405 chunknumber 412000 contains 251 sites
	-> Printing at chr: SczhEnG_3454 pos:606496 chunknumber 412100 contains 260 sites
	-> Printing at chr: SczhEnG_3454 pos:643324 chunknumber 412200 contains 255 sites
	-> Region lookup 886/1139
	-> Printing at chr: SczhEnG_3461 pos:20286 chunknumber 412300 contains 262 sites
	-> Printing at chr: SczhEnG_3461 pos:53642 chunknumber 412400 contains 216 sites
	-> Printing at chr: SczhEnG_3461 pos:90181 chunknumber 412500 contains 252 sites
	-> Region lookup 887/1139
	-> Printing at chr: SczhEnG_3468 pos:1893 chunknumber 412600 contains 259 sites
	-> Printing at chr: SczhEnG_3468 pos:39346 chunknumber 412700 contains 464 sites
	-> Printing at chr: SczhEnG_3468 pos:76890 chunknumber 412800 contains 303 sites
	-> Printing at chr: SczhEnG_3468 pos:113314 chunknumber 412900 contains 253 sites
	-> Region lookup 888/1139
	-> Printing at chr: SczhEnG_3471 pos:18186 chunknumber 413000 contains 393 sites
	-> Printing at chr: SczhEnG_3471 pos:53114 chunknumber 413100 contains 363 sites
	-> Printing at chr: SczhEnG_3471 pos:92119 chunknumber 413200 contains 334 sites
	-> Printing at chr: SczhEnG_3471 pos:132913 chunknumber 413300 contains 1423 sites
	-> Printing at chr: SczhEnG_3471 pos:169216 chunknumber 413400 contains 293 sites
	-> Printing at chr: SczhEnG_3471 pos:204846 chunknumber 413500 contains 253 sites
	-> Printing at chr: SczhEnG_3471 pos:239247 chunknumber 413600 contains 322 sites
	-> Region lookup 889/1139
	-> Region lookup 890/1139
	-> Printing at chr: SczhEnG_3472 pos:27592 chunknumber 413700 contains 45 sites
	-> Region lookup 891/1139
	-> Printing at chr: SczhEnG_3482 pos:10304 chunknumber 413800 contains 332 sites
	-> Printing at chr: SczhEnG_3482 pos:46920 chunknumber 413900 contains 417 sites
	-> Region lookup 892/1139
	-> Printing at chr: SczhEnG_3487 pos:20677 chunknumber 414000 contains 264 sites
	-> Printing at chr: SczhEnG_3487 pos:58268 chunknumber 414100 contains 352 sites
	-> Printing at chr: SczhEnG_3487 pos:95171 chunknumber 414200 contains 329 sites
	-> Printing at chr: SczhEnG_3487 pos:131441 chunknumber 414300 contains 372 sites
	-> Printing at chr: SczhEnG_3487 pos:164064 chunknumber 414400 contains 296 sites
	-> Printing at chr: SczhEnG_3487 pos:202938 chunknumber 414500 contains 1171 sites
	-> Printing at chr: SczhEnG_3487 pos:240414 chunknumber 414600 contains 406 sites
	-> Printing at chr: SczhEnG_3487 pos:274456 chunknumber 414700 contains 387 sites
	-> Printing at chr: SczhEnG_3487 pos:312292 chunknumber 414800 contains 260 sites
	-> Printing at chr: SczhEnG_3487 pos:346484 chunknumber 414900 contains 289 sites
	-> Printing at chr: SczhEnG_3487 pos:381743 chunknumber 415000 contains 356 sites
	-> Printing at chr: SczhEnG_3487 pos:416773 chunknumber 415100 contains 340 sites
	-> Printing at chr: SczhEnG_3487 pos:454160 chunknumber 415200 contains 313 sites
	-> Printing at chr: SczhEnG_3487 pos:491176 chunknumber 415300 contains 316 sites
	-> Region lookup 893/1139
	-> Printing at chr: SczhEnG_3492 pos:26202 chunknumber 415400 contains 258 sites
	-> Printing at chr: SczhEnG_3492 pos:60278 chunknumber 415500 contains 350 sites
	-> Printing at chr: SczhEnG_3492 pos:96268 chunknumber 415600 contains 252 sites
	-> Printing at chr: SczhEnG_3492 pos:131632 chunknumber 415700 contains 359 sites
	-> Printing at chr: SczhEnG_3492 pos:168194 chunknumber 415800 contains 390 sites
	-> Printing at chr: SczhEnG_3492 pos:203627 chunknumber 415900 contains 253 sites
	-> Printing at chr: SczhEnG_3492 pos:237552 chunknumber 416000 contains 405 sites
	-> Printing at chr: SczhEnG_3492 pos:271470 chunknumber 416100 contains 315 sites
	-> Printing at chr: SczhEnG_3492 pos:304530 chunknumber 416200 contains 181 sites
	-> Region lookup 894/1139
	-> Printing at chr: SczhEnG_3492 pos:340411 chunknumber 416300 contains 536 sites
	-> Printing at chr: SczhEnG_3493 pos:33150 chunknumber 416400 contains 386 sites
	-> Printing at chr: SczhEnG_3493 pos:67675 chunknumber 416500 contains 277 sites
	-> Region lookup 895/1139
	-> Printing at chr: SczhEnG_3499 pos:15518 chunknumber 416600 contains 254 sites
	-> Printing at chr: SczhEnG_3499 pos:58461 chunknumber 416700 contains 269 sites
	-> Region lookup 896/1139
	-> Region lookup 897/1139
	-> Printing at chr: SczhEnG_3511 pos:8632 chunknumber 416800 contains 397 sites
	-> Printing at chr: SczhEnG_3511 pos:45039 chunknumber 416900 contains 401 sites
	-> Printing at chr: SczhEnG_3511 pos:81225 chunknumber 417000 contains 561 sites
	-> Printing at chr: SczhEnG_3511 pos:115228 chunknumber 417100 contains 634 sites
	-> Printing at chr: SczhEnG_3511 pos:153959 chunknumber 417200 contains 300 sites
	-> Printing at chr: SczhEnG_3511 pos:190494 chunknumber 417300 contains 407 sites
	-> Region lookup 898/1139
	-> Printing at chr: SczhEnG_3512 pos:7611 chunknumber 417400 contains 297 sites
	-> Printing at chr: SczhEnG_3512 pos:42677 chunknumber 417500 contains 391 sites
	-> Printing at chr: SczhEnG_3512 pos:76665 chunknumber 417600 contains 255 sites
	-> Printing at chr: SczhEnG_3512 pos:112857 chunknumber 417700 contains 303 sites
	-> Printing at chr: SczhEnG_3512 pos:147545 chunknumber 417800 contains 415 sites
	-> Printing at chr: SczhEnG_3512 pos:180883 chunknumber 417900 contains 262 sites
	-> Printing at chr: SczhEnG_3512 pos:216394 chunknumber 418000 contains 377 sites
	-> Printing at chr: SczhEnG_3512 pos:250372 chunknumber 418100 contains 251 sites
	-> Printing at chr: SczhEnG_3512 pos:285519 chunknumber 418200 contains 252 sites
	-> Printing at chr: SczhEnG_3512 pos:318984 chunknumber 418300 contains 379 sites
	-> Region lookup 899/1139
	-> Printing at chr: SczhEnG_3515 pos:42812 chunknumber 418400 contains 420 sites
	-> Printing at chr: SczhEnG_3515 pos:85972 chunknumber 418500 contains 251 sites
	-> Region lookup 900/1139
	-> Printing at chr: SczhEnG_3516 pos:30209 chunknumber 418600 contains 466 sites
	-> Region lookup 901/1139
	-> Printing at chr: SczhEnG_3518 pos:7486 chunknumber 418700 contains 307 sites
	-> Printing at chr: SczhEnG_3518 pos:42939 chunknumber 418800 contains 492 sites
	-> Printing at chr: SczhEnG_3518 pos:77772 chunknumber 418900 contains 432 sites
	-> Printing at chr: SczhEnG_3518 pos:111740 chunknumber 419000 contains 256 sites
	-> Printing at chr: SczhEnG_3518 pos:144607 chunknumber 419100 contains 252 sites
	-> Region lookup 902/1139
	-> Printing at chr: SczhEnG_3519 pos:7289 chunknumber 419200 contains 261 sites
	-> Printing at chr: SczhEnG_3519 pos:44704 chunknumber 419300 contains 444 sites
	-> Printing at chr: SczhEnG_3519 pos:79790 chunknumber 419400 contains 607 sites
	-> Printing at chr: SczhEnG_3519 pos:115918 chunknumber 419500 contains 455 sites
	-> Printing at chr: SczhEnG_3519 pos:150561 chunknumber 419600 contains 377 sites
	-> Printing at chr: SczhEnG_3519 pos:182692 chunknumber 419700 contains 345 sites
	-> Region lookup 903/1139
	-> Printing at chr: SczhEnG_3524 pos:24426 chunknumber 419800 contains 294 sites
	-> Region lookup 904/1139
	-> Printing at chr: SczhEnG_3528 pos:9037 chunknumber 419900 contains 433 sites
	-> Printing at chr: SczhEnG_3528 pos:45477 chunknumber 420000 contains 276 sites
	-> Printing at chr: SczhEnG_3528 pos:79971 chunknumber 420100 contains 352 sites
	-> Printing at chr: SczhEnG_3528 pos:117380 chunknumber 420200 contains 504 sites
	-> Printing at chr: SczhEnG_3528 pos:153327 chunknumber 420300 contains 255 sites
	-> Printing at chr: SczhEnG_3528 pos:187490 chunknumber 420400 contains 288 sites
	-> Printing at chr: SczhEnG_3528 pos:223009 chunknumber 420500 contains 314 sites
	-> Printing at chr: SczhEnG_3528 pos:256824 chunknumber 420600 contains 431 sites
	-> Printing at chr: SczhEnG_3528 pos:292029 chunknumber 420700 contains 317 sites
	-> Printing at chr: SczhEnG_3528 pos:326057 chunknumber 420800 contains 231 sites
	-> Region lookup 905/1139
	-> Printing at chr: SczhEnG_3530 pos:33560 chunknumber 420900 contains 333 sites
	-> Printing at chr: SczhEnG_3530 pos:67515 chunknumber 421000 contains 264 sites
	-> Printing at chr: SczhEnG_3530 pos:102027 chunknumber 421100 contains 251 sites
	-> Printing at chr: SczhEnG_3530 pos:137823 chunknumber 421200 contains 671 sites
	-> Printing at chr: SczhEnG_3530 pos:171966 chunknumber 421300 contains 467 sites
	-> Printing at chr: SczhEnG_3530 pos:206122 chunknumber 421400 contains 278 sites
	-> Printing at chr: SczhEnG_3530 pos:239904 chunknumber 421500 contains 362 sites
	-> Printing at chr: SczhEnG_3530 pos:273434 chunknumber 421600 contains 393 sites
	-> Printing at chr: SczhEnG_3530 pos:307246 chunknumber 421700 contains 280 sites
	-> Region lookup 906/1139
	-> Region lookup 907/1139
	-> Printing at chr: SczhEnG_3532 pos:3614 chunknumber 421800 contains 251 sites
	-> Printing at chr: SczhEnG_3532 pos:39289 chunknumber 421900 contains 311 sites
	-> Region lookup 908/1139
	-> Printing at chr: SczhEnG_3533 pos:19415 chunknumber 422000 contains 633 sites
	-> Printing at chr: SczhEnG_3533 pos:68973 chunknumber 422100 contains 266 sites
	-> Printing at chr: SczhEnG_3533 pos:103856 chunknumber 422200 contains 559 sites
	-> Printing at chr: SczhEnG_3533 pos:139225 chunknumber 422300 contains 298 sites
	-> Region lookup 909/1139
	-> Printing at chr: SczhEnG_3537 pos:27445 chunknumber 422400 contains 340 sites
	-> Printing at chr: SczhEnG_3537 pos:67819 chunknumber 422500 contains 364 sites
	-> Printing at chr: SczhEnG_3537 pos:104213 chunknumber 422600 contains 345 sites
	-> Printing at chr: SczhEnG_3537 pos:139574 chunknumber 422700 contains 261 sites
	-> Printing at chr: SczhEnG_3537 pos:174647 chunknumber 422800 contains 305 sites
	-> Printing at chr: SczhEnG_3537 pos:214943 chunknumber 422900 contains 330 sites
	-> Printing at chr: SczhEnG_3537 pos:250326 chunknumber 423000 contains 491 sites
	-> Printing at chr: SczhEnG_3537 pos:285366 chunknumber 423100 contains 257 sites
	-> Region lookup 910/1139
	-> Printing at chr: SczhEnG_3538 pos:27066 chunknumber 423200 contains 293 sites
	-> Region lookup 911/1139
	-> Printing at chr: SczhEnG_3539 pos:11503 chunknumber 423300 contains 299 sites
	-> Printing at chr: SczhEnG_3539 pos:41683 chunknumber 423400 contains 307 sites
	-> Printing at chr: SczhEnG_3539 pos:76582 chunknumber 423500 contains 261 sites
	-> Printing at chr: SczhEnG_3539 pos:125608 chunknumber 423600 contains 295 sites
	-> Printing at chr: SczhEnG_3539 pos:161261 chunknumber 423700 contains 391 sites
	-> Printing at chr: SczhEnG_3539 pos:196459 chunknumber 423800 contains 324 sites
	-> Printing at chr: SczhEnG_3539 pos:237344 chunknumber 423900 contains 363 sites
	-> Printing at chr: SczhEnG_3539 pos:270964 chunknumber 424000 contains 326 sites
	-> Printing at chr: SczhEnG_3539 pos:305349 chunknumber 424100 contains 345 sites
	-> Printing at chr: SczhEnG_3539 pos:338903 chunknumber 424200 contains 273 sites
	-> Printing at chr: SczhEnG_3539 pos:375387 chunknumber 424300 contains 266 sites
	-> Printing at chr: SczhEnG_3539 pos:409878 chunknumber 424400 contains 531 sites
	-> Printing at chr: SczhEnG_3539 pos:444803 chunknumber 424500 contains 467 sites
	-> Printing at chr: SczhEnG_3539 pos:479600 chunknumber 424600 contains 420 sites
	-> Printing at chr: SczhEnG_3539 pos:515989 chunknumber 424700 contains 268 sites
	-> Printing at chr: SczhEnG_3539 pos:552822 chunknumber 424800 contains 529 sites
	-> Printing at chr: SczhEnG_3539 pos:588709 chunknumber 424900 contains 324 sites
	-> Printing at chr: SczhEnG_3539 pos:622442 chunknumber 425000 contains 356 sites
	-> Printing at chr: SczhEnG_3539 pos:658082 chunknumber 425100 contains 384 sites
	-> Printing at chr: SczhEnG_3539 pos:695899 chunknumber 425200 contains 316 sites
	-> Printing at chr: SczhEnG_3539 pos:731693 chunknumber 425300 contains 410 sites
	-> Printing at chr: SczhEnG_3539 pos:764865 chunknumber 425400 contains 410 sites
	-> Printing at chr: SczhEnG_3539 pos:801718 chunknumber 425500 contains 981 sites
	-> Region lookup 912/1139
	-> Printing at chr: SczhEnG_3547 pos:2467 chunknumber 425600 contains 288 sites
	-> Printing at chr: SczhEnG_3547 pos:35169 chunknumber 425700 contains 260 sites
	-> Region lookup 913/1139
	-> Printing at chr: SczhEnG_3549 pos:40963 chunknumber 425800 contains 788 sites
	-> Printing at chr: SczhEnG_3549 pos:74743 chunknumber 425900 contains 291 sites
	-> Printing at chr: SczhEnG_3549 pos:124459 chunknumber 426000 contains 536 sites
	-> Printing at chr: SczhEnG_3549 pos:157638 chunknumber 426100 contains 573 sites
	-> Printing at chr: SczhEnG_3549 pos:193109 chunknumber 426200 contains 292 sites
	-> Printing at chr: SczhEnG_3549 pos:227159 chunknumber 426300 contains 359 sites
	-> Printing at chr: SczhEnG_3549 pos:261470 chunknumber 426400 contains 287 sites
	-> Printing at chr: SczhEnG_3549 pos:294984 chunknumber 426500 contains 435 sites
	-> Printing at chr: SczhEnG_3549 pos:329742 chunknumber 426600 contains 376 sites
	-> Printing at chr: SczhEnG_3549 pos:363936 chunknumber 426700 contains 295 sites
	-> Region lookup 914/1139
	-> Printing at chr: SczhEnG_3552 pos:31115 chunknumber 426800 contains 312 sites
	-> Printing at chr: SczhEnG_3552 pos:63707 chunknumber 426900 contains 251 sites
	-> Printing at chr: SczhEnG_3552 pos:95573 chunknumber 427000 contains 315 sites
	-> Printing at chr: SczhEnG_3552 pos:141287 chunknumber 427100 contains 3911 sites
	-> Printing at chr: SczhEnG_3552 pos:215590 chunknumber 427200 contains 251 sites
	-> Printing at chr: SczhEnG_3552 pos:248172 chunknumber 427300 contains 255 sites
	-> Region lookup 915/1139
	-> Printing at chr: SczhEnG_3560 pos:5716 chunknumber 427400 contains 251 sites
	-> Printing at chr: SczhEnG_3560 pos:41199 chunknumber 427500 contains 252 sites
	-> Region lookup 916/1139
	-> Region lookup 917/1139
	-> Printing at chr: SczhEnG_3571 pos:5153 chunknumber 427600 contains 258 sites
	-> Region lookup 918/1139
	-> Printing at chr: SczhEnG_3572 pos:29592 chunknumber 427700 contains 303 sites
	-> Printing at chr: SczhEnG_3572 pos:63598 chunknumber 427800 contains 405 sites
	-> Printing at chr: SczhEnG_3572 pos:99657 chunknumber 427900 contains 273 sites
	-> Printing at chr: SczhEnG_3572 pos:137126 chunknumber 428000 contains 265 sites
	-> Printing at chr: SczhEnG_3572 pos:170170 chunknumber 428100 contains 308 sites
	-> Region lookup 919/1139
	-> Printing at chr: SczhEnG_3574 pos:9274 chunknumber 428200 contains 261 sites
	-> Printing at chr: SczhEnG_3574 pos:43921 chunknumber 428300 contains 251 sites
	-> Printing at chr: SczhEnG_3574 pos:80657 chunknumber 428400 contains 412 sites
	-> Printing at chr: SczhEnG_3574 pos:115030 chunknumber 428500 contains 423 sites
	-> Printing at chr: SczhEnG_3574 pos:150610 chunknumber 428600 contains 436 sites
	-> Printing at chr: SczhEnG_3574 pos:184232 chunknumber 428700 contains 393 sites
	-> Printing at chr: SczhEnG_3574 pos:219182 chunknumber 428800 contains 422 sites
	-> Printing at chr: SczhEnG_3574 pos:253295 chunknumber 428900 contains 390 sites
	-> Printing at chr: SczhEnG_3574 pos:287870 chunknumber 429000 contains 327 sites
	-> Printing at chr: SczhEnG_3574 pos:321831 chunknumber 429100 contains 251 sites
	-> Region lookup 920/1139
	-> Printing at chr: SczhEnG_3584 pos:5170 chunknumber 429200 contains 260 sites
	-> Printing at chr: SczhEnG_3584 pos:37838 chunknumber 429300 contains 262 sites
	-> Printing at chr: SczhEnG_3584 pos:73844 chunknumber 429400 contains 255 sites
	-> Printing at chr: SczhEnG_3584 pos:106721 chunknumber 429500 contains 259 sites
	-> Printing at chr: SczhEnG_3584 pos:141707 chunknumber 429600 contains 399 sites
	-> Printing at chr: SczhEnG_3584 pos:176409 chunknumber 429700 contains 256 sites
	-> Printing at chr: SczhEnG_3584 pos:213233 chunknumber 429800 contains 299 sites
	-> Printing at chr: SczhEnG_3584 pos:249195 chunknumber 429900 contains 429 sites
	-> Printing at chr: SczhEnG_3584 pos:291380 chunknumber 430000 contains 259 sites
	-> Printing at chr: SczhEnG_3584 pos:332308 chunknumber 430100 contains 401 sites
	-> Printing at chr: SczhEnG_3584 pos:375993 chunknumber 430200 contains 257 sites
	-> Printing at chr: SczhEnG_3584 pos:410984 chunknumber 430300 contains 260 sites
	-> Printing at chr: SczhEnG_3584 pos:447332 chunknumber 430400 contains 381 sites
	-> Printing at chr: SczhEnG_3584 pos:482386 chunknumber 430500 contains 463 sites
	-> Printing at chr: SczhEnG_3584 pos:516480 chunknumber 430600 contains 305 sites
	-> Printing at chr: SczhEnG_3584 pos:551425 chunknumber 430700 contains 257 sites
	-> Printing at chr: SczhEnG_3584 pos:586562 chunknumber 430800 contains 213 sites
	-> Region lookup 921/1139
	-> Printing at chr: SczhEnG_3586 pos:36710 chunknumber 430900 contains 563 sites
	-> Printing at chr: SczhEnG_3586 pos:73000 chunknumber 431000 contains 470 sites
	-> Printing at chr: SczhEnG_3586 pos:107144 chunknumber 431100 contains 257 sites
	-> Printing at chr: SczhEnG_3586 pos:139832 chunknumber 431200 contains 505 sites
	-> Printing at chr: SczhEnG_3586 pos:174067 chunknumber 431300 contains 430 sites
	-> Region lookup 922/1139
	-> Printing at chr: SczhEnG_3587 pos:13189 chunknumber 431400 contains 287 sites
	-> Region lookup 923/1139
	-> Printing at chr: SczhEnG_3588 pos:8357 chunknumber 431500 contains 360 sites
	-> Printing at chr: SczhEnG_3588 pos:41602 chunknumber 431600 contains 279 sites
	-> Printing at chr: SczhEnG_3588 pos:76373 chunknumber 431700 contains 313 sites
	-> Region lookup 924/1139
	-> Printing at chr: SczhEnG_3589 pos:25759 chunknumber 431800 contains 341 sites
	-> Printing at chr: SczhEnG_3589 pos:61186 chunknumber 431900 contains 473 sites
	-> Printing at chr: SczhEnG_3589 pos:98530 chunknumber 432000 contains 294 sites
	-> Region lookup 925/1139
	-> Printing at chr: SczhEnG_3592 pos:26568 chunknumber 432100 contains 258 sites
	-> Region lookup 926/1139
	-> Printing at chr: SczhEnG_3594 pos:42970 chunknumber 432200 contains 542 sites
	-> Printing at chr: SczhEnG_3594 pos:77192 chunknumber 432300 contains 352 sites
	-> Printing at chr: SczhEnG_3594 pos:110413 chunknumber 432400 contains 254 sites
	-> Printing at chr: SczhEnG_3594 pos:145426 chunknumber 432500 contains 251 sites
	-> Printing at chr: SczhEnG_3594 pos:181706 chunknumber 432600 contains 331 sites
	-> Printing at chr: SczhEnG_3594 pos:216499 chunknumber 432700 contains 424 sites
	-> Region lookup 927/1139
	-> Printing at chr: SczhEnG_3596 pos:12808 chunknumber 432800 contains 474 sites
	-> Region lookup 928/1139
	-> Printing at chr: SczhEnG_3602 pos:25511 chunknumber 432900 contains 253 sites
	-> Printing at chr: SczhEnG_3602 pos:63148 chunknumber 433000 contains 251 sites
	-> Region lookup 929/1139
	-> Printing at chr: SczhEnG_3603 pos:8496 chunknumber 433100 contains 308 sites
	-> Printing at chr: SczhEnG_3603 pos:40397 chunknumber 433200 contains 376 sites
	-> Printing at chr: SczhEnG_3603 pos:74775 chunknumber 433300 contains 272 sites
	-> Region lookup 930/1139
	-> Printing at chr: SczhEnG_3603 pos:108170 chunknumber 433400 contains 18 sites
	-> Region lookup 931/1139
	-> Printing at chr: SczhEnG_3607 pos:18666 chunknumber 433500 contains 386 sites
	-> Printing at chr: SczhEnG_3607 pos:54923 chunknumber 433600 contains 307 sites
	-> Region lookup 932/1139
	-> Printing at chr: SczhEnG_3611 pos:9516 chunknumber 433700 contains 253 sites
	-> Region lookup 933/1139
	-> Printing at chr: SczhEnG_3613 pos:1455 chunknumber 433800 contains 377 sites
	-> Printing at chr: SczhEnG_3613 pos:37526 chunknumber 433900 contains 318 sites
	-> Printing at chr: SczhEnG_3613 pos:72526 chunknumber 434000 contains 270 sites
	-> Printing at chr: SczhEnG_3613 pos:107778 chunknumber 434100 contains 290 sites
	-> Printing at chr: SczhEnG_3613 pos:141614 chunknumber 434200 contains 349 sites
	-> Printing at chr: SczhEnG_3613 pos:178769 chunknumber 434300 contains 295 sites
	-> Printing at chr: SczhEnG_3613 pos:211906 chunknumber 434400 contains 540 sites
	-> Printing at chr: SczhEnG_3613 pos:244374 chunknumber 434500 contains 363 sites
	-> Printing at chr: SczhEnG_3613 pos:278647 chunknumber 434600 contains 294 sites
	-> Printing at chr: SczhEnG_3613 pos:327795 chunknumber 434700 contains 1197 sites
	-> Printing at chr: SczhEnG_3613 pos:361446 chunknumber 434800 contains 254 sites
	-> Printing at chr: SczhEnG_3613 pos:393656 chunknumber 434900 contains 342 sites
	-> Printing at chr: SczhEnG_3613 pos:431560 chunknumber 435000 contains 1214 sites
	-> Region lookup 934/1139
	-> Printing at chr: SczhEnG_3614 pos:44919 chunknumber 435100 contains 256 sites
	-> Region lookup 935/1139
	-> Printing at chr: SczhEnG_3616 pos:32231 chunknumber 435200 contains 277 sites
	-> Region lookup 936/1139
	-> Region lookup 937/1139
	-> Printing at chr: SczhEnG_3625 pos:16080 chunknumber 435300 contains 259 sites
	-> Printing at chr: SczhEnG_3625 pos:48383 chunknumber 435400 contains 270 sites
	-> Region lookup 938/1139
	-> Printing at chr: SczhEnG_3629 pos:22639 chunknumber 435500 contains 346 sites
	-> Printing at chr: SczhEnG_3629 pos:56755 chunknumber 435600 contains 308 sites
	-> Region lookup 939/1139
	-> Printing at chr: SczhEnG_3631 pos:33267 chunknumber 435700 contains 292 sites
	-> Printing at chr: SczhEnG_3631 pos:66538 chunknumber 435800 contains 252 sites
	-> Printing at chr: SczhEnG_3631 pos:110496 chunknumber 435900 contains 609 sites
	-> Printing at chr: SczhEnG_3631 pos:151914 chunknumber 436000 contains 408 sites
	-> Printing at chr: SczhEnG_3631 pos:186733 chunknumber 436100 contains 284 sites
	-> Printing at chr: SczhEnG_3631 pos:219769 chunknumber 436200 contains 372 sites
	-> Printing at chr: SczhEnG_3631 pos:255928 chunknumber 436300 contains 320 sites
	-> Printing at chr: SczhEnG_3631 pos:289217 chunknumber 436400 contains 340 sites
	-> Printing at chr: SczhEnG_3631 pos:322185 chunknumber 436500 contains 275 sites
	-> Printing at chr: SczhEnG_3631 pos:357695 chunknumber 436600 contains 469 sites
	-> Printing at chr: SczhEnG_3631 pos:392926 chunknumber 436700 contains 386 sites
	-> Printing at chr: SczhEnG_3631 pos:428695 chunknumber 436800 contains 1198 sites
	-> Printing at chr: SczhEnG_3631 pos:466410 chunknumber 436900 contains 325 sites
	-> Printing at chr: SczhEnG_3631 pos:499980 chunknumber 437000 contains 490 sites
	-> Printing at chr: SczhEnG_3631 pos:535863 chunknumber 437100 contains 377 sites
	-> Region lookup 940/1139
	-> Printing at chr: SczhEnG_3638 pos:17085 chunknumber 437200 contains 438 sites
	-> Printing at chr: SczhEnG_3638 pos:53074 chunknumber 437300 contains 557 sites
	-> Printing at chr: SczhEnG_3638 pos:88514 chunknumber 437400 contains 286 sites
	-> Printing at chr: SczhEnG_3638 pos:124784 chunknumber 437500 contains 320 sites
	-> Printing at chr: SczhEnG_3638 pos:159906 chunknumber 437600 contains 288 sites
	-> Region lookup 941/1139
	-> Printing at chr: SczhEnG_3643 pos:34811 chunknumber 437700 contains 376 sites
	-> Region lookup 942/1139
	-> Printing at chr: SczhEnG_3644 pos:6550 chunknumber 437800 contains 315 sites
	-> Printing at chr: SczhEnG_3644 pos:42303 chunknumber 437900 contains 418 sites
	-> Printing at chr: SczhEnG_3644 pos:78767 chunknumber 438000 contains 340 sites
	-> Printing at chr: SczhEnG_3644 pos:115777 chunknumber 438100 contains 253 sites
	-> Printing at chr: SczhEnG_3644 pos:151637 chunknumber 438200 contains 331 sites
	-> Printing at chr: SczhEnG_3644 pos:185199 chunknumber 438300 contains 332 sites
	-> Printing at chr: SczhEnG_3644 pos:219761 chunknumber 438400 contains 304 sites
	-> Printing at chr: SczhEnG_3644 pos:256676 chunknumber 438500 contains 308 sites
	-> Printing at chr: SczhEnG_3644 pos:311288 chunknumber 438600 contains 251 sites
	-> Printing at chr: SczhEnG_3644 pos:349772 chunknumber 438700 contains 269 sites
	-> Printing at chr: SczhEnG_3644 pos:385950 chunknumber 438800 contains 331 sites
	-> Printing at chr: SczhEnG_3644 pos:420530 chunknumber 438900 contains 431 sites
	-> Region lookup 943/1139
	-> Printing at chr: SczhEnG_3644 pos:457922 chunknumber 439000 contains 20 sites
	-> Printing at chr: SczhEnG_3649 pos:32930 chunknumber 439100 contains 251 sites
	-> Printing at chr: SczhEnG_3649 pos:64653 chunknumber 439200 contains 444 sites
	-> Region lookup 944/1139
	-> Region lookup 945/1139
	-> Printing at chr: SczhEnG_3660 pos:24565 chunknumber 439300 contains 317 sites
	-> Region lookup 946/1139
	-> Printing at chr: SczhEnG_3667 pos:19552 chunknumber 439400 contains 252 sites
	-> Region lookup 947/1139
	-> Printing at chr: SczhEnG_3670 pos:16566 chunknumber 439500 contains 296 sites
	-> Printing at chr: SczhEnG_3670 pos:48893 chunknumber 439600 contains 251 sites
	-> Region lookup 948/1139
	-> Printing at chr: SczhEnG_3680 pos:27631 chunknumber 439700 contains 404 sites
	-> Printing at chr: SczhEnG_3680 pos:59461 chunknumber 439800 contains 348 sites
	-> Printing at chr: SczhEnG_3680 pos:93117 chunknumber 439900 contains 444 sites
	-> Printing at chr: SczhEnG_3680 pos:127559 chunknumber 440000 contains 252 sites
	-> Region lookup 949/1139
	-> Printing at chr: SczhEnG_3681 pos:25821 chunknumber 440100 contains 253 sites
	-> Printing at chr: SczhEnG_3681 pos:60878 chunknumber 440200 contains 254 sites
	-> Printing at chr: SczhEnG_3681 pos:97755 chunknumber 440300 contains 266 sites
	-> Printing at chr: SczhEnG_3681 pos:134173 chunknumber 440400 contains 454 sites
	-> Printing at chr: SczhEnG_3681 pos:170363 chunknumber 440500 contains 476 sites
	-> Printing at chr: SczhEnG_3681 pos:200261 chunknumber 440600 contains 254 sites
	-> Printing at chr: SczhEnG_3681 pos:235953 chunknumber 440700 contains 361 sites
	-> Printing at chr: SczhEnG_3681 pos:270902 chunknumber 440800 contains 419 sites
	-> Printing at chr: SczhEnG_3681 pos:305153 chunknumber 440900 contains 434 sites
	-> Printing at chr: SczhEnG_3681 pos:339749 chunknumber 441000 contains 365 sites
	-> Printing at chr: SczhEnG_3681 pos:375532 chunknumber 441100 contains 364 sites
	-> Printing at chr: SczhEnG_3681 pos:410272 chunknumber 441200 contains 286 sites
	-> Printing at chr: SczhEnG_3681 pos:445900 chunknumber 441300 contains 339 sites
	-> Printing at chr: SczhEnG_3681 pos:480521 chunknumber 441400 contains 274 sites
	-> Region lookup 950/1139
	-> Printing at chr: SczhEnG_3692 pos:17829 chunknumber 441500 contains 251 sites
	-> Printing at chr: SczhEnG_3692 pos:53424 chunknumber 441600 contains 264 sites
	-> Printing at chr: SczhEnG_3692 pos:88621 chunknumber 441700 contains 276 sites
	-> Printing at chr: SczhEnG_3692 pos:126600 chunknumber 441800 contains 395 sites
	-> Printing at chr: SczhEnG_3692 pos:166998 chunknumber 441900 contains 652 sites
	-> Printing at chr: SczhEnG_3692 pos:201787 chunknumber 442000 contains 393 sites
	-> Region lookup 951/1139
	-> Printing at chr: SczhEnG_3693 pos:9074 chunknumber 442100 contains 612 sites
	-> Region lookup 952/1139
	-> Printing at chr: SczhEnG_3694 pos:12071 chunknumber 442200 contains 515 sites
	-> Printing at chr: SczhEnG_3694 pos:46867 chunknumber 442300 contains 287 sites
	-> Printing at chr: SczhEnG_3694 pos:82041 chunknumber 442400 contains 344 sites
	-> Printing at chr: SczhEnG_3694 pos:117774 chunknumber 442500 contains 257 sites
	-> Printing at chr: SczhEnG_3694 pos:158578 chunknumber 442600 contains 194 sites
	-> Region lookup 953/1139
	-> Printing at chr: SczhEnG_3701 pos:4085 chunknumber 442700 contains 500 sites
	-> Printing at chr: SczhEnG_3701 pos:37211 chunknumber 442800 contains 275 sites
	-> Printing at chr: SczhEnG_3701 pos:78977 chunknumber 442900 contains 561 sites
	-> Printing at chr: SczhEnG_3701 pos:115901 chunknumber 443000 contains 491 sites
	-> Printing at chr: SczhEnG_3701 pos:153396 chunknumber 443100 contains 398 sites
	-> Printing at chr: SczhEnG_3701 pos:189197 chunknumber 443200 contains 498 sites
	-> Printing at chr: SczhEnG_3701 pos:224172 chunknumber 443300 contains 398 sites
	-> Printing at chr: SczhEnG_3701 pos:257275 chunknumber 443400 contains 260 sites
	-> Printing at chr: SczhEnG_3701 pos:293079 chunknumber 443500 contains 573 sites
	-> Printing at chr: SczhEnG_3701 pos:331004 chunknumber 443600 contains 329 sites
	-> Printing at chr: SczhEnG_3701 pos:369639 chunknumber 443700 contains 465 sites
	-> Printing at chr: SczhEnG_3701 pos:404126 chunknumber 443800 contains 522 sites
	-> Printing at chr: SczhEnG_3701 pos:439443 chunknumber 443900 contains 343 sites
	-> Printing at chr: SczhEnG_3701 pos:475209 chunknumber 444000 contains 261 sites
	-> Printing at chr: SczhEnG_3701 pos:515501 chunknumber 444100 contains 308 sites
	-> Printing at chr: SczhEnG_3701 pos:549574 chunknumber 444200 contains 302 sites
	-> Printing at chr: SczhEnG_3701 pos:585374 chunknumber 444300 contains 278 sites
	-> Printing at chr: SczhEnG_3701 pos:620556 chunknumber 444400 contains 261 sites
	-> Printing at chr: SczhEnG_3701 pos:654516 chunknumber 444500 contains 412 sites
	-> Printing at chr: SczhEnG_3701 pos:687096 chunknumber 444600 contains 286 sites
	-> Printing at chr: SczhEnG_3701 pos:723940 chunknumber 444700 contains 252 sites
	-> Printing at chr: SczhEnG_3701 pos:761858 chunknumber 444800 contains 255 sites
	-> Printing at chr: SczhEnG_3701 pos:796082 chunknumber 444900 contains 323 sites
	-> Printing at chr: SczhEnG_3701 pos:832427 chunknumber 445000 contains 258 sites
	-> Printing at chr: SczhEnG_3701 pos:874984 chunknumber 445100 contains 282 sites
	-> Printing at chr: SczhEnG_3701 pos:909551 chunknumber 445200 contains 407 sites
	-> Printing at chr: SczhEnG_3701 pos:946758 chunknumber 445300 contains 317 sites
	-> Printing at chr: SczhEnG_3701 pos:981363 chunknumber 445400 contains 330 sites
	-> Printing at chr: SczhEnG_3701 pos:1015182 chunknumber 445500 contains 260 sites
	-> Printing at chr: SczhEnG_3701 pos:1050092 chunknumber 445600 contains 290 sites
	-> Region lookup 954/1139
	-> Printing at chr: SczhEnG_3704 pos:32474 chunknumber 445700 contains 495 sites
	-> Printing at chr: SczhEnG_3704 pos:65142 chunknumber 445800 contains 434 sites
	-> Printing at chr: SczhEnG_3704 pos:97507 chunknumber 445900 contains 306 sites
	-> Printing at chr: SczhEnG_3704 pos:132113 chunknumber 446000 contains 486 sites
	-> Printing at chr: SczhEnG_3704 pos:166359 chunknumber 446100 contains 337 sites
	-> Region lookup 955/1139
	-> Printing at chr: SczhEnG_3705 pos:19795 chunknumber 446200 contains 311 sites
	-> Region lookup 956/1139
	-> Printing at chr: SczhEnG_3712 pos:25972 chunknumber 446300 contains 278 sites
	-> Region lookup 957/1139
	-> Printing at chr: SczhEnG_3713 pos:5402 chunknumber 446400 contains 382 sites
	-> Printing at chr: SczhEnG_3713 pos:40304 chunknumber 446500 contains 415 sites
	-> Region lookup 958/1139
	-> Printing at chr: SczhEnG_3725 pos:29920 chunknumber 446600 contains 275 sites
	-> Region lookup 959/1139
	-> Printing at chr: SczhEnG_3750 pos:35474 chunknumber 446700 contains 253 sites
	-> Printing at chr: SczhEnG_3750 pos:71045 chunknumber 446800 contains 365 sites
	-> Region lookup 960/1139
	-> Printing at chr: SczhEnG_3754 pos:10779 chunknumber 446900 contains 531 sites
	-> Printing at chr: SczhEnG_3754 pos:43874 chunknumber 447000 contains 440 sites
	-> Region lookup 961/1139
	-> Printing at chr: SczhEnG_3754 pos:79091 chunknumber 447100 contains 28 sites
	-> Region lookup 962/1139
	-> Printing at chr: SczhEnG_3765 pos:5309 chunknumber 447200 contains 468 sites
	-> Printing at chr: SczhEnG_3765 pos:39498 chunknumber 447300 contains 320 sites
	-> Printing at chr: SczhEnG_3765 pos:75825 chunknumber 447400 contains 259 sites
	-> Region lookup 963/1139
	-> Printing at chr: SczhEnG_3773 pos:14491 chunknumber 447500 contains 325 sites
	-> Region lookup 964/1139
	-> Printing at chr: SczhEnG_3777 pos:30668 chunknumber 447600 contains 471 sites
	-> Region lookup 965/1139
	-> Printing at chr: SczhEnG_3781 pos:271 chunknumber 447700 contains 259 sites
	-> Printing at chr: SczhEnG_3781 pos:32746 chunknumber 447800 contains 476 sites
	-> Printing at chr: SczhEnG_3781 pos:64352 chunknumber 447900 contains 365 sites
	-> Printing at chr: SczhEnG_3781 pos:100373 chunknumber 448000 contains 399 sites
	-> Printing at chr: SczhEnG_3781 pos:141841 chunknumber 448100 contains 280 sites
	-> Region lookup 966/1139
	-> Printing at chr: SczhEnG_3783 pos:7439 chunknumber 448200 contains 352 sites
	-> Printing at chr: SczhEnG_3783 pos:41679 chunknumber 448300 contains 275 sites
	-> Printing at chr: SczhEnG_3783 pos:77211 chunknumber 448400 contains 328 sites
	-> Printing at chr: SczhEnG_3783 pos:112177 chunknumber 448500 contains 566 sites
	-> Printing at chr: SczhEnG_3783 pos:149658 chunknumber 448600 contains 390 sites
	-> Printing at chr: SczhEnG_3783 pos:188065 chunknumber 448700 contains 257 sites
	-> Printing at chr: SczhEnG_3783 pos:221593 chunknumber 448800 contains 328 sites
	-> Printing at chr: SczhEnG_3783 pos:256095 chunknumber 448900 contains 331 sites
	-> Printing at chr: SczhEnG_3783 pos:290356 chunknumber 449000 contains 326 sites
	-> Region lookup 967/1139
	-> Printing at chr: SczhEnG_3784 pos:20309 chunknumber 449100 contains 266 sites
	-> Region lookup 968/1139
	-> Printing at chr: SczhEnG_3786 pos:17080 chunknumber 449200 contains 254 sites
	-> Region lookup 969/1139
	-> Printing at chr: SczhEnG_3796 pos:2401 chunknumber 449300 contains 362 sites
	-> Printing at chr: SczhEnG_3796 pos:46823 chunknumber 449400 contains 258 sites
	-> Printing at chr: SczhEnG_3796 pos:87969 chunknumber 449500 contains 258 sites
	-> Printing at chr: SczhEnG_3796 pos:122539 chunknumber 449600 contains 271 sites
	-> Printing at chr: SczhEnG_3796 pos:157529 chunknumber 449700 contains 259 sites
	-> Printing at chr: SczhEnG_3796 pos:192473 chunknumber 449800 contains 448 sites
	-> Printing at chr: SczhEnG_3796 pos:227683 chunknumber 449900 contains 433 sites
	-> Printing at chr: SczhEnG_3796 pos:262050 chunknumber 450000 contains 290 sites
	-> Printing at chr: SczhEnG_3796 pos:294706 chunknumber 450100 contains 323 sites
	-> Printing at chr: SczhEnG_3796 pos:338467 chunknumber 450200 contains 278 sites
	-> Printing at chr: SczhEnG_3796 pos:371659 chunknumber 450300 contains 350 sites
	-> Printing at chr: SczhEnG_3796 pos:405345 chunknumber 450400 contains 411 sites
	-> Printing at chr: SczhEnG_3796 pos:437351 chunknumber 450500 contains 287 sites
	-> Printing at chr: SczhEnG_3796 pos:471460 chunknumber 450600 contains 323 sites
	-> Printing at chr: SczhEnG_3796 pos:506738 chunknumber 450700 contains 363 sites
	-> Printing at chr: SczhEnG_3796 pos:542839 chunknumber 450800 contains 468 sites
	-> Region lookup 970/1139
	-> Printing at chr: SczhEnG_3801 pos:16123 chunknumber 450900 contains 506 sites
	-> Printing at chr: SczhEnG_3801 pos:52052 chunknumber 451000 contains 514 sites
	-> Region lookup 971/1139
	-> Printing at chr: SczhEnG_3802 pos:14919 chunknumber 451100 contains 286 sites
	-> Printing at chr: SczhEnG_3802 pos:52927 chunknumber 451200 contains 822 sites
	-> Region lookup 972/1139
	-> Printing at chr: SczhEnG_3803 pos:25420 chunknumber 451300 contains 301 sites
	-> Printing at chr: SczhEnG_3803 pos:59681 chunknumber 451400 contains 495 sites
	-> Printing at chr: SczhEnG_3803 pos:99878 chunknumber 451500 contains 428 sites
	-> Printing at chr: SczhEnG_3803 pos:132452 chunknumber 451600 contains 505 sites
	-> Printing at chr: SczhEnG_3803 pos:176102 chunknumber 451700 contains 465 sites
	-> Printing at chr: SczhEnG_3803 pos:209832 chunknumber 451800 contains 455 sites
	-> Printing at chr: SczhEnG_3803 pos:247050 chunknumber 451900 contains 252 sites
	-> Printing at chr: SczhEnG_3803 pos:280464 chunknumber 452000 contains 401 sites
	-> Printing at chr: SczhEnG_3803 pos:313717 chunknumber 452100 contains 304 sites
	-> Printing at chr: SczhEnG_3803 pos:348126 chunknumber 452200 contains 277 sites
	-> Printing at chr: SczhEnG_3803 pos:382801 chunknumber 452300 contains 269 sites
	-> Printing at chr: SczhEnG_3803 pos:419192 chunknumber 452400 contains 263 sites
	-> Printing at chr: SczhEnG_3803 pos:451530 chunknumber 452500 contains 270 sites
	-> Printing at chr: SczhEnG_3803 pos:485171 chunknumber 452600 contains 335 sites
	-> Printing at chr: SczhEnG_3803 pos:519092 chunknumber 452700 contains 268 sites
	-> Region lookup 973/1139
	-> Printing at chr: SczhEnG_3805 pos:31948 chunknumber 452800 contains 254 sites
	-> Region lookup 974/1139
	-> Region lookup 975/1139
	-> Printing at chr: SczhEnG_3808 pos:1960 chunknumber 452900 contains 266 sites
	-> Printing at chr: SczhEnG_3808 pos:40850 chunknumber 453000 contains 353 sites
	-> Printing at chr: SczhEnG_3808 pos:77144 chunknumber 453100 contains 302 sites
	-> Printing at chr: SczhEnG_3808 pos:114995 chunknumber 453200 contains 280 sites
	-> Printing at chr: SczhEnG_3808 pos:148323 chunknumber 453300 contains 251 sites
	-> Printing at chr: SczhEnG_3808 pos:183329 chunknumber 453400 contains 429 sites
	-> Printing at chr: SczhEnG_3808 pos:216893 chunknumber 453500 contains 280 sites
	-> Printing at chr: SczhEnG_3808 pos:253342 chunknumber 453600 contains 382 sites
	-> Printing at chr: SczhEnG_3808 pos:285312 chunknumber 453700 contains 355 sites
	-> Printing at chr: SczhEnG_3808 pos:320240 chunknumber 453800 contains 315 sites
	-> Printing at chr: SczhEnG_3808 pos:354531 chunknumber 453900 contains 279 sites
	-> Printing at chr: SczhEnG_3808 pos:390051 chunknumber 454000 contains 510 sites
	-> Printing at chr: SczhEnG_3808 pos:424806 chunknumber 454100 contains 290 sites
	-> Printing at chr: SczhEnG_3808 pos:460095 chunknumber 454200 contains 533 sites
	-> Printing at chr: SczhEnG_3808 pos:495148 chunknumber 454300 contains 295 sites
	-> Printing at chr: SczhEnG_3808 pos:529452 chunknumber 454400 contains 371 sites
	-> Printing at chr: SczhEnG_3808 pos:565047 chunknumber 454500 contains 287 sites
	-> Printing at chr: SczhEnG_3808 pos:598255 chunknumber 454600 contains 374 sites
	-> Printing at chr: SczhEnG_3808 pos:632623 chunknumber 454700 contains 293 sites
	-> Printing at chr: SczhEnG_3808 pos:667042 chunknumber 454800 contains 300 sites
	-> Printing at chr: SczhEnG_3808 pos:700999 chunknumber 454900 contains 339 sites
	-> Printing at chr: SczhEnG_3808 pos:736064 chunknumber 455000 contains 253 sites
	-> Region lookup 976/1139
	-> Printing at chr: SczhEnG_3816 pos:8916 chunknumber 455100 contains 254 sites
	-> Printing at chr: SczhEnG_3816 pos:42082 chunknumber 455200 contains 253 sites
	-> Region lookup 977/1139
	-> Printing at chr: SczhEnG_3819 pos:43080 chunknumber 455300 contains 251 sites
	-> Region lookup 978/1139
	-> Printing at chr: SczhEnG_3823 pos:6267 chunknumber 455400 contains 359 sites
	-> Printing at chr: SczhEnG_3823 pos:43703 chunknumber 455500 contains 251 sites
	-> Printing at chr: SczhEnG_3823 pos:83451 chunknumber 455600 contains 252 sites
	-> Printing at chr: SczhEnG_3823 pos:120637 chunknumber 455700 contains 261 sites
	-> Printing at chr: SczhEnG_3823 pos:197833 chunknumber 455800 contains 740 sites
	-> Printing at chr: SczhEnG_3823 pos:239670 chunknumber 455900 contains 748 sites
	-> Printing at chr: SczhEnG_3823 pos:274198 chunknumber 456000 contains 280 sites
	-> Printing at chr: SczhEnG_3823 pos:303495 chunknumber 456100 contains 252 sites
	-> Printing at chr: SczhEnG_3823 pos:338866 chunknumber 456200 contains 254 sites
	-> Printing at chr: SczhEnG_3823 pos:373912 chunknumber 456300 contains 254 sites
	-> Printing at chr: SczhEnG_3823 pos:410016 chunknumber 456400 contains 470 sites
	-> Printing at chr: SczhEnG_3823 pos:446737 chunknumber 456500 contains 285 sites
	-> Printing at chr: SczhEnG_3823 pos:480235 chunknumber 456600 contains 257 sites
	-> Printing at chr: SczhEnG_3823 pos:516668 chunknumber 456700 contains 388 sites
	-> Printing at chr: SczhEnG_3823 pos:551663 chunknumber 456800 contains 169 sites
	-> Printing at chr: SczhEnG_3823 pos:588060 chunknumber 456900 contains 353 sites
	-> Region lookup 979/1139
	-> Printing at chr: SczhEnG_3825 pos:24509 chunknumber 457000 contains 514 sites
	-> Printing at chr: SczhEnG_3825 pos:60053 chunknumber 457100 contains 360 sites
	-> Printing at chr: SczhEnG_3825 pos:93929 chunknumber 457200 contains 301 sites
	-> Printing at chr: SczhEnG_3825 pos:127998 chunknumber 457300 contains 317 sites
	-> Printing at chr: SczhEnG_3825 pos:162729 chunknumber 457400 contains 254 sites
	-> Printing at chr: SczhEnG_3825 pos:198152 chunknumber 457500 contains 252 sites
	-> Printing at chr: SczhEnG_3825 pos:233461 chunknumber 457600 contains 312 sites
	-> Region lookup 980/1139
	-> Printing at chr: SczhEnG_3826 pos:14109 chunknumber 457700 contains 266 sites
	-> Printing at chr: SczhEnG_3826 pos:48007 chunknumber 457800 contains 251 sites
	-> Printing at chr: SczhEnG_3826 pos:80690 chunknumber 457900 contains 266 sites
	-> Printing at chr: SczhEnG_3826 pos:113340 chunknumber 458000 contains 410 sites
	-> Printing at chr: SczhEnG_3826 pos:146888 chunknumber 458100 contains 404 sites
	-> Printing at chr: SczhEnG_3826 pos:180636 chunknumber 458200 contains 471 sites
	-> Printing at chr: SczhEnG_3826 pos:221190 chunknumber 458300 contains 263 sites
	-> Region lookup 981/1139
	-> Printing at chr: SczhEnG_3830 pos:7068 chunknumber 458400 contains 351 sites
	-> Printing at chr: SczhEnG_3830 pos:42964 chunknumber 458500 contains 395 sites
	-> Printing at chr: SczhEnG_3830 pos:100549 chunknumber 458600 contains 253 sites
	-> Printing at chr: SczhEnG_3830 pos:152373 chunknumber 458700 contains 251 sites
	-> Printing at chr: SczhEnG_3830 pos:187383 chunknumber 458800 contains 351 sites
	-> Printing at chr: SczhEnG_3830 pos:228990 chunknumber 458900 contains 260 sites
	-> Printing at chr: SczhEnG_3830 pos:263803 chunknumber 459000 contains 360 sites
	-> Printing at chr: SczhEnG_3830 pos:297752 chunknumber 459100 contains 399 sites
	-> Printing at chr: SczhEnG_3830 pos:332894 chunknumber 459200 contains 320 sites
	-> Printing at chr: SczhEnG_3830 pos:364810 chunknumber 459300 contains 269 sites
	-> Printing at chr: SczhEnG_3830 pos:399340 chunknumber 459400 contains 251 sites
	-> Printing at chr: SczhEnG_3830 pos:434411 chunknumber 459500 contains 260 sites
	-> Printing at chr: SczhEnG_3830 pos:472363 chunknumber 459600 contains 253 sites
	-> Printing at chr: SczhEnG_3830 pos:507214 chunknumber 459700 contains 346 sites
	-> Printing at chr: SczhEnG_3830 pos:543937 chunknumber 459800 contains 379 sites
	-> Region lookup 982/1139
	-> Printing at chr: SczhEnG_3831 pos:27658 chunknumber 459900 contains 369 sites
	-> Printing at chr: SczhEnG_3831 pos:63329 chunknumber 460000 contains 591 sites
	-> Printing at chr: SczhEnG_3831 pos:99553 chunknumber 460100 contains 466 sites
	-> Printing at chr: SczhEnG_3831 pos:133970 chunknumber 460200 contains 261 sites
	-> Printing at chr: SczhEnG_3831 pos:169282 chunknumber 460300 contains 573 sites
	-> Printing at chr: SczhEnG_3831 pos:207326 chunknumber 460400 contains 372 sites
	-> Printing at chr: SczhEnG_3831 pos:245145 chunknumber 460500 contains 278 sites
	-> Printing at chr: SczhEnG_3831 pos:280715 chunknumber 460600 contains 369 sites
	-> Printing at chr: SczhEnG_3831 pos:316834 chunknumber 460700 contains 257 sites
	-> Printing at chr: SczhEnG_3831 pos:354396 chunknumber 460800 contains 387 sites
	-> Printing at chr: SczhEnG_3831 pos:400644 chunknumber 460900 contains 371 sites
	-> Printing at chr: SczhEnG_3831 pos:434272 chunknumber 461000 contains 314 sites
	-> Printing at chr: SczhEnG_3831 pos:467048 chunknumber 461100 contains 271 sites
	-> Printing at chr: SczhEnG_3831 pos:497865 chunknumber 461200 contains 342 sites
	-> Printing at chr: SczhEnG_3831 pos:533849 chunknumber 461300 contains 316 sites
	-> Printing at chr: SczhEnG_3831 pos:568303 chunknumber 461400 contains 498 sites
	-> Printing at chr: SczhEnG_3831 pos:597262 chunknumber 461500 contains 251 sites
	-> Region lookup 983/1139
	-> Region lookup 984/1139
	-> Printing at chr: SczhEnG_3835 pos:3637 chunknumber 461600 contains 381 sites
	-> Region lookup 985/1139
	-> Printing at chr: SczhEnG_3850 pos:13098 chunknumber 461700 contains 254 sites
	-> Printing at chr: SczhEnG_3850 pos:47690 chunknumber 461800 contains 340 sites
	-> Printing at chr: SczhEnG_3850 pos:81780 chunknumber 461900 contains 417 sites
	-> Printing at chr: SczhEnG_3850 pos:113845 chunknumber 462000 contains 265 sites
	-> Printing at chr: SczhEnG_3850 pos:148972 chunknumber 462100 contains 329 sites
	-> Printing at chr: SczhEnG_3850 pos:184561 chunknumber 462200 contains 368 sites
	-> Region lookup 986/1139
	-> Printing at chr: SczhEnG_3854 pos:24452 chunknumber 462300 contains 253 sites
	-> Printing at chr: SczhEnG_3854 pos:61951 chunknumber 462400 contains 433 sites
	-> Printing at chr: SczhEnG_3854 pos:99313 chunknumber 462500 contains 446 sites
	-> Printing at chr: SczhEnG_3854 pos:133008 chunknumber 462600 contains 276 sites
	-> Printing at chr: SczhEnG_3854 pos:167361 chunknumber 462700 contains 642 sites
	-> Printing at chr: SczhEnG_3854 pos:207569 chunknumber 462800 contains 297 sites
	-> Region lookup 987/1139
	-> Printing at chr: SczhEnG_3857 pos:26070 chunknumber 462900 contains 641 sites
	-> Printing at chr: SczhEnG_3857 pos:64444 chunknumber 463000 contains 251 sites
	-> Printing at chr: SczhEnG_3857 pos:99005 chunknumber 463100 contains 277 sites
	-> Printing at chr: SczhEnG_3857 pos:132250 chunknumber 463200 contains 361 sites
	-> Region lookup 988/1139
	-> Printing at chr: SczhEnG_3859 pos:9731 chunknumber 463300 contains 253 sites
	-> Region lookup 989/1139
	-> Printing at chr: SczhEnG_3863 pos:256 chunknumber 463400 contains 328 sites
	-> Region lookup 990/1139
	-> Printing at chr: SczhEnG_3865 pos:2977 chunknumber 463500 contains 517 sites
	-> Printing at chr: SczhEnG_3865 pos:45760 chunknumber 463600 contains 484 sites
	-> Printing at chr: SczhEnG_3865 pos:82184 chunknumber 463700 contains 350 sites
	-> Printing at chr: SczhEnG_3865 pos:120366 chunknumber 463800 contains 281 sites
	-> Printing at chr: SczhEnG_3865 pos:154893 chunknumber 463900 contains 358 sites
	-> Printing at chr: SczhEnG_3865 pos:187869 chunknumber 464000 contains 261 sites
	-> Printing at chr: SczhEnG_3865 pos:222921 chunknumber 464100 contains 416 sites
	-> Printing at chr: SczhEnG_3865 pos:279270 chunknumber 464200 contains 368 sites
	-> Region lookup 991/1139
	-> Printing at chr: SczhEnG_3869 pos:13709 chunknumber 464300 contains 459 sites
	-> Region lookup 992/1139
	-> Printing at chr: SczhEnG_3871 pos:3766 chunknumber 464400 contains 269 sites
	-> Printing at chr: SczhEnG_3871 pos:39363 chunknumber 464500 contains 314 sites
	-> Printing at chr: SczhEnG_3871 pos:74076 chunknumber 464600 contains 283 sites
	-> Region lookup 993/1139
	-> Printing at chr: SczhEnG_3872 pos:20703 chunknumber 464700 contains 422 sites
	-> Region lookup 994/1139
	-> Printing at chr: SczhEnG_3879 pos:7417 chunknumber 464800 contains 397 sites
	-> Region lookup 995/1139
	-> Printing at chr: SczhEnG_3880 pos:22384 chunknumber 464900 contains 311 sites
	-> Printing at chr: SczhEnG_3880 pos:59644 chunknumber 465000 contains 418 sites
	-> Printing at chr: SczhEnG_3880 pos:92902 chunknumber 465100 contains 324 sites
	-> Region lookup 996/1139
	-> Printing at chr: SczhEnG_3883 pos:14704 chunknumber 465200 contains 277 sites
	-> Region lookup 997/1139
	-> Printing at chr: SczhEnG_3884 pos:36638 chunknumber 465300 contains 304 sites
	-> Region lookup 998/1139
	-> Printing at chr: SczhEnG_3887 pos:12758 chunknumber 465400 contains 330 sites
	-> Region lookup 999/1139
	-> Printing at chr: SczhEnG_3889 pos:23659 chunknumber 465500 contains 442 sites
	-> Printing at chr: SczhEnG_3889 pos:60403 chunknumber 465600 contains 257 sites
	-> Printing at chr: SczhEnG_3889 pos:101095 chunknumber 465700 contains 865 sites
	-> Printing at chr: SczhEnG_3889 pos:139992 chunknumber 465800 contains 370 sites
	-> Region lookup 1000/1139
	-> Printing at chr: SczhEnG_3893 pos:26439 chunknumber 465900 contains 447 sites
	-> Printing at chr: SczhEnG_3893 pos:61117 chunknumber 466000 contains 251 sites
	-> Printing at chr: SczhEnG_3893 pos:96689 chunknumber 466100 contains 315 sites
	-> Printing at chr: SczhEnG_3893 pos:134229 chunknumber 466200 contains 288 sites
	-> Printing at chr: SczhEnG_3893 pos:163944 chunknumber 466300 contains 257 sites
	-> Printing at chr: SczhEnG_3893 pos:195194 chunknumber 466400 contains 353 sites
	-> Region lookup 1001/1139
	-> Printing at chr: SczhEnG_3895 pos:28979 chunknumber 466500 contains 645 sites
	-> Printing at chr: SczhEnG_3895 pos:65963 chunknumber 466600 contains 298 sites
	-> Region lookup 1002/1139
	-> Printing at chr: SczhEnG_3900 pos:37050 chunknumber 466700 contains 252 sites
	-> Printing at chr: SczhEnG_3900 pos:69645 chunknumber 466800 contains 269 sites
	-> Printing at chr: SczhEnG_3900 pos:110975 chunknumber 466900 contains 464 sites
	-> Printing at chr: SczhEnG_3900 pos:149664 chunknumber 467000 contains 397 sites
	-> Printing at chr: SczhEnG_3900 pos:184521 chunknumber 467100 contains 645 sites
	-> Region lookup 1003/1139
	-> Printing at chr: SczhEnG_3904 pos:24536 chunknumber 467200 contains 251 sites
	-> Printing at chr: SczhEnG_3904 pos:59997 chunknumber 467300 contains 251 sites
	-> Region lookup 1004/1139
	-> Printing at chr: SczhEnG_3905 pos:13958 chunknumber 467400 contains 302 sites
	-> Printing at chr: SczhEnG_3905 pos:46093 chunknumber 467500 contains 337 sites
	-> Region lookup 1005/1139
	-> Printing at chr: SczhEnG_3905 pos:89009 chunknumber 467600 contains 1030 sites
	-> Region lookup 1006/1139
	-> Printing at chr: SczhEnG_3916 pos:23893 chunknumber 467700 contains 271 sites
	-> Printing at chr: SczhEnG_3916 pos:67483 chunknumber 467800 contains 384 sites
	-> Printing at chr: SczhEnG_3916 pos:102834 chunknumber 467900 contains 413 sites
	-> Printing at chr: SczhEnG_3916 pos:139634 chunknumber 468000 contains 424 sites
	-> Region lookup 1007/1139
	-> Printing at chr: SczhEnG_3918 pos:58819 chunknumber 468100 contains 267 sites
	-> Printing at chr: SczhEnG_3918 pos:94004 chunknumber 468200 contains 251 sites
	-> Printing at chr: SczhEnG_3918 pos:128487 chunknumber 468300 contains 252 sites
	-> Printing at chr: SczhEnG_3918 pos:165317 chunknumber 468400 contains 399 sites
	-> Printing at chr: SczhEnG_3918 pos:201045 chunknumber 468500 contains 319 sites
	-> Printing at chr: SczhEnG_3918 pos:234687 chunknumber 468600 contains 320 sites
	-> Printing at chr: SczhEnG_3918 pos:269004 chunknumber 468700 contains 373 sites
	-> Printing at chr: SczhEnG_3918 pos:303735 chunknumber 468800 contains 340 sites
	-> Printing at chr: SczhEnG_3918 pos:340396 chunknumber 468900 contains 399 sites
	-> Printing at chr: SczhEnG_3918 pos:376387 chunknumber 469000 contains 607 sites
	-> Printing at chr: SczhEnG_3918 pos:411399 chunknumber 469100 contains 398 sites
	-> Printing at chr: SczhEnG_3918 pos:445616 chunknumber 469200 contains 474 sites
	-> Printing at chr: SczhEnG_3918 pos:481836 chunknumber 469300 contains 254 sites
	-> Printing at chr: SczhEnG_3918 pos:513786 chunknumber 469400 contains 251 sites
	-> Region lookup 1008/1139
	-> Region lookup 1009/1139
	-> Printing at chr: SczhEnG_3926 pos:24720 chunknumber 469500 contains 403 sites
	-> Printing at chr: SczhEnG_3926 pos:58661 chunknumber 469600 contains 314 sites
	-> Region lookup 1010/1139
	-> Printing at chr: SczhEnG_3929 pos:25570 chunknumber 469700 contains 251 sites
	-> Region lookup 1011/1139
	-> Region lookup 1012/1139
	-> Printing at chr: SczhEnG_3944 pos:26820 chunknumber 469800 contains 26 sites
	-> Printing at chr: SczhEnG_3948 pos:39995 chunknumber 469900 contains 522 sites
	-> Printing at chr: SczhEnG_3948 pos:80522 chunknumber 470000 contains 251 sites
	-> Printing at chr: SczhEnG_3948 pos:115219 chunknumber 470100 contains 457 sites
	-> Printing at chr: SczhEnG_3948 pos:149801 chunknumber 470200 contains 259 sites
	-> Region lookup 1013/1139
	-> Printing at chr: SczhEnG_3948 pos:184168 chunknumber 470300 contains 149 sites
	-> Printing at chr: SczhEnG_3952 pos:46779 chunknumber 470400 contains 251 sites
	-> Region lookup 1014/1139
	-> Printing at chr: SczhEnG_3957 pos:27374 chunknumber 470500 contains 331 sites
	-> Printing at chr: SczhEnG_3957 pos:60010 chunknumber 470600 contains 356 sites
	-> Printing at chr: SczhEnG_3957 pos:93648 chunknumber 470700 contains 370 sites
	-> Printing at chr: SczhEnG_3957 pos:126461 chunknumber 470800 contains 355 sites
	-> Printing at chr: SczhEnG_3957 pos:160311 chunknumber 470900 contains 370 sites
	-> Printing at chr: SczhEnG_3957 pos:195699 chunknumber 471000 contains 368 sites
	-> Region lookup 1015/1139
	-> Printing at chr: SczhEnG_3959 pos:13996 chunknumber 471100 contains 265 sites
	-> Printing at chr: SczhEnG_3959 pos:51907 chunknumber 471200 contains 272 sites
	-> Printing at chr: SczhEnG_3959 pos:89187 chunknumber 471300 contains 258 sites
	-> Printing at chr: SczhEnG_3959 pos:123924 chunknumber 471400 contains 348 sites
	-> Printing at chr: SczhEnG_3959 pos:158910 chunknumber 471500 contains 367 sites
	-> Region lookup 1016/1139
	-> Printing at chr: SczhEnG_3959 pos:193030 chunknumber 471600 contains 280 sites
	-> Printing at chr: SczhEnG_3963 pos:34334 chunknumber 471700 contains 254 sites
	-> Printing at chr: SczhEnG_3963 pos:67201 chunknumber 471800 contains 277 sites
	-> Region lookup 1017/1139
	-> Printing at chr: SczhEnG_3965 pos:29607 chunknumber 471900 contains 91 sites
	-> Region lookup 1018/1139
	-> Region lookup 1019/1139
	-> Printing at chr: SczhEnG_3968 pos:18336 chunknumber 472000 contains 253 sites
	-> Printing at chr: SczhEnG_3968 pos:52869 chunknumber 472100 contains 371 sites
	-> Printing at chr: SczhEnG_3968 pos:89052 chunknumber 472200 contains 360 sites
	-> Printing at chr: SczhEnG_3968 pos:125068 chunknumber 472300 contains 392 sites
	-> Printing at chr: SczhEnG_3968 pos:160676 chunknumber 472400 contains 314 sites
	-> Printing at chr: SczhEnG_3968 pos:199763 chunknumber 472500 contains 318 sites
	-> Printing at chr: SczhEnG_3968 pos:236492 chunknumber 472600 contains 253 sites
	-> Printing at chr: SczhEnG_3968 pos:270664 chunknumber 472700 contains 265 sites
	-> Printing at chr: SczhEnG_3968 pos:306883 chunknumber 472800 contains 546 sites
	-> Region lookup 1020/1139
	-> Printing at chr: SczhEnG_3970 pos:22852 chunknumber 472900 contains 563 sites
	-> Region lookup 1021/1139
	-> Region lookup 1022/1139
	-> Printing at chr: SczhEnG_3971 pos:23251 chunknumber 473000 contains 21 sites
	-> Printing at chr: SczhEnG_3973 pos:32744 chunknumber 473100 contains 446 sites
	-> Printing at chr: SczhEnG_3973 pos:67740 chunknumber 473200 contains 345 sites
	-> Printing at chr: SczhEnG_3973 pos:107000 chunknumber 473300 contains 280 sites
	-> Printing at chr: SczhEnG_3973 pos:141236 chunknumber 473400 contains 327 sites
	-> Printing at chr: SczhEnG_3973 pos:176048 chunknumber 473500 contains 255 sites
	-> Printing at chr: SczhEnG_3973 pos:210057 chunknumber 473600 contains 318 sites
	-> Printing at chr: SczhEnG_3973 pos:244949 chunknumber 473700 contains 254 sites
	-> Printing at chr: SczhEnG_3973 pos:280693 chunknumber 473800 contains 269 sites
	-> Printing at chr: SczhEnG_3973 pos:314947 chunknumber 473900 contains 322 sites
	-> Printing at chr: SczhEnG_3973 pos:347592 chunknumber 474000 contains 255 sites
	-> Printing at chr: SczhEnG_3973 pos:382826 chunknumber 474100 contains 302 sites
	-> Printing at chr: SczhEnG_3973 pos:416625 chunknumber 474200 contains 322 sites
	-> Printing at chr: SczhEnG_3973 pos:450855 chunknumber 474300 contains 330 sites
	-> Printing at chr: SczhEnG_3973 pos:485593 chunknumber 474400 contains 333 sites
	-> Printing at chr: SczhEnG_3973 pos:520633 chunknumber 474500 contains 259 sites
	-> Printing at chr: SczhEnG_3973 pos:555998 chunknumber 474600 contains 575 sites
	-> Printing at chr: SczhEnG_3973 pos:590775 chunknumber 474700 contains 251 sites
	-> Region lookup 1023/1139
	-> Region lookup 1024/1139
	-> Printing at chr: SczhEnG_3975 pos:10987 chunknumber 474800 contains 23 sites
	-> Region lookup 1025/1139
	-> Printing at chr: SczhEnG_3988 pos:9686 chunknumber 474900 contains 334 sites
	-> Region lookup 1026/1139
	-> Printing at chr: SczhEnG_3994 pos:24471 chunknumber 475000 contains 286 sites
	-> Printing at chr: SczhEnG_3994 pos:59602 chunknumber 475100 contains 387 sites
	-> Printing at chr: SczhEnG_3994 pos:96123 chunknumber 475200 contains 269 sites
	-> Printing at chr: SczhEnG_3994 pos:130471 chunknumber 475300 contains 355 sites
	-> Printing at chr: SczhEnG_3994 pos:162967 chunknumber 475400 contains 311 sites
	-> Printing at chr: SczhEnG_3994 pos:195893 chunknumber 475500 contains 318 sites
	-> Printing at chr: SczhEnG_3994 pos:230266 chunknumber 475600 contains 252 sites
	-> Printing at chr: SczhEnG_3994 pos:266401 chunknumber 475700 contains 297 sites
	-> Printing at chr: SczhEnG_3994 pos:301680 chunknumber 475800 contains 553 sites
	-> Printing at chr: SczhEnG_3994 pos:337835 chunknumber 475900 contains 332 sites
	-> Printing at chr: SczhEnG_3994 pos:373456 chunknumber 476000 contains 331 sites
	-> Printing at chr: SczhEnG_3994 pos:406762 chunknumber 476100 contains 387 sites
	-> Printing at chr: SczhEnG_3994 pos:439380 chunknumber 476200 contains 466 sites
	-> Printing at chr: SczhEnG_3994 pos:475296 chunknumber 476300 contains 336 sites
	-> Printing at chr: SczhEnG_3994 pos:508888 chunknumber 476400 contains 302 sites
	-> Region lookup 1027/1139
	-> Printing at chr: SczhEnG_3995 pos:26279 chunknumber 476500 contains 316 sites
	-> Region lookup 1028/1139
	-> Region lookup 1029/1139
	-> Printing at chr: SczhEnG_4011 pos:10764 chunknumber 476600 contains 430 sites
	-> Printing at chr: SczhEnG_4011 pos:45765 chunknumber 476700 contains 273 sites
	-> Printing at chr: SczhEnG_4011 pos:79362 chunknumber 476800 contains 254 sites
	-> Region lookup 1030/1139
	-> Printing at chr: SczhEnG_4012 pos:12571 chunknumber 476900 contains 356 sites
	-> Printing at chr: SczhEnG_4012 pos:46060 chunknumber 477000 contains 397 sites
	-> Printing at chr: SczhEnG_4012 pos:81385 chunknumber 477100 contains 349 sites
	-> Printing at chr: SczhEnG_4012 pos:115492 chunknumber 477200 contains 295 sites
	-> Printing at chr: SczhEnG_4012 pos:148923 chunknumber 477300 contains 318 sites
	-> Printing at chr: SczhEnG_4012 pos:182764 chunknumber 477400 contains 280 sites
	-> Printing at chr: SczhEnG_4012 pos:218241 chunknumber 477500 contains 438 sites
	-> Printing at chr: SczhEnG_4012 pos:253173 chunknumber 477600 contains 283 sites
	-> Region lookup 1031/1139
	-> Printing at chr: SczhEnG_4013 pos:24156 chunknumber 477700 contains 252 sites
	-> Printing at chr: SczhEnG_4013 pos:67954 chunknumber 477800 contains 547 sites
	-> Printing at chr: SczhEnG_4013 pos:137025 chunknumber 477900 contains 213 sites
	-> Region lookup 1032/1139
	-> Region lookup 1033/1139
	-> Printing at chr: SczhEnG_4032 pos:8737 chunknumber 478000 contains 359 sites
	-> Region lookup 1034/1139
	-> Printing at chr: SczhEnG_4033 pos:24945 chunknumber 478100 contains 251 sites
	-> Printing at chr: SczhEnG_4033 pos:58635 chunknumber 478200 contains 254 sites
	-> Printing at chr: SczhEnG_4033 pos:93123 chunknumber 478300 contains 351 sites
	-> Printing at chr: SczhEnG_4033 pos:129636 chunknumber 478400 contains 268 sites
	-> Printing at chr: SczhEnG_4033 pos:163893 chunknumber 478500 contains 287 sites
	-> Printing at chr: SczhEnG_4033 pos:198837 chunknumber 478600 contains 428 sites
	-> Printing at chr: SczhEnG_4033 pos:232389 chunknumber 478700 contains 277 sites
	-> Printing at chr: SczhEnG_4033 pos:267316 chunknumber 478800 contains 282 sites
	-> Printing at chr: SczhEnG_4033 pos:302068 chunknumber 478900 contains 261 sites
	-> Printing at chr: SczhEnG_4033 pos:337460 chunknumber 479000 contains 266 sites
	-> Region lookup 1035/1139
	-> Printing at chr: SczhEnG_4037 pos:13532 chunknumber 479100 contains 257 sites
	-> Printing at chr: SczhEnG_4037 pos:49027 chunknumber 479200 contains 255 sites
	-> Printing at chr: SczhEnG_4037 pos:83239 chunknumber 479300 contains 251 sites
	-> Printing at chr: SczhEnG_4037 pos:121507 chunknumber 479400 contains 258 sites
	-> Printing at chr: SczhEnG_4037 pos:153413 chunknumber 479500 contains 523 sites
	-> Printing at chr: SczhEnG_4037 pos:188921 chunknumber 479600 contains 426 sites
	-> Printing at chr: SczhEnG_4037 pos:240524 chunknumber 479700 contains 251 sites
	-> Printing at chr: SczhEnG_4037 pos:272261 chunknumber 479800 contains 339 sites
	-> Printing at chr: SczhEnG_4037 pos:306077 chunknumber 479900 contains 365 sites
	-> Printing at chr: SczhEnG_4037 pos:343280 chunknumber 480000 contains 261 sites
	-> Printing at chr: SczhEnG_4037 pos:380508 chunknumber 480100 contains 291 sites
	-> Printing at chr: SczhEnG_4037 pos:412590 chunknumber 480200 contains 256 sites
	-> Printing at chr: SczhEnG_4037 pos:446741 chunknumber 480300 contains 398 sites
	-> Printing at chr: SczhEnG_4037 pos:480451 chunknumber 480400 contains 256 sites
	-> Printing at chr: SczhEnG_4037 pos:512659 chunknumber 480500 contains 320 sites
	-> Printing at chr: SczhEnG_4037 pos:546396 chunknumber 480600 contains 349 sites
	-> Printing at chr: SczhEnG_4037 pos:578747 chunknumber 480700 contains 461 sites
	-> Printing at chr: SczhEnG_4037 pos:620270 chunknumber 480800 contains 404 sites
	-> Printing at chr: SczhEnG_4037 pos:656043 chunknumber 480900 contains 253 sites
	-> Region lookup 1036/1139
	-> Printing at chr: SczhEnG_4038 pos:29627 chunknumber 481000 contains 260 sites
	-> Region lookup 1037/1139
	-> Printing at chr: SczhEnG_4040 pos:18319 chunknumber 481100 contains 400 sites
	-> Region lookup 1038/1139
	-> Printing at chr: SczhEnG_4043 pos:33902 chunknumber 481200 contains 270 sites
	-> Region lookup 1039/1139
	-> Printing at chr: SczhEnG_4046 pos:28874 chunknumber 481300 contains 438 sites
	-> Printing at chr: SczhEnG_4046 pos:62625 chunknumber 481400 contains 280 sites
	-> Printing at chr: SczhEnG_4046 pos:101117 chunknumber 481500 contains 272 sites
	-> Printing at chr: SczhEnG_4046 pos:134764 chunknumber 481600 contains 362 sites
	-> Printing at chr: SczhEnG_4046 pos:169320 chunknumber 481700 contains 256 sites
	-> Printing at chr: SczhEnG_4046 pos:199903 chunknumber 481800 contains 326 sites
	-> Printing at chr: SczhEnG_4046 pos:230717 chunknumber 481900 contains 265 sites
	-> Printing at chr: SczhEnG_4046 pos:260940 chunknumber 482000 contains 252 sites
	-> Printing at chr: SczhEnG_4046 pos:297566 chunknumber 482100 contains 265 sites
	-> Printing at chr: SczhEnG_4046 pos:332941 chunknumber 482200 contains 357 sites
	-> Printing at chr: SczhEnG_4046 pos:367582 chunknumber 482300 contains 301 sites
	-> Region lookup 1040/1139
	-> Printing at chr: SczhEnG_4047 pos:18407 chunknumber 482400 contains 255 sites
	-> Region lookup 1041/1139
	-> Printing at chr: SczhEnG_4055 pos:25912 chunknumber 482500 contains 300 sites
	-> Printing at chr: SczhEnG_4055 pos:65652 chunknumber 482600 contains 251 sites
	-> Printing at chr: SczhEnG_4055 pos:101332 chunknumber 482700 contains 252 sites
	-> Printing at chr: SczhEnG_4055 pos:135273 chunknumber 482800 contains 276 sites
	-> Printing at chr: SczhEnG_4055 pos:170307 chunknumber 482900 contains 266 sites
	-> Printing at chr: SczhEnG_4055 pos:206952 chunknumber 483000 contains 417 sites
	-> Printing at chr: SczhEnG_4055 pos:241757 chunknumber 483100 contains 505 sites
	-> Printing at chr: SczhEnG_4055 pos:277700 chunknumber 483200 contains 255 sites
	-> Printing at chr: SczhEnG_4055 pos:313580 chunknumber 483300 contains 424 sites
	-> Printing at chr: SczhEnG_4055 pos:347841 chunknumber 483400 contains 312 sites
	-> Printing at chr: SczhEnG_4055 pos:381719 chunknumber 483500 contains 334 sites
	-> Printing at chr: SczhEnG_4055 pos:417344 chunknumber 483600 contains 410 sites
	-> Printing at chr: SczhEnG_4055 pos:452764 chunknumber 483700 contains 315 sites
	-> Printing at chr: SczhEnG_4055 pos:487976 chunknumber 483800 contains 388 sites
	-> Printing at chr: SczhEnG_4055 pos:527336 chunknumber 483900 contains 1015 sites
	-> Printing at chr: SczhEnG_4055 pos:565859 chunknumber 484000 contains 460 sites
	-> Printing at chr: SczhEnG_4055 pos:602818 chunknumber 484100 contains 263 sites
	-> Printing at chr: SczhEnG_4055 pos:636316 chunknumber 484200 contains 482 sites
	-> Printing at chr: SczhEnG_4055 pos:673850 chunknumber 484300 contains 508 sites
	-> Printing at chr: SczhEnG_4055 pos:707832 chunknumber 484400 contains 251 sites
	-> Printing at chr: SczhEnG_4055 pos:742542 chunknumber 484500 contains 380 sites
	-> Printing at chr: SczhEnG_4055 pos:778343 chunknumber 484600 contains 507 sites
	-> Printing at chr: SczhEnG_4055 pos:811109 chunknumber 484700 contains 335 sites
	-> Region lookup 1042/1139
	-> Printing at chr: SczhEnG_4057 pos:6737 chunknumber 484800 contains 289 sites
	-> Printing at chr: SczhEnG_4057 pos:45425 chunknumber 484900 contains 255 sites
	-> Region lookup 1043/1139
	-> Region lookup 1044/1139
	-> Printing at chr: SczhEnG_4063 pos:27175 chunknumber 485000 contains 257 sites
	-> Region lookup 1045/1139
	-> Printing at chr: SczhEnG_4063 pos:60614 chunknumber 485100 contains 5 sites
	-> Printing at chr: SczhEnG_4068 pos:33357 chunknumber 485200 contains 254 sites
	-> Printing at chr: SczhEnG_4068 pos:67565 chunknumber 485300 contains 414 sites
	-> Printing at chr: SczhEnG_4068 pos:101555 chunknumber 485400 contains 325 sites
	-> Printing at chr: SczhEnG_4068 pos:137017 chunknumber 485500 contains 343 sites
	-> Printing at chr: SczhEnG_4068 pos:175315 chunknumber 485600 contains 312 sites
	-> Printing at chr: SczhEnG_4068 pos:212063 chunknumber 485700 contains 449 sites
	-> Printing at chr: SczhEnG_4068 pos:247152 chunknumber 485800 contains 417 sites
	-> Printing at chr: SczhEnG_4068 pos:282812 chunknumber 485900 contains 254 sites
	-> Printing at chr: SczhEnG_4068 pos:316286 chunknumber 486000 contains 315 sites
	-> Printing at chr: SczhEnG_4068 pos:350439 chunknumber 486100 contains 256 sites
	-> Printing at chr: SczhEnG_4068 pos:384681 chunknumber 486200 contains 435 sites
	-> Printing at chr: SczhEnG_4068 pos:419436 chunknumber 486300 contains 253 sites
	-> Printing at chr: SczhEnG_4068 pos:453877 chunknumber 486400 contains 295 sites
	-> Printing at chr: SczhEnG_4068 pos:490268 chunknumber 486500 contains 325 sites
	-> Printing at chr: SczhEnG_4068 pos:525109 chunknumber 486600 contains 416 sites
	-> Printing at chr: SczhEnG_4068 pos:560177 chunknumber 486700 contains 290 sites
	-> Printing at chr: SczhEnG_4068 pos:603911 chunknumber 486800 contains 260 sites
	-> Printing at chr: SczhEnG_4068 pos:639212 chunknumber 486900 contains 273 sites
	-> Printing at chr: SczhEnG_4068 pos:673188 chunknumber 487000 contains 258 sites
	-> Printing at chr: SczhEnG_4068 pos:707693 chunknumber 487100 contains 1113 sites
	-> Printing at chr: SczhEnG_4068 pos:743954 chunknumber 487200 contains 254 sites
	-> Printing at chr: SczhEnG_4068 pos:786007 chunknumber 487300 contains 376 sites
	-> Printing at chr: SczhEnG_4068 pos:828734 chunknumber 487400 contains 286 sites
	-> Printing at chr: SczhEnG_4068 pos:867141 chunknumber 487500 contains 59 sites
	-> Region lookup 1046/1139
	-> Region lookup 1047/1139
	-> Printing at chr: SczhEnG_4072 pos:9775 chunknumber 487600 contains 266 sites
	-> Printing at chr: SczhEnG_4072 pos:44927 chunknumber 487700 contains 383 sites
	-> Printing at chr: SczhEnG_4072 pos:81854 chunknumber 487800 contains 314 sites
	-> Printing at chr: SczhEnG_4072 pos:116811 chunknumber 487900 contains 353 sites
	-> Region lookup 1048/1139
	-> Printing at chr: SczhEnG_4076 pos:24496 chunknumber 488000 contains 255 sites
	-> Printing at chr: SczhEnG_4076 pos:61975 chunknumber 488100 contains 303 sites
	-> Printing at chr: SczhEnG_4076 pos:99225 chunknumber 488200 contains 521 sites
	-> Printing at chr: SczhEnG_4076 pos:133230 chunknumber 488300 contains 628 sites
	-> Printing at chr: SczhEnG_4076 pos:170959 chunknumber 488400 contains 373 sites
	-> Printing at chr: SczhEnG_4076 pos:206414 chunknumber 488500 contains 251 sites
	-> Printing at chr: SczhEnG_4076 pos:240879 chunknumber 488600 contains 261 sites
	-> Printing at chr: SczhEnG_4076 pos:285881 chunknumber 488700 contains 459 sites
	-> Printing at chr: SczhEnG_4076 pos:335292 chunknumber 488800 contains 505 sites
	-> Region lookup 1049/1139
	-> Region lookup 1050/1139
	-> Printing at chr: SczhEnG_4080 pos:12901 chunknumber 488900 contains 253 sites
	-> Printing at chr: SczhEnG_4080 pos:50979 chunknumber 489000 contains 316 sites
	-> Printing at chr: SczhEnG_4080 pos:89134 chunknumber 489100 contains 289 sites
	-> Printing at chr: SczhEnG_4080 pos:124165 chunknumber 489200 contains 310 sites
	-> Printing at chr: SczhEnG_4080 pos:156717 chunknumber 489300 contains 316 sites
	-> Printing at chr: SczhEnG_4080 pos:194177 chunknumber 489400 contains 417 sites
	-> Printing at chr: SczhEnG_4080 pos:228756 chunknumber 489500 contains 272 sites
	-> Printing at chr: SczhEnG_4080 pos:266256 chunknumber 489600 contains 399 sites
	-> Printing at chr: SczhEnG_4080 pos:305402 chunknumber 489700 contains 356 sites
	-> Printing at chr: SczhEnG_4080 pos:344510 chunknumber 489800 contains 402 sites
	-> Printing at chr: SczhEnG_4080 pos:379550 chunknumber 489900 contains 351 sites
	-> Printing at chr: SczhEnG_4080 pos:414064 chunknumber 490000 contains 332 sites
	-> Printing at chr: SczhEnG_4080 pos:446760 chunknumber 490100 contains 251 sites
	-> Region lookup 1051/1139
	-> Printing at chr: SczhEnG_4080 pos:485632 chunknumber 490200 contains 449 sites
	-> Printing at chr: SczhEnG_4081 pos:31616 chunknumber 490300 contains 252 sites
	-> Printing at chr: SczhEnG_4081 pos:66222 chunknumber 490400 contains 255 sites
	-> Region lookup 1052/1139
	-> Printing at chr: SczhEnG_4082 pos:32524 chunknumber 490500 contains 319 sites
	-> Region lookup 1053/1139
	-> Printing at chr: SczhEnG_4083 pos:12377 chunknumber 490600 contains 440 sites
	-> Region lookup 1054/1139
	-> Printing at chr: SczhEnG_4084 pos:8673 chunknumber 490700 contains 262 sites
	-> Printing at chr: SczhEnG_4084 pos:67639 chunknumber 490800 contains 3857 sites
	-> Printing at chr: SczhEnG_4084 pos:126907 chunknumber 490900 contains 256 sites
	-> Printing at chr: SczhEnG_4084 pos:160676 chunknumber 491000 contains 251 sites
	-> Printing at chr: SczhEnG_4084 pos:194053 chunknumber 491100 contains 331 sites
	-> Printing at chr: SczhEnG_4084 pos:228229 chunknumber 491200 contains 301 sites
	-> Printing at chr: SczhEnG_4084 pos:262701 chunknumber 491300 contains 457 sites
	-> Printing at chr: SczhEnG_4084 pos:296332 chunknumber 491400 contains 279 sites
	-> Printing at chr: SczhEnG_4084 pos:332491 chunknumber 491500 contains 367 sites
	-> Printing at chr: SczhEnG_4084 pos:410527 chunknumber 491600 contains 697 sites
	-> Printing at chr: SczhEnG_4084 pos:471111 chunknumber 491700 contains 372 sites
	-> Printing at chr: SczhEnG_4084 pos:505159 chunknumber 491800 contains 327 sites
	-> Printing at chr: SczhEnG_4084 pos:537847 chunknumber 491900 contains 271 sites
	-> Region lookup 1055/1139
	-> Printing at chr: SczhEnG_4086 pos:26505 chunknumber 492000 contains 309 sites
	-> Region lookup 1056/1139
	-> Printing at chr: SczhEnG_4088 pos:9754 chunknumber 492100 contains 258 sites
	-> Region lookup 1057/1139
	-> Printing at chr: SczhEnG_4089 pos:15205 chunknumber 492200 contains 258 sites
	-> Printing at chr: SczhEnG_4089 pos:51087 chunknumber 492300 contains 375 sites
	-> Printing at chr: SczhEnG_4089 pos:86373 chunknumber 492400 contains 320 sites
	-> Printing at chr: SczhEnG_4089 pos:118119 chunknumber 492500 contains 251 sites
	-> Region lookup 1058/1139
	-> Region lookup 1059/1139
	-> Printing at chr: SczhEnG_4095 pos:7436 chunknumber 492600 contains 381 sites
	-> Region lookup 1060/1139
	-> Printing at chr: SczhEnG_4102 pos:16537 chunknumber 492700 contains 262 sites
	-> Printing at chr: SczhEnG_4102 pos:49967 chunknumber 492800 contains 252 sites
	-> Region lookup 1061/1139
	-> Printing at chr: SczhEnG_4103 pos:29990 chunknumber 492900 contains 252 sites
	-> Printing at chr: SczhEnG_4103 pos:64051 chunknumber 493000 contains 262 sites
	-> Printing at chr: SczhEnG_4103 pos:99212 chunknumber 493100 contains 489 sites
	-> Printing at chr: SczhEnG_4103 pos:134120 chunknumber 493200 contains 326 sites
	-> Printing at chr: SczhEnG_4103 pos:165356 chunknumber 493300 contains 382 sites
	-> Printing at chr: SczhEnG_4103 pos:201154 chunknumber 493400 contains 310 sites
	-> Printing at chr: SczhEnG_4103 pos:234066 chunknumber 493500 contains 270 sites
	-> Printing at chr: SczhEnG_4103 pos:265128 chunknumber 493600 contains 270 sites
	-> Printing at chr: SczhEnG_4103 pos:297419 chunknumber 493700 contains 437 sites
	-> Printing at chr: SczhEnG_4103 pos:334133 chunknumber 493800 contains 255 sites
	-> Printing at chr: SczhEnG_4103 pos:366835 chunknumber 493900 contains 329 sites
	-> Printing at chr: SczhEnG_4103 pos:400056 chunknumber 494000 contains 355 sites
	-> Printing at chr: SczhEnG_4103 pos:434919 chunknumber 494100 contains 307 sites
	-> Printing at chr: SczhEnG_4103 pos:469537 chunknumber 494200 contains 253 sites
	-> Printing at chr: SczhEnG_4103 pos:504500 chunknumber 494300 contains 346 sites
	-> Printing at chr: SczhEnG_4103 pos:539128 chunknumber 494400 contains 263 sites
	-> Printing at chr: SczhEnG_4103 pos:574167 chunknumber 494500 contains 263 sites
	-> Region lookup 1062/1139
	-> Region lookup 1063/1139
	-> Printing at chr: SczhEnG_4105 pos:11895 chunknumber 494600 contains 280 sites
	-> Printing at chr: SczhEnG_4105 pos:45181 chunknumber 494700 contains 317 sites
	-> Region lookup 1064/1139
	-> Printing at chr: SczhEnG_4106 pos:26346 chunknumber 494800 contains 266 sites
	-> Printing at chr: SczhEnG_4106 pos:61364 chunknumber 494900 contains 400 sites
	-> Printing at chr: SczhEnG_4106 pos:96450 chunknumber 495000 contains 400 sites
	-> Printing at chr: SczhEnG_4106 pos:132024 chunknumber 495100 contains 252 sites
	-> Printing at chr: SczhEnG_4106 pos:166129 chunknumber 495200 contains 278 sites
	-> Printing at chr: SczhEnG_4106 pos:200077 chunknumber 495300 contains 423 sites
	-> Printing at chr: SczhEnG_4106 pos:234843 chunknumber 495400 contains 386 sites
	-> Printing at chr: SczhEnG_4106 pos:270602 chunknumber 495500 contains 400 sites
	-> Printing at chr: SczhEnG_4106 pos:307549 chunknumber 495600 contains 521 sites
	-> Printing at chr: SczhEnG_4106 pos:341992 chunknumber 495700 contains 253 sites
	-> Printing at chr: SczhEnG_4106 pos:376267 chunknumber 495800 contains 857 sites
	-> Printing at chr: SczhEnG_4106 pos:409107 chunknumber 495900 contains 283 sites
	-> Printing at chr: SczhEnG_4106 pos:443919 chunknumber 496000 contains 315 sites
	-> Printing at chr: SczhEnG_4106 pos:480560 chunknumber 496100 contains 287 sites
	-> Printing at chr: SczhEnG_4106 pos:519867 chunknumber 496200 contains 320 sites
	-> Printing at chr: SczhEnG_4106 pos:554679 chunknumber 496300 contains 284 sites
	-> Printing at chr: SczhEnG_4106 pos:589675 chunknumber 496400 contains 263 sites
	-> Printing at chr: SczhEnG_4106 pos:624742 chunknumber 496500 contains 303 sites
	-> Printing at chr: SczhEnG_4106 pos:658872 chunknumber 496600 contains 482 sites
	-> Printing at chr: SczhEnG_4106 pos:692842 chunknumber 496700 contains 257 sites
	-> Printing at chr: SczhEnG_4106 pos:727912 chunknumber 496800 contains 402 sites
	-> Region lookup 1065/1139
	-> Printing at chr: SczhEnG_4107 pos:21788 chunknumber 496900 contains 252 sites
	-> Region lookup 1066/1139
	-> Printing at chr: SczhEnG_4111 pos:24884 chunknumber 497000 contains 312 sites
	-> Printing at chr: SczhEnG_4111 pos:60408 chunknumber 497100 contains 268 sites
	-> Printing at chr: SczhEnG_4111 pos:97108 chunknumber 497200 contains 359 sites
	-> Printing at chr: SczhEnG_4111 pos:132375 chunknumber 497300 contains 395 sites
	-> Printing at chr: SczhEnG_4111 pos:167827 chunknumber 497400 contains 258 sites
	-> Printing at chr: SczhEnG_4111 pos:211645 chunknumber 497500 contains 432 sites
	-> Printing at chr: SczhEnG_4111 pos:248041 chunknumber 497600 contains 489 sites
	-> Printing at chr: SczhEnG_4111 pos:283711 chunknumber 497700 contains 304 sites
	-> Printing at chr: SczhEnG_4111 pos:317174 chunknumber 497800 contains 257 sites
	-> Printing at chr: SczhEnG_4111 pos:350841 chunknumber 497900 contains 437 sites
	-> Printing at chr: SczhEnG_4111 pos:388542 chunknumber 498000 contains 282 sites
	-> Printing at chr: SczhEnG_4111 pos:421075 chunknumber 498100 contains 325 sites
	-> Printing at chr: SczhEnG_4111 pos:463278 chunknumber 498200 contains 771 sites
	-> Printing at chr: SczhEnG_4111 pos:506591 chunknumber 498300 contains 321 sites
	-> Region lookup 1067/1139
	-> Printing at chr: SczhEnG_4113 pos:5882 chunknumber 498400 contains 260 sites
	-> Printing at chr: SczhEnG_4113 pos:38946 chunknumber 498500 contains 590 sites
	-> Printing at chr: SczhEnG_4113 pos:82385 chunknumber 498600 contains 354 sites
	-> Printing at chr: SczhEnG_4113 pos:116314 chunknumber 498700 contains 394 sites
	-> Printing at chr: SczhEnG_4113 pos:147636 chunknumber 498800 contains 331 sites
	-> Printing at chr: SczhEnG_4113 pos:194963 chunknumber 498900 contains 267 sites
	-> Region lookup 1068/1139
	-> Printing at chr: SczhEnG_4114 pos:5808 chunknumber 499000 contains 430 sites
	-> Region lookup 1069/1139
	-> Printing at chr: SczhEnG_4115 pos:8709 chunknumber 499100 contains 253 sites
	-> Region lookup 1070/1139
	-> Printing at chr: SczhEnG_4116 pos:31385 chunknumber 499200 contains 536 sites
	-> Printing at chr: SczhEnG_4116 pos:72115 chunknumber 499300 contains 486 sites
	-> Printing at chr: SczhEnG_4116 pos:120764 chunknumber 499400 contains 579 sites
	-> Region lookup 1071/1139
	-> Printing at chr: SczhEnG_4117 pos:29400 chunknumber 499500 contains 469 sites
	-> Printing at chr: SczhEnG_4117 pos:62045 chunknumber 499600 contains 340 sites
	-> Printing at chr: SczhEnG_4117 pos:96752 chunknumber 499700 contains 379 sites
	-> Region lookup 1072/1139
	-> Printing at chr: SczhEnG_4122 pos:17970 chunknumber 499800 contains 261 sites
	-> Region lookup 1073/1139
	-> Printing at chr: SczhEnG_4124 pos:29022 chunknumber 499900 contains 568 sites
	-> Printing at chr: SczhEnG_4124 pos:61465 chunknumber 500000 contains 255 sites
	-> Printing at chr: SczhEnG_4124 pos:96668 chunknumber 500100 contains 565 sites
	-> Printing at chr: SczhEnG_4124 pos:128924 chunknumber 500200 contains 539 sites
	-> Printing at chr: SczhEnG_4124 pos:163276 chunknumber 500300 contains 350 sites
	-> Printing at chr: SczhEnG_4124 pos:200611 chunknumber 500400 contains 292 sites
	-> Printing at chr: SczhEnG_4124 pos:236870 chunknumber 500500 contains 386 sites
	-> Printing at chr: SczhEnG_4124 pos:272235 chunknumber 500600 contains 329 sites
	-> Printing at chr: SczhEnG_4124 pos:308974 chunknumber 500700 contains 366 sites
	-> Region lookup 1074/1139
	-> Printing at chr: SczhEnG_4126 pos:14265 chunknumber 500800 contains 253 sites
	-> Region lookup 1075/1139
	-> Printing at chr: SczhEnG_4128 pos:12467 chunknumber 500900 contains 397 sites
	-> Region lookup 1076/1139
	-> Printing at chr: SczhEnG_4133 pos:1670 chunknumber 501000 contains 314 sites
	-> Region lookup 1077/1139
	-> Printing at chr: SczhEnG_4134 pos:3039 chunknumber 501100 contains 350 sites
	-> Printing at chr: SczhEnG_4134 pos:36670 chunknumber 501200 contains 256 sites
	-> Printing at chr: SczhEnG_4134 pos:72877 chunknumber 501300 contains 251 sites
	-> Printing at chr: SczhEnG_4134 pos:110588 chunknumber 501400 contains 403 sites
	-> Printing at chr: SczhEnG_4134 pos:144121 chunknumber 501500 contains 375 sites
	-> Printing at chr: SczhEnG_4134 pos:178920 chunknumber 501600 contains 296 sites
	-> Printing at chr: SczhEnG_4134 pos:213197 chunknumber 501700 contains 260 sites
	-> Printing at chr: SczhEnG_4134 pos:249467 chunknumber 501800 contains 395 sites
	-> Printing at chr: SczhEnG_4134 pos:284320 chunknumber 501900 contains 362 sites
	-> Printing at chr: SczhEnG_4134 pos:317450 chunknumber 502000 contains 258 sites
	-> Printing at chr: SczhEnG_4134 pos:351909 chunknumber 502100 contains 484 sites
	-> Region lookup 1078/1139
	-> Region lookup 1079/1139
	-> Printing at chr: SczhEnG_4159 pos:20917 chunknumber 502200 contains 541 sites
	-> Region lookup 1080/1139
	-> Printing at chr: SczhEnG_4159 pos:74362 chunknumber 502300 contains 19 sites
	-> Printing at chr: SczhEnG_4160 pos:36413 chunknumber 502400 contains 265 sites
	-> Region lookup 1081/1139
	-> Printing at chr: SczhEnG_4163 pos:4719 chunknumber 502500 contains 255 sites
	-> Printing at chr: SczhEnG_4163 pos:46180 chunknumber 502600 contains 339 sites
	-> Printing at chr: SczhEnG_4163 pos:80483 chunknumber 502700 contains 334 sites
	-> Printing at chr: SczhEnG_4163 pos:116455 chunknumber 502800 contains 265 sites
	-> Printing at chr: SczhEnG_4163 pos:151346 chunknumber 502900 contains 254 sites
	-> Printing at chr: SczhEnG_4163 pos:187337 chunknumber 503000 contains 383 sites
	-> Printing at chr: SczhEnG_4163 pos:220941 chunknumber 503100 contains 415 sites
	-> Printing at chr: SczhEnG_4163 pos:256272 chunknumber 503200 contains 397 sites
	-> Printing at chr: SczhEnG_4163 pos:293551 chunknumber 503300 contains 251 sites
	-> Region lookup 1082/1139
	-> Printing at chr: SczhEnG_4167 pos:30307 chunknumber 503400 contains 702 sites
	-> Printing at chr: SczhEnG_4167 pos:68611 chunknumber 503500 contains 251 sites
	-> Printing at chr: SczhEnG_4167 pos:100034 chunknumber 503600 contains 255 sites
	-> Region lookup 1083/1139
	-> Printing at chr: SczhEnG_4169 pos:15444 chunknumber 503700 contains 578 sites
	-> Region lookup 1084/1139
	-> Printing at chr: SczhEnG_4172 pos:13852 chunknumber 503800 contains 312 sites
	-> Printing at chr: SczhEnG_4172 pos:50532 chunknumber 503900 contains 666 sites
	-> Printing at chr: SczhEnG_4172 pos:84301 chunknumber 504000 contains 273 sites
	-> Printing at chr: SczhEnG_4172 pos:119063 chunknumber 504100 contains 334 sites
	-> Printing at chr: SczhEnG_4172 pos:152881 chunknumber 504200 contains 284 sites
	-> Printing at chr: SczhEnG_4172 pos:187184 chunknumber 504300 contains 284 sites
	-> Printing at chr: SczhEnG_4172 pos:220388 chunknumber 504400 contains 253 sites
	-> Printing at chr: SczhEnG_4172 pos:252385 chunknumber 504500 contains 427 sites
	-> Printing at chr: SczhEnG_4172 pos:287868 chunknumber 504600 contains 471 sites
	-> Printing at chr: SczhEnG_4172 pos:323730 chunknumber 504700 contains 265 sites
	-> Printing at chr: SczhEnG_4172 pos:358733 chunknumber 504800 contains 355 sites
	-> Printing at chr: SczhEnG_4172 pos:397673 chunknumber 504900 contains 422 sites
	-> Printing at chr: SczhEnG_4172 pos:432740 chunknumber 505000 contains 413 sites
	-> Printing at chr: SczhEnG_4172 pos:466435 chunknumber 505100 contains 368 sites
	-> Region lookup 1085/1139
	-> Printing at chr: SczhEnG_4173 pos:11003 chunknumber 505200 contains 514 sites
	-> Printing at chr: SczhEnG_4173 pos:50852 chunknumber 505300 contains 384 sites
	-> Region lookup 1086/1139
	-> Region lookup 1087/1139
	-> Printing at chr: SczhEnG_4179 pos:10185 chunknumber 505400 contains 359 sites
	-> Region lookup 1088/1139
	-> Printing at chr: SczhEnG_4183 pos:2256 chunknumber 505500 contains 259 sites
	-> Printing at chr: SczhEnG_4183 pos:34639 chunknumber 505600 contains 348 sites
	-> Region lookup 1089/1139
	-> Printing at chr: SczhEnG_4184 pos:23677 chunknumber 505700 contains 334 sites
	-> Region lookup 1090/1139
	-> Printing at chr: SczhEnG_4188 pos:12753 chunknumber 505800 contains 336 sites
	-> Region lookup 1091/1139
	-> Region lookup 1092/1139
	-> Printing at chr: SczhEnG_4198 pos:5682 chunknumber 505900 contains 311 sites
	-> Printing at chr: SczhEnG_4198 pos:37038 chunknumber 506000 contains 254 sites
	-> Printing at chr: SczhEnG_4198 pos:65438 chunknumber 506100 contains 316 sites
	-> Printing at chr: SczhEnG_4198 pos:98755 chunknumber 506200 contains 270 sites
	-> Printing at chr: SczhEnG_4198 pos:133133 chunknumber 506300 contains 407 sites
	-> Region lookup 1093/1139
	-> Printing at chr: SczhEnG_4199 pos:13100 chunknumber 506400 contains 255 sites
	-> Region lookup 1094/1139
	-> Printing at chr: SczhEnG_4200 pos:19000 chunknumber 506500 contains 297 sites
	-> Printing at chr: SczhEnG_4200 pos:54736 chunknumber 506600 contains 253 sites
	-> Printing at chr: SczhEnG_4200 pos:96091 chunknumber 506700 contains 298 sites
	-> Printing at chr: SczhEnG_4200 pos:130809 chunknumber 506800 contains 251 sites
	-> Printing at chr: SczhEnG_4200 pos:168149 chunknumber 506900 contains 382 sites
	-> Printing at chr: SczhEnG_4200 pos:203333 chunknumber 507000 contains 450 sites
	-> Printing at chr: SczhEnG_4200 pos:237592 chunknumber 507100 contains 397 sites
	-> Printing at chr: SczhEnG_4200 pos:271604 chunknumber 507200 contains 446 sites
	-> Printing at chr: SczhEnG_4200 pos:306211 chunknumber 507300 contains 438 sites
	-> Printing at chr: SczhEnG_4200 pos:340541 chunknumber 507400 contains 337 sites
	-> Printing at chr: SczhEnG_4200 pos:375868 chunknumber 507500 contains 509 sites
	-> Region lookup 1095/1139
	-> Printing at chr: SczhEnG_4202 pos:15331 chunknumber 507600 contains 352 sites
	-> Region lookup 1096/1139
	-> Printing at chr: SczhEnG_4203 pos:12131 chunknumber 507700 contains 252 sites
	-> Printing at chr: SczhEnG_4203 pos:44523 chunknumber 507800 contains 334 sites
	-> Region lookup 1097/1139
	-> Region lookup 1098/1139
	-> Printing at chr: SczhEnG_4205 pos:45838 chunknumber 507900 contains 34 sites
	-> Printing at chr: SczhEnG_4206 pos:34049 chunknumber 508000 contains 295 sites
	-> Printing at chr: SczhEnG_4206 pos:69321 chunknumber 508100 contains 288 sites
	-> Printing at chr: SczhEnG_4206 pos:102100 chunknumber 508200 contains 253 sites
	-> Printing at chr: SczhEnG_4206 pos:136705 chunknumber 508300 contains 328 sites
	-> Printing at chr: SczhEnG_4206 pos:172602 chunknumber 508400 contains 252 sites
	-> Printing at chr: SczhEnG_4206 pos:204634 chunknumber 508500 contains 268 sites
	-> Printing at chr: SczhEnG_4206 pos:246184 chunknumber 508600 contains 18 sites
	-> Region lookup 1099/1139
	-> Printing at chr: SczhEnG_4208 pos:38629 chunknumber 508700 contains 262 sites
	-> Region lookup 1100/1139
	-> Printing at chr: SczhEnG_4209 pos:9000 chunknumber 508800 contains 300 sites
	-> Printing at chr: SczhEnG_4209 pos:53228 chunknumber 508900 contains 258 sites
	-> Printing at chr: SczhEnG_4209 pos:87500 chunknumber 509000 contains 257 sites
	-> Printing at chr: SczhEnG_4209 pos:122990 chunknumber 509100 contains 427 sites
	-> Printing at chr: SczhEnG_4209 pos:157644 chunknumber 509200 contains 261 sites
	-> Printing at chr: SczhEnG_4209 pos:192680 chunknumber 509300 contains 374 sites
	-> Region lookup 1101/1139
	-> Printing at chr: SczhEnG_4213 pos:4167 chunknumber 509400 contains 266 sites
	-> Region lookup 1102/1139
	-> Printing at chr: SczhEnG_4215 pos:10944 chunknumber 509500 contains 417 sites
	-> Printing at chr: SczhEnG_4215 pos:44796 chunknumber 509600 contains 287 sites
	-> Printing at chr: SczhEnG_4215 pos:83535 chunknumber 509700 contains 313 sites
	-> Printing at chr: SczhEnG_4215 pos:119012 chunknumber 509800 contains 394 sites
	-> Printing at chr: SczhEnG_4215 pos:155152 chunknumber 509900 contains 397 sites
	-> Printing at chr: SczhEnG_4215 pos:188658 chunknumber 510000 contains 261 sites
	-> Printing at chr: SczhEnG_4215 pos:221324 chunknumber 510100 contains 425 sites
	-> Region lookup 1103/1139
	-> Printing at chr: SczhEnG_4219 pos:30947 chunknumber 510200 contains 281 sites
	-> Printing at chr: SczhEnG_4219 pos:66356 chunknumber 510300 contains 252 sites
	-> Region lookup 1104/1139
	-> Printing at chr: SczhEnG_4230 pos:20758 chunknumber 510400 contains 494 sites
	-> Printing at chr: SczhEnG_4230 pos:53668 chunknumber 510500 contains 342 sites
	-> Printing at chr: SczhEnG_4230 pos:82814 chunknumber 510600 contains 270 sites
	-> Printing at chr: SczhEnG_4230 pos:115967 chunknumber 510700 contains 332 sites
	-> Printing at chr: SczhEnG_4230 pos:150995 chunknumber 510800 contains 525 sites
	-> Printing at chr: SczhEnG_4230 pos:189632 chunknumber 510900 contains 297 sites
	-> Printing at chr: SczhEnG_4230 pos:225309 chunknumber 511000 contains 299 sites
	-> Printing at chr: SczhEnG_4230 pos:261444 chunknumber 511100 contains 512 sites
	-> Printing at chr: SczhEnG_4230 pos:295381 chunknumber 511200 contains 487 sites
	-> Printing at chr: SczhEnG_4230 pos:327929 chunknumber 511300 contains 505 sites
	-> Printing at chr: SczhEnG_4230 pos:362961 chunknumber 511400 contains 384 sites
	-> Printing at chr: SczhEnG_4230 pos:404147 chunknumber 511500 contains 523 sites
	-> Printing at chr: SczhEnG_4230 pos:439126 chunknumber 511600 contains 412 sites
	-> Printing at chr: SczhEnG_4230 pos:473479 chunknumber 511700 contains 382 sites
	-> Printing at chr: SczhEnG_4230 pos:506484 chunknumber 511800 contains 257 sites
	-> Printing at chr: SczhEnG_4230 pos:538456 chunknumber 511900 contains 386 sites
	-> Printing at chr: SczhEnG_4230 pos:572148 chunknumber 512000 contains 334 sites
	-> Printing at chr: SczhEnG_4230 pos:609934 chunknumber 512100 contains 254 sites
	-> Printing at chr: SczhEnG_4230 pos:643639 chunknumber 512200 contains 319 sites
	-> Printing at chr: SczhEnG_4230 pos:679084 chunknumber 512300 contains 934 sites
	-> Region lookup 1105/1139
	-> Printing at chr: SczhEnG_4231 pos:13993 chunknumber 512400 contains 295 sites
	-> Printing at chr: SczhEnG_4231 pos:48861 chunknumber 512500 contains 385 sites
	-> Printing at chr: SczhEnG_4231 pos:85468 chunknumber 512600 contains 392 sites
	-> Printing at chr: SczhEnG_4231 pos:122945 chunknumber 512700 contains 350 sites
	-> Printing at chr: SczhEnG_4231 pos:159628 chunknumber 512800 contains 394 sites
	-> Printing at chr: SczhEnG_4231 pos:197296 chunknumber 512900 contains 283 sites
	-> Printing at chr: SczhEnG_4231 pos:232734 chunknumber 513000 contains 258 sites
	-> Printing at chr: SczhEnG_4231 pos:264438 chunknumber 513100 contains 254 sites
	-> Printing at chr: SczhEnG_4231 pos:291480 chunknumber 513200 contains 253 sites
	-> Printing at chr: SczhEnG_4231 pos:326023 chunknumber 513300 contains 251 sites
	-> Printing at chr: SczhEnG_4231 pos:359606 chunknumber 513400 contains 283 sites
	-> Printing at chr: SczhEnG_4231 pos:392895 chunknumber 513500 contains 252 sites
	-> Printing at chr: SczhEnG_4231 pos:428199 chunknumber 513600 contains 393 sites
	-> Printing at chr: SczhEnG_4231 pos:463271 chunknumber 513700 contains 297 sites
	-> Printing at chr: SczhEnG_4231 pos:499602 chunknumber 513800 contains 284 sites
	-> Printing at chr: SczhEnG_4231 pos:535059 chunknumber 513900 contains 416 sites
	-> Printing at chr: SczhEnG_4231 pos:568755 chunknumber 514000 contains 312 sites
	-> Printing at chr: SczhEnG_4231 pos:612165 chunknumber 514100 contains 351 sites
	-> Printing at chr: SczhEnG_4231 pos:646190 chunknumber 514200 contains 449 sites
	-> Printing at chr: SczhEnG_4231 pos:680811 chunknumber 514300 contains 419 sites
	-> Printing at chr: SczhEnG_4231 pos:714098 chunknumber 514400 contains 331 sites
	-> Printing at chr: SczhEnG_4231 pos:750296 chunknumber 514500 contains 170 sites
	-> Printing at chr: SczhEnG_4231 pos:791603 chunknumber 514600 contains 234 sites
	-> Printing at chr: SczhEnG_4231 pos:828570 chunknumber 514700 contains 501 sites
	-> Printing at chr: SczhEnG_4231 pos:863537 chunknumber 514800 contains 311 sites
	-> Printing at chr: SczhEnG_4231 pos:898407 chunknumber 514900 contains 259 sites
	-> Printing at chr: SczhEnG_4231 pos:932450 chunknumber 515000 contains 469 sites
	-> Printing at chr: SczhEnG_4231 pos:967894 chunknumber 515100 contains 283 sites
	-> Printing at chr: SczhEnG_4231 pos:1002083 chunknumber 515200 contains 353 sites
	-> Printing at chr: SczhEnG_4231 pos:1038956 chunknumber 515300 contains 350 sites
	-> Printing at chr: SczhEnG_4231 pos:1073982 chunknumber 515400 contains 252 sites
	-> Printing at chr: SczhEnG_4231 pos:1105136 chunknumber 515500 contains 252 sites
	-> Printing at chr: SczhEnG_4231 pos:1138444 chunknumber 515600 contains 253 sites
	-> Printing at chr: SczhEnG_4231 pos:1173015 chunknumber 515700 contains 347 sites
	-> Printing at chr: SczhEnG_4231 pos:1209443 chunknumber 515800 contains 302 sites
	-> Printing at chr: SczhEnG_4231 pos:1245180 chunknumber 515900 contains 320 sites
	-> Printing at chr: SczhEnG_4231 pos:1279669 chunknumber 516000 contains 265 sites
	-> Printing at chr: SczhEnG_4231 pos:1312958 chunknumber 516100 contains 302 sites
	-> Printing at chr: SczhEnG_4231 pos:1348531 chunknumber 516200 contains 286 sites
	-> Printing at chr: SczhEnG_4231 pos:1382973 chunknumber 516300 contains 453 sites
	-> Printing at chr: SczhEnG_4231 pos:1418151 chunknumber 516400 contains 301 sites
	-> Region lookup 1106/1139
	-> Printing at chr: SczhEnG_4237 pos:16749 chunknumber 516500 contains 322 sites
	-> Printing at chr: SczhEnG_4237 pos:49333 chunknumber 516600 contains 474 sites
	-> Region lookup 1107/1139
	-> Region lookup 1108/1139
	-> Printing at chr: SczhEnG_4244 pos:14430 chunknumber 516700 contains 251 sites
	-> Printing at chr: SczhEnG_4244 pos:47195 chunknumber 516800 contains 299 sites
	-> Region lookup 1109/1139
	-> Printing at chr: SczhEnG_4251 pos:31316 chunknumber 516900 contains 440 sites
	-> Printing at chr: SczhEnG_4251 pos:67225 chunknumber 517000 contains 450 sites
	-> Printing at chr: SczhEnG_4251 pos:101470 chunknumber 517100 contains 274 sites
	-> Region lookup 1110/1139
	-> Printing at chr: SczhEnG_4273 pos:13795 chunknumber 517200 contains 423 sites
	-> Printing at chr: SczhEnG_4273 pos:47667 chunknumber 517300 contains 263 sites
	-> Printing at chr: SczhEnG_4273 pos:83267 chunknumber 517400 contains 253 sites
	-> Printing at chr: SczhEnG_4273 pos:114223 chunknumber 517500 contains 291 sites
	-> Printing at chr: SczhEnG_4273 pos:149449 chunknumber 517600 contains 452 sites
	-> Printing at chr: SczhEnG_4273 pos:183743 chunknumber 517700 contains 341 sites
	-> Printing at chr: SczhEnG_4273 pos:219253 chunknumber 517800 contains 379 sites
	-> Region lookup 1111/1139
	-> Printing at chr: SczhEnG_4281 pos:8911 chunknumber 517900 contains 521 sites
	-> Region lookup 1112/1139
	-> Printing at chr: SczhEnG_4282 pos:6063 chunknumber 518000 contains 414 sites
	-> Printing at chr: SczhEnG_4282 pos:40596 chunknumber 518100 contains 415 sites
	-> Printing at chr: SczhEnG_4282 pos:76003 chunknumber 518200 contains 259 sites
	-> Printing at chr: SczhEnG_4282 pos:108465 chunknumber 518300 contains 329 sites
	-> Region lookup 1113/1139
	-> Printing at chr: SczhEnG_4283 pos:5206 chunknumber 518400 contains 191 sites
	-> Region lookup 1114/1139
	-> Printing at chr: SczhEnG_4286 pos:17169 chunknumber 518500 contains 302 sites
	-> Region lookup 1115/1139
	-> Printing at chr: SczhEnG_4287 pos:10403 chunknumber 518600 contains 260 sites
	-> Printing at chr: SczhEnG_4287 pos:46000 chunknumber 518700 contains 317 sites
	-> Printing at chr: SczhEnG_4287 pos:79096 chunknumber 518800 contains 323 sites
	-> Printing at chr: SczhEnG_4287 pos:112556 chunknumber 518900 contains 1882 sites
	-> Printing at chr: SczhEnG_4287 pos:145830 chunknumber 519000 contains 355 sites
	-> Printing at chr: SczhEnG_4287 pos:179921 chunknumber 519100 contains 360 sites
	-> Printing at chr: SczhEnG_4287 pos:214822 chunknumber 519200 contains 294 sites
	-> Printing at chr: SczhEnG_4287 pos:248482 chunknumber 519300 contains 368 sites
	-> Region lookup 1116/1139
	-> Printing at chr: SczhEnG_4304 pos:12908 chunknumber 519400 contains 253 sites
	-> Printing at chr: SczhEnG_4304 pos:47576 chunknumber 519500 contains 265 sites
	-> Region lookup 1117/1139
	-> Printing at chr: SczhEnG_4308 pos:13497 chunknumber 519600 contains 262 sites
	-> Printing at chr: SczhEnG_4308 pos:47333 chunknumber 519700 contains 304 sites
	-> Printing at chr: SczhEnG_4308 pos:82053 chunknumber 519800 contains 253 sites
	-> Printing at chr: SczhEnG_4308 pos:143367 chunknumber 519900 contains 350 sites
	-> Region lookup 1118/1139
	-> Printing at chr: SczhEnG_4309 pos:38607 chunknumber 520000 contains 413 sites
	-> Printing at chr: SczhEnG_4309 pos:74862 chunknumber 520100 contains 292 sites
	-> Printing at chr: SczhEnG_4309 pos:109433 chunknumber 520200 contains 254 sites
	-> Printing at chr: SczhEnG_4309 pos:144507 chunknumber 520300 contains 284 sites
	-> Printing at chr: SczhEnG_4309 pos:177257 chunknumber 520400 contains 270 sites
	-> Region lookup 1119/1139
	-> Printing at chr: SczhEnG_4315 pos:11274 chunknumber 520500 contains 459 sites
	-> Printing at chr: SczhEnG_4315 pos:44097 chunknumber 520600 contains 255 sites
	-> Printing at chr: SczhEnG_4315 pos:76767 chunknumber 520700 contains 277 sites
	-> Printing at chr: SczhEnG_4315 pos:112837 chunknumber 520800 contains 406 sites
	-> Region lookup 1120/1139
	-> Printing at chr: SczhEnG_4320 pos:7992 chunknumber 520900 contains 358 sites
	-> Printing at chr: SczhEnG_4320 pos:79705 chunknumber 521000 contains 344 sites
	-> Printing at chr: SczhEnG_4320 pos:113171 chunknumber 521100 contains 270 sites
	-> Region lookup 1121/1139
	-> Printing at chr: SczhEnG_4327 pos:5962 chunknumber 521200 contains 449 sites
	-> Printing at chr: SczhEnG_4327 pos:44932 chunknumber 521300 contains 359 sites
	-> Region lookup 1122/1139
	-> Region lookup 1123/1139
	-> Printing at chr: SczhEnG_4329 pos:12080 chunknumber 521400 contains 343 sites
	-> Printing at chr: SczhEnG_4329 pos:46321 chunknumber 521500 contains 423 sites
	-> Printing at chr: SczhEnG_4329 pos:78138 chunknumber 521600 contains 358 sites
	-> Region lookup 1124/1139
	-> Printing at chr: SczhEnG_4341 pos:32308 chunknumber 521700 contains 254 sites
	-> Printing at chr: SczhEnG_4341 pos:68308 chunknumber 521800 contains 376 sites
	-> Printing at chr: SczhEnG_4341 pos:101953 chunknumber 521900 contains 320 sites
	-> Printing at chr: SczhEnG_4341 pos:135395 chunknumber 522000 contains 297 sites
	-> Printing at chr: SczhEnG_4341 pos:170107 chunknumber 522100 contains 362 sites
	-> Printing at chr: SczhEnG_4341 pos:204370 chunknumber 522200 contains 255 sites
	-> Printing at chr: SczhEnG_4341 pos:239222 chunknumber 522300 contains 374 sites
	-> Printing at chr: SczhEnG_4341 pos:274068 chunknumber 522400 contains 342 sites
	-> Printing at chr: SczhEnG_4341 pos:308656 chunknumber 522500 contains 393 sites
	-> Printing at chr: SczhEnG_4341 pos:343015 chunknumber 522600 contains 251 sites
	-> Printing at chr: SczhEnG_4341 pos:375921 chunknumber 522700 contains 268 sites
	-> Printing at chr: SczhEnG_4341 pos:410987 chunknumber 522800 contains 287 sites
	-> Region lookup 1125/1139
	-> Printing at chr: SczhEnG_4342 pos:4234 chunknumber 522900 contains 374 sites
	-> Printing at chr: SczhEnG_4342 pos:43598 chunknumber 523000 contains 327 sites
	-> Region lookup 1126/1139
	-> Printing at chr: SczhEnG_4355 pos:38402 chunknumber 523100 contains 298 sites
	-> Printing at chr: SczhEnG_4355 pos:70798 chunknumber 523200 contains 255 sites
	-> Region lookup 1127/1139
	-> Printing at chr: SczhEnG_4356 pos:16018 chunknumber 523300 contains 268 sites
	-> Printing at chr: SczhEnG_4356 pos:49923 chunknumber 523400 contains 263 sites
	-> Printing at chr: SczhEnG_4356 pos:86607 chunknumber 523500 contains 251 sites
	-> Printing at chr: SczhEnG_4356 pos:119659 chunknumber 523600 contains 648 sites
	-> Printing at chr: SczhEnG_4356 pos:153785 chunknumber 523700 contains 391 sites
	-> Printing at chr: SczhEnG_4356 pos:186525 chunknumber 523800 contains 452 sites
	-> Printing at chr: SczhEnG_4356 pos:221121 chunknumber 523900 contains 299 sites
	-> Printing at chr: SczhEnG_4356 pos:256932 chunknumber 524000 contains 555 sites
	-> Printing at chr: SczhEnG_4356 pos:293631 chunknumber 524100 contains 500 sites
	-> Printing at chr: SczhEnG_4356 pos:328533 chunknumber 524200 contains 329 sites
	-> Printing at chr: SczhEnG_4356 pos:363979 chunknumber 524300 contains 336 sites
	-> Printing at chr: SczhEnG_4356 pos:399446 chunknumber 524400 contains 445 sites
	-> Printing at chr: SczhEnG_4356 pos:434314 chunknumber 524500 contains 317 sites
	-> Printing at chr: SczhEnG_4356 pos:468340 chunknumber 524600 contains 417 sites
	-> Printing at chr: SczhEnG_4356 pos:502080 chunknumber 524700 contains 328 sites
	-> Printing at chr: SczhEnG_4356 pos:535864 chunknumber 524800 contains 251 sites
	-> Printing at chr: SczhEnG_4356 pos:572059 chunknumber 524900 contains 289 sites
	-> Printing at chr: SczhEnG_4356 pos:605733 chunknumber 525000 contains 266 sites
	-> Printing at chr: SczhEnG_4356 pos:642412 chunknumber 525100 contains 671 sites
	-> Printing at chr: SczhEnG_4356 pos:679574 chunknumber 525200 contains 358 sites
	-> Region lookup 1128/1139
	-> Printing at chr: SczhEnG_4359 pos:18945 chunknumber 525300 contains 449 sites
	-> Printing at chr: SczhEnG_4359 pos:54216 chunknumber 525400 contains 471 sites
	-> Region lookup 1129/1139
	-> Printing at chr: SczhEnG_4370 pos:1298 chunknumber 525500 contains 251 sites
	-> Region lookup 1130/1139
	-> Printing at chr: SczhEnG_4371 pos:32938 chunknumber 525600 contains 291 sites
	-> Region lookup 1131/1139
	-> Printing at chr: SczhEnG_4372 pos:36870 chunknumber 525700 contains 451 sites
	-> Region lookup 1132/1139
	-> Printing at chr: SczhEnG_4375 pos:21589 chunknumber 525800 contains 253 sites
	-> Printing at chr: SczhEnG_4375 pos:58249 chunknumber 525900 contains 459 sites
	-> Printing at chr: SczhEnG_4375 pos:95090 chunknumber 526000 contains 452 sites
	-> Printing at chr: SczhEnG_4375 pos:130633 chunknumber 526100 contains 257 sites
	-> Printing at chr: SczhEnG_4375 pos:166679 chunknumber 526200 contains 445 sites
	-> Printing at chr: SczhEnG_4375 pos:202264 chunknumber 526300 contains 252 sites
	-> Printing at chr: SczhEnG_4375 pos:238077 chunknumber 526400 contains 613 sites
	-> Printing at chr: SczhEnG_4375 pos:275104 chunknumber 526500 contains 461 sites
	-> Printing at chr: SczhEnG_4375 pos:312673 chunknumber 526600 contains 252 sites
	-> Printing at chr: SczhEnG_4375 pos:349454 chunknumber 526700 contains 308 sites
	-> Printing at chr: SczhEnG_4375 pos:383059 chunknumber 526800 contains 371 sites
	-> Printing at chr: SczhEnG_4375 pos:418573 chunknumber 526900 contains 263 sites
	-> Printing at chr: SczhEnG_4375 pos:454110 chunknumber 527000 contains 324 sites
	-> Printing at chr: SczhEnG_4375 pos:493275 chunknumber 527100 contains 366 sites
	-> Printing at chr: SczhEnG_4375 pos:534392 chunknumber 527200 contains 407 sites
	-> Printing at chr: SczhEnG_4375 pos:569088 chunknumber 527300 contains 281 sites
	-> Printing at chr: SczhEnG_4375 pos:603404 chunknumber 527400 contains 301 sites
	-> Printing at chr: SczhEnG_4375 pos:638855 chunknumber 527500 contains 523 sites
	-> Printing at chr: SczhEnG_4375 pos:674229 chunknumber 527600 contains 268 sites
	-> Printing at chr: SczhEnG_4375 pos:714221 chunknumber 527700 contains 262 sites
	-> Printing at chr: SczhEnG_4375 pos:749346 chunknumber 527800 contains 410 sites
	-> Region lookup 1133/1139
	-> Printing at chr: SczhEnG_4379 pos:16059 chunknumber 527900 contains 260 sites
	-> Region lookup 1134/1139
	-> Printing at chr: SczhEnG_4383 pos:20733 chunknumber 528000 contains 274 sites
	-> Printing at chr: SczhEnG_4383 pos:54912 chunknumber 528100 contains 541 sites
	-> Region lookup 1135/1139
	-> Printing at chr: SczhEnG_4384 pos:25657 chunknumber 528200 contains 482 sites
	-> Printing at chr: SczhEnG_4384 pos:60432 chunknumber 528300 contains 251 sites
	-> Printing at chr: SczhEnG_4384 pos:93322 chunknumber 528400 contains 296 sites
	-> Printing at chr: SczhEnG_4384 pos:128030 chunknumber 528500 contains 278 sites
	-> Region lookup 1136/1139
	-> Printing at chr: SczhEnG_4392 pos:28333 chunknumber 528600 contains 285 sites
	-> Region lookup 1137/1139
	-> Printing at chr: SczhEnG_4396 pos:3379 chunknumber 528700 contains 283 sites
	-> Printing at chr: SczhEnG_4396 pos:36619 chunknumber 528800 contains 253 sites
	-> Printing at chr: SczhEnG_4396 pos:70766 chunknumber 528900 contains 287 sites
	-> Printing at chr: SczhEnG_4396 pos:105777 chunknumber 529000 contains 284 sites
	-> Printing at chr: SczhEnG_4396 pos:142504 chunknumber 529100 contains 507 sites
	-> Printing at chr: SczhEnG_4396 pos:179232 chunknumber 529200 contains 312 sites
	-> Printing at chr: SczhEnG_4396 pos:214270 chunknumber 529300 contains 325 sites
	-> Printing at chr: SczhEnG_4396 pos:247799 chunknumber 529400 contains 339 sites
	-> Printing at chr: SczhEnG_4396 pos:281996 chunknumber 529500 contains 280 sites
	-> Printing at chr: SczhEnG_4396 pos:315614 chunknumber 529600 contains 251 sites
	-> Printing at chr: SczhEnG_4396 pos:349699 chunknumber 529700 contains 341 sites
	-> Printing at chr: SczhEnG_4396 pos:381791 chunknumber 529800 contains 254 sites
	-> Printing at chr: SczhEnG_4396 pos:417947 chunknumber 529900 contains 315 sites
	-> Region lookup 1138/1139
	-> Printing at chr: SczhEnG_4399 pos:31785 chunknumber 530000 contains 313 sites
	-> Region lookup 1139/1139
	-> Printing at chr: SczhEnG_4401 pos:2071 chunknumber 530100 contains 251 sites
	-> Printing at chr: SczhEnG_4401 pos:35035 chunknumber 530200 contains 251 sites
	-> Printing at chr: SczhEnG_4401 pos:66464 chunknumber 530300 contains 461 sites

	-> Done reading data waiting for calculations to finish
	-> Done waiting for threads
	-> Output filenames:
		->"/scratch/nmnh_corals/connellym/projects/etp_pocillopora_gskim/outputs/angsd/final_noclones/final_noclones_noLD_filtered.arg"
		->"/scratch/nmnh_corals/connellym/projects/etp_pocillopora_gskim/outputs/angsd/final_noclones/final_noclones_noLD_filtered.pos.gz"
		->"/scratch/nmnh_corals/connellym/projects/etp_pocillopora_gskim/outputs/angsd/final_noclones/final_noclones_noLD_filtered.counts.gz"
		->"/scratch/nmnh_corals/connellym/projects/etp_pocillopora_gskim/outputs/angsd/final_noclones/final_noclones_noLD_filtered.beagle.gz"
		->"/scratch/nmnh_corals/connellym/projects/etp_pocillopora_gskim/outputs/angsd/final_noclones/final_noclones_noLD_filtered.mafs.gz"
		->"/scratch/nmnh_corals/connellym/projects/etp_pocillopora_gskim/outputs/angsd/final_noclones/final_noclones_noLD_filtered.hwe.gz"
		->"/scratch/nmnh_corals/connellym/projects/etp_pocillopora_gskim/outputs/angsd/final_noclones/final_noclones_noLD_filtered.geno.gz"
		->"/scratch/nmnh_corals/connellym/projects/etp_pocillopora_gskim/outputs/angsd/final_noclones/final_noclones_noLD_filtered.snpStat.gz"
		->"/scratch/nmnh_corals/connellym/projects/etp_pocillopora_gskim/outputs/angsd/final_noclones/final_noclones_noLD_filtered.ibs.gz"
		->"/scratch/nmnh_corals/connellym/projects/etp_pocillopora_gskim/outputs/angsd/final_noclones/final_noclones_noLD_filtered.ibsMat"
		->"/scratch/nmnh_corals/connellym/projects/etp_pocillopora_gskim/outputs/angsd/final_noclones/final_noclones_noLD_filtered.covMat"
	-> Fri Mar 15 18:39:44 2024
	-> Arguments and parameters for all analysis are located in .arg file
	-> Total number of sites analyzed: 184927339
	-> Number of sites retained after filtering: 1061287 
	[ALL done] cpu-time used =  23758.21 sec
	[ALL done] walltime used =  20821.00 sec
1061288
= Fri Mar 15 18:39:46 EDT 2024 job angsd_noLD done
