+ Tue Apr 8 09:01:47 EDT 2025 job iqtree_phyluce_partitions started in lThC.q with jobID=7213108 on compute-65-15
+ NSLOTS = 24
IQ-TREE multicore version 2.3.1 COVID-edition for Linux 64-bit built Mar 25 2024
Developed by Bui Quang Minh, James Barbetti, Nguyen Lam Tung,
Olga Chernomor, Heiko Schmidt, Dominik Schrempf, Michael Woodhams, Ly Trong Nhan, Thomas Wong

Host:    compute-65-15 (AVX2, FMA3, 503 GB RAM)
Command: iqtree2 -s /scratch/nmnh_corals/connellym/projects/etp_pocillopora_gskim/outputs/uce-taxon-sets/representative_5X_phyluce_iqtree/representative_5X_phyluce_iqtree-mafft-nexus-internal-trimmed-gblocks-clean-50p-raxml/representative_5X_phyluce_iqtree-mafft-nexus-internal-trimmed-gblocks-clean-50p-raxml.phylip -p /scratch/nmnh_corals/connellym/projects/etp_pocillopora_gskim/outputs/uce-taxon-sets/representative_5X_phyluce_iqtree/representative_5X_phyluce_iqtree-mafft-nexus-internal-trimmed-gblocks-clean-50p-raxml/representative_5X_phyluce_iqtree-mafft-nexus-internal-trimmed-gblocks-clean-50p-raxml.partitions --seqtype DNA -m MFP+MERGE -bb 1000 -alrt 1000 -nt 24 --prefix /scratch/nmnh_corals/connellym/projects/etp_pocillopora_gskim/outputs/iqtree/representative_5X_phyluce_iqtree/iqtree_representative_5X_phyluce_iqtree_50
Seed:    23791 (Using SPRNG - Scalable Parallel Random Number Generator)
Time:    Tue Apr  8 09:01:47 2025
Kernel:  AVX+FMA - 24 threads (64 CPU cores detected)

Reading partition model file /scratch/nmnh_corals/connellym/projects/etp_pocillopora_gskim/outputs/uce-taxon-sets/representative_5X_phyluce_iqtree/representative_5X_phyluce_iqtree-mafft-nexus-internal-trimmed-gblocks-clean-50p-raxml/representative_5X_phyluce_iqtree-mafft-nexus-internal-trimmed-gblocks-clean-50p-raxml.partitions ...
Reading alignment file /scratch/nmnh_corals/connellym/projects/etp_pocillopora_gskim/outputs/uce-taxon-sets/representative_5X_phyluce_iqtree/representative_5X_phyluce_iqtree-mafft-nexus-internal-trimmed-gblocks-clean-50p-raxml/representative_5X_phyluce_iqtree-mafft-nexus-internal-trimmed-gblocks-clean-50p-raxml.phylip ... Phylip format detected
Alignment most likely contains DNA/RNA sequences
Alignment has 138 sequences with 717549 columns, 398383 distinct patterns
194624 parsimony-informative, 132939 singleton sites, 389986 constant sites
                                      Gap/Ambiguity  Composition  p-value
Analyzing sequences: done in 0.0568252 secs using 2355% CPU
   1  BahiaCulebra_14_S32_contigs            17.63%    passed     51.32%
   2  Clip_02_S199_contigs                   28.65%    passed     29.15%
   3  Clip_03_S200_contigs                   32.65%    passed     13.91%
   4  Clip_15_S201_contigs                   32.54%    passed     17.89%
   5  Clip_16_S155_contigs                   60.14%    failed      0.00%
   6  Clip_19_S202_contigs                   33.62%    passed     26.81%
   7  Clip_26_S204_contigs                   30.14%    passed      8.22%
   8  Coco_611_AP3XF77_S91_contigs           35.37%    failed      0.00%
   9  Coco_614_AP3XF80_S94_contigs           31.69%    failed      0.00%
  10  Coco_618_AP3XF84_S98_contigs           38.20%    failed      0.00%
  11  Coco_647_AP3XF91_S146_contigs          46.90%    failed      0.00%
  12  Coco_651_AP3XF95_S109_contigs          33.50%    failed      0.00%
  13  Coco_658_AP3XG02_S148_contigs          19.80%    passed     87.19%
  14  Coco_665_AP3XG09_S170_contigs          24.50%    passed     49.75%
  15  Darwin_1A_S85_contigs                  19.11%    passed     69.83%
  16  Darwin_2A_S86_contigs                  20.77%    passed     73.05%
  17  Darwin_3A_S87_contigs                  21.47%    passed     19.75%
  18  Espanola_1A_S90_contigs                21.02%    passed     80.53%
  19  Espanola_4A_S93_contigs                18.80%    failed      3.26%
  20  Espanola_5A_S94_contigs                27.83%    passed      8.43%
  21  GolfoDulce_21_S55_contigs              19.39%    passed     83.53%
  22  Isabela_2E_S101_contigs                18.36%    passed     48.40%
  23  Perlas_349_AP3XG40_S132_contigs        21.27%    passed     90.87%
  24  Perlas_374_AP3XG65_S139_contigs        29.48%    passed      9.12%
  25  Perlas_411_AP3XG78_S152_contigs        31.30%    passed     20.38%
  26  SRR19052129_contigs                     8.52%    passed     88.16%
  27  SRR19052131_contigs                    10.86%    passed     87.38%
  28  SRR19052132_contigs                     7.34%    passed     59.57%
  29  SRR19052139_contigs                    19.53%    passed     42.63%
  30  SRR19052142_contigs                    13.95%    passed     52.01%
  31  SRR19052143_contigs                    18.38%    passed     69.00%
  32  SRR19052148_contigs                    22.39%    passed     84.58%
  33  SRR19052149_contigs                    12.86%    passed     58.95%
  34  SRR19052150_contigs                    14.54%    passed     79.27%
  35  SRR19052151_contigs                    26.16%    passed     28.02%
  36  SRR19052152_contigs                    15.73%    passed     63.17%
  37  SRR19052157_contigs                     7.46%    passed     39.17%
  38  SRR19052160_contigs                     8.07%    passed     32.28%
  39  SRR19052170_contigs                    21.00%    passed     66.62%
  40  SRR19052171_contigs                    48.38%    failed      1.03%
  41  SRR19052177_contigs                     7.38%    passed     67.73%
  42  SRR19052205_contigs                    42.39%    failed      0.05%
  43  SRR19052206_contigs                    12.69%    passed     97.12%
  44  SRR19052210_contigs                     7.70%    passed     91.67%
  45  SRR19052214_contigs                     7.68%    passed     77.63%
  46  SRR19052217_contigs                     6.07%    passed     77.23%
  47  SRR19052219_contigs                     8.74%    passed     96.42%
  48  SRR19052222_contigs                    12.10%    passed     80.73%
  49  SRR19052223_contigs                     6.57%    passed     90.02%
  50  SRR19052231_contigs                    14.42%    passed     51.64%
  51  SRR19052232_contigs                    70.86%    passed     39.76%
  52  SRR19052233_contigs                    12.91%    passed     54.28%
  53  SRR19052238_contigs                    10.39%    passed     67.45%
  54  SRR19052240_contigs                     8.75%    passed     47.84%
  55  SRR19052246_contigs                    10.01%    passed     92.23%
  56  SRR19052248_contigs                     8.24%    passed     45.84%
  57  SRR19052249_contigs                     7.32%    passed     76.08%
  58  SRR19052253_contigs                     6.58%    passed     61.07%
  59  SRR19052258_contigs                     9.64%    passed     77.84%
  60  SRR19052261_contigs                     8.08%    passed     92.53%
  61  SRR19052263_contigs                    10.14%    passed     87.23%
  62  SRR19052264_contigs                    12.39%    passed     82.88%
  63  SRR19052266_contigs                    15.20%    passed     77.39%
  64  SRR19052290_contigs                    12.33%    passed     93.56%
  65  SRR19052291_contigs                    16.71%    passed     38.11%
  66  SRR19052292_contigs                    12.45%    passed     57.76%
  67  SRR19052294_contigs                     8.25%    passed     47.55%
  68  SRR19052297_contigs                     8.78%    passed     97.09%
  69  SRR19052301_contigs                     7.72%    passed     42.28%
  70  SRR19052305_contigs                    30.55%    failed      0.00%
  71  SRR19052306_contigs                    28.85%    failed      0.00%
  72  SRR19052307_contigs                    23.84%    failed      0.00%
  73  SRR19052309_contigs                    24.56%    failed      0.00%
  74  SRR19052311_contigs                    10.29%    passed     84.16%
  75  SRR19052318_contigs                     6.71%    passed     73.61%
  76  SRR19052326_contigs                    14.02%    passed     86.71%
  77  SRR19052332_contigs                     7.44%    passed     43.25%
  78  SRR19052339_contigs                    10.97%    passed     68.91%
  79  SRR19052341_contigs                    20.96%    passed     87.66%
  80  SRR19052344_contigs                    13.93%    passed     82.30%
  81  SRR19052346_contigs                    23.49%    passed     15.31%
  82  SRR19052347_contigs                    22.99%    failed      0.22%
  83  SRR19052349_contigs                    18.24%    failed      3.13%
  84  SRR19052362_contigs                    16.07%    passed     96.71%
  85  SRR19052364_contigs                     4.22%    passed     57.63%
  86  SRR19052370_contigs                    13.22%    passed     43.72%
  87  SRR19052373_contigs                     5.87%    passed     13.19%
  88  SRR19052374_contigs                     7.58%    passed     53.80%
  89  SRR19052375_contigs                     5.75%    passed     62.58%
  90  SRR19052386_contigs                     9.94%    passed     57.43%
  91  SRR19052388_contigs                    14.31%    passed     69.48%
  92  SRR19052390_contigs                     6.17%    passed     73.60%
  93  SRR19052399_contigs                     7.04%    passed     73.68%
  94  SRR19052400_contigs                     6.94%    passed     72.01%
  95  SRR19052401_contigs                    17.39%    passed     74.40%
  96  SRR19052409_contigs                    19.01%    passed     92.07%
  97  SRR19052410_contigs                     8.34%    passed     66.06%
  98  SRR19052413_contigs                    11.32%    passed     85.76%
  99  SRR19052419_contigs                    11.24%    passed     31.53%
 100  SRR19052423_contigs                    20.68%    passed     45.96%
 101  SRR19052424_contigs                     6.33%    passed     79.17%
 102  SRR19052427_contigs                     6.47%    passed     88.26%
 103  SRR19052429_contigs                    10.88%    passed     75.02%
 104  SRR19052438_contigs                     9.97%    passed     43.42%
 105  SRR19052439_contigs                    11.40%    passed     70.90%
 106  SRR19052441_contigs                     9.83%    passed     84.17%
 107  SRR19052442_contigs                    10.10%    passed     90.07%
 108  SRR19052448_contigs                     5.43%    passed     77.76%
 109  SRR19052451_contigs                     7.16%    passed     36.51%
 110  SRR19052455_contigs                     8.75%    passed     89.36%
 111  SRR19052468_contigs                    14.93%    passed     31.32%
 112  SRR19052469_contigs                    13.96%    passed     80.54%
 113  SRR19052472_contigs                     6.51%    passed     94.69%
 114  SRR19052476_contigs                    15.05%    passed     77.72%
 115  SRR19052478_contigs                    12.16%    passed     87.60%
 116  SRR19052484_contigs                    12.00%    passed     36.48%
 117  SRR19052486_contigs                     9.78%    passed     74.60%
 118  SRR19052487_contigs                    12.58%    passed     67.44%
 119  SRR19052488_contigs                    14.69%    passed     97.10%
 120  SRR19052489_contigs                     8.56%    passed     91.10%
 121  SRR19052490_contigs                    10.74%    passed     87.02%
 122  SRR19052496_contigs                    12.80%    passed     62.73%
 123  SRR19052499_contigs                     7.42%    passed     96.26%
 124  SRR19052500_contigs                    12.34%    passed     81.98%
 125  SantaCruz_1A_S105_contigs              24.42%    passed      8.45%
 126  SRR19052226_contigs                    11.55%    passed     90.37%
 127  SRR19052350_contigs                    18.59%    passed     92.73%
 128  SRR19052360_contigs                    14.26%    passed     25.84%
 129  SRR19052493_contigs                    11.76%    passed     59.98%
 130  Stylophora_pistillata_ANT17_contigs    64.68%    failed      0.00%
 131  pocillopora_acuta_SAMN22898959         80.68%    passed     39.39%
 132  pocillopora_damicornis_GCF_003704095   80.77%    passed     40.33%
 133  pocillopora_effusa_GCA_942486045       80.58%    passed     31.25%
 134  pocillopora_grandis_GCA_964027065      80.27%    passed     10.50%
 135  pocillopora_meandrina_SAMN21845732     80.81%    passed     19.51%
 136  pocillopora_verrucosa_GCA_014529365    81.35%    passed     32.75%
 137  pocillopora_verrucosa_GCF_030620025    80.95%    passed     11.01%
 138  pocillopora_verrucosa_GCA_036669915    81.64%    passed     20.39%
WARNING: 11 sequences contain more than 50% gaps/ambiguity
****  TOTAL                                  20.55%  16 sequences failed composition chi2 test (p-value<5%; df=3)

Partition file is not in NEXUS format, assuming RAxML-style partition file...
Subset	Type	Seqs	Sites	Infor	Invar	Model	Name
1	DNA	125	387	105	227	GTR+MERGE	uce-111008.nexus
2	DNA	129	455	93	336	GTR+MERGE	uce-111031.nexus
3	DNA	122	282	102	131	GTR+MERGE	uce-111033.nexus
4	DNA	124	519	131	273	GTR+MERGE	uce-111037.nexus
5	DNA	126	435	124	243	GTR+MERGE	uce-111040.nexus
6	DNA	100	557	163	303	GTR+MERGE	uce-111044.nexus
7	DNA	117	572	173	252	GTR+MERGE	uce-111048.nexus
8	DNA	129	490	96	261	GTR+MERGE	uce-111060.nexus
9	DNA	113	501	118	331	GTR+MERGE	uce-111070.nexus
10	DNA	107	571	113	391	GTR+MERGE	uce-111074.nexus
11	DNA	90	227	45	167	GTR+MERGE	uce-111077.nexus
12	DNA	122	523	183	269	GTR+MERGE	uce-111079.nexus
13	DNA	72	474	152	261	GTR+MERGE	uce-111089.nexus
14	DNA	120	546	161	251	GTR+MERGE	uce-111094.nexus
15	DNA	118	561	141	288	GTR+MERGE	uce-111105.nexus
16	DNA	127	525	142	287	GTR+MERGE	uce-111109.nexus
17	DNA	124	518	251	229	GTR+MERGE	uce-11112.nexus
18	DNA	121	519	183	262	GTR+MERGE	uce-11113.nexus
19	DNA	123	436	144	200	GTR+MERGE	uce-111130.nexus
20	DNA	123	366	144	191	GTR+MERGE	uce-111138.nexus
21	DNA	129	561	175	274	GTR+MERGE	uce-11114.nexus
22	DNA	124	470	158	212	GTR+MERGE	uce-111140.nexus
23	DNA	122	396	82	184	GTR+MERGE	uce-111151.nexus
24	DNA	99	555	152	197	GTR+MERGE	uce-111163.nexus
25	DNA	117	548	153	314	GTR+MERGE	uce-111164.nexus
26	DNA	122	457	208	113	GTR+MERGE	uce-111171.nexus
27	DNA	82	410	82	308	GTR+MERGE	uce-111179.nexus
28	DNA	82	488	64	393	GTR+MERGE	uce-111180.nexus
29	DNA	125	353	94	108	GTR+MERGE	uce-111188.nexus
30	DNA	120	505	98	220	GTR+MERGE	uce-111193.nexus
31	DNA	118	560	162	309	GTR+MERGE	uce-111194.nexus
32	DNA	127	496	188	210	GTR+MERGE	uce-111199.nexus
33	DNA	111	427	147	177	GTR+MERGE	uce-111204.nexus
34	DNA	120	512	60	368	GTR+MERGE	uce-11121.nexus
35	DNA	101	517	167	324	GTR+MERGE	uce-111214.nexus
36	DNA	125	313	34	198	GTR+MERGE	uce-11122.nexus
37	DNA	127	500	134	211	GTR+MERGE	uce-111220.nexus
38	DNA	118	564	220	248	GTR+MERGE	uce-111226.nexus
39	DNA	72	542	135	291	GTR+MERGE	uce-111228.nexus
40	DNA	74	411	78	239	GTR+MERGE	uce-111229.nexus
41	DNA	122	491	64	271	GTR+MERGE	uce-111258.nexus
42	DNA	121	351	64	194	GTR+MERGE	uce-111264.nexus
43	DNA	124	607	105	437	GTR+MERGE	uce-111265.nexus
44	DNA	119	579	129	357	GTR+MERGE	uce-111281.nexus
45	DNA	121	504	97	295	GTR+MERGE	uce-111282.nexus
46	DNA	117	462	160	234	GTR+MERGE	uce-111294.nexus
47	DNA	126	524	113	319	GTR+MERGE	uce-111297.nexus
48	DNA	131	583	132	279	GTR+MERGE	uce-11132.nexus
49	DNA	124	430	70	265	GTR+MERGE	uce-111341.nexus
50	DNA	119	481	164	225	GTR+MERGE	uce-111346.nexus
51	DNA	95	223	39	154	GTR+MERGE	uce-111352.nexus
52	DNA	107	523	215	214	GTR+MERGE	uce-111353.nexus
53	DNA	118	479	185	223	GTR+MERGE	uce-111358.nexus
54	DNA	121	475	71	287	GTR+MERGE	uce-111359.nexus
55	DNA	128	440	118	278	GTR+MERGE	uce-11136.nexus
56	DNA	123	461	170	224	GTR+MERGE	uce-111363.nexus
57	DNA	123	354	88	210	GTR+MERGE	uce-111368.nexus
58	DNA	111	582	158	252	GTR+MERGE	uce-111384.nexus
59	DNA	121	348	56	284	GTR+MERGE	uce-111387.nexus
60	DNA	121	450	143	222	GTR+MERGE	uce-111403.nexus
61	DNA	127	502	160	222	GTR+MERGE	uce-11141.nexus
62	DNA	122	480	130	266	GTR+MERGE	uce-111413.nexus
63	DNA	111	641	89	328	GTR+MERGE	uce-111417.nexus
64	DNA	126	505	147	282	GTR+MERGE	uce-11143.nexus
65	DNA	115	495	139	278	GTR+MERGE	uce-111432.nexus
66	DNA	108	437	98	259	GTR+MERGE	uce-111452.nexus
67	DNA	117	357	107	190	GTR+MERGE	uce-111500.nexus
68	DNA	91	516	171	303	GTR+MERGE	uce-111501.nexus
69	DNA	93	511	194	216	GTR+MERGE	uce-111503.nexus
70	DNA	110	545	177	246	GTR+MERGE	uce-111509.nexus
71	DNA	108	257	3	235	GTR+MERGE	uce-111512.nexus
72	DNA	114	601	173	264	GTR+MERGE	uce-111524.nexus
73	DNA	105	491	121	202	GTR+MERGE	uce-111527.nexus
74	DNA	102	576	171	302	GTR+MERGE	uce-111528.nexus
75	DNA	115	566	57	472	GTR+MERGE	uce-111532.nexus
76	DNA	111	524	83	343	GTR+MERGE	uce-111534.nexus
77	DNA	107	573	116	306	GTR+MERGE	uce-111537.nexus
78	DNA	132	667	96	384	GTR+MERGE	uce-111539.nexus
79	DNA	123	395	33	348	GTR+MERGE	uce-111542.nexus
80	DNA	104	551	164	210	GTR+MERGE	uce-11155.nexus
81	DNA	126	535	97	319	GTR+MERGE	uce-111550.nexus
82	DNA	91	422	140	218	GTR+MERGE	uce-111553.nexus
83	DNA	125	489	191	185	GTR+MERGE	uce-111565.nexus
84	DNA	77	358	53	195	GTR+MERGE	uce-111569.nexus
85	DNA	113	410	147	188	GTR+MERGE	uce-111575.nexus
86	DNA	108	552	131	275	GTR+MERGE	uce-11159.nexus
87	DNA	111	526	140	323	GTR+MERGE	uce-111590.nexus
88	DNA	117	586	75	299	GTR+MERGE	uce-111596.nexus
89	DNA	114	606	89	359	GTR+MERGE	uce-111598.nexus
90	DNA	111	321	77	203	GTR+MERGE	uce-11160.nexus
91	DNA	128	407	47	310	GTR+MERGE	uce-111623.nexus
92	DNA	105	429	34	310	GTR+MERGE	uce-11163.nexus
93	DNA	126	434	92	278	GTR+MERGE	uce-111630.nexus
94	DNA	76	224	37	170	GTR+MERGE	uce-111633.nexus
95	DNA	124	453	99	314	GTR+MERGE	uce-111644.nexus
96	DNA	106	519	142	300	GTR+MERGE	uce-111645.nexus
97	DNA	127	390	46	297	GTR+MERGE	uce-111647.nexus
98	DNA	114	634	155	336	GTR+MERGE	uce-111692.nexus
99	DNA	125	440	145	208	GTR+MERGE	uce-111694.nexus
100	DNA	119	537	135	265	GTR+MERGE	uce-111697.nexus
101	DNA	124	349	79	247	GTR+MERGE	uce-1117.nexus
102	DNA	113	568	100	361	GTR+MERGE	uce-111707.nexus
103	DNA	125	534	124	364	GTR+MERGE	uce-111709.nexus
104	DNA	115	545	129	335	GTR+MERGE	uce-111715.nexus
105	DNA	122	351	114	168	GTR+MERGE	uce-111723.nexus
106	DNA	122	483	100	243	GTR+MERGE	uce-111726.nexus
107	DNA	109	381	48	249	GTR+MERGE	uce-11173.nexus
108	DNA	116	445	44	378	GTR+MERGE	uce-111730.nexus
109	DNA	124	369	57	255	GTR+MERGE	uce-111733.nexus
110	DNA	119	481	42	333	GTR+MERGE	uce-111744.nexus
111	DNA	126	486	124	258	GTR+MERGE	uce-111754.nexus
112	DNA	115	398	105	240	GTR+MERGE	uce-111757.nexus
113	DNA	122	560	125	293	GTR+MERGE	uce-111762.nexus
114	DNA	124	487	142	253	GTR+MERGE	uce-11177.nexus
115	DNA	123	586	134	312	GTR+MERGE	uce-111770.nexus
116	DNA	122	887	112	686	GTR+MERGE	uce-111774.nexus
117	DNA	124	488	51	394	GTR+MERGE	uce-111784.nexus
118	DNA	119	506	213	231	GTR+MERGE	uce-111790.nexus
119	DNA	125	425	162	199	GTR+MERGE	uce-111801.nexus
120	DNA	80	620	80	453	GTR+MERGE	uce-111811.nexus
121	DNA	119	587	208	244	GTR+MERGE	uce-111831.nexus
122	DNA	129	439	136	255	GTR+MERGE	uce-111837.nexus
123	DNA	120	366	126	134	GTR+MERGE	uce-111863.nexus
124	DNA	116	512	211	190	GTR+MERGE	uce-111868.nexus
125	DNA	115	580	132	385	GTR+MERGE	uce-11187.nexus
126	DNA	122	468	100	296	GTR+MERGE	uce-111870.nexus
127	DNA	96	464	195	209	GTR+MERGE	uce-111876.nexus
128	DNA	120	481	166	253	GTR+MERGE	uce-111885.nexus
129	DNA	113	471	130	203	GTR+MERGE	uce-111888.nexus
130	DNA	110	444	183	175	GTR+MERGE	uce-111900.nexus
131	DNA	111	441	145	254	GTR+MERGE	uce-111902.nexus
132	DNA	121	519	187	210	GTR+MERGE	uce-111908.nexus
133	DNA	122	426	97	261	GTR+MERGE	uce-111934.nexus
134	DNA	106	565	189	283	GTR+MERGE	uce-111937.nexus
135	DNA	126	473	99	282	GTR+MERGE	uce-111951.nexus
136	DNA	124	537	153	251	GTR+MERGE	uce-111955.nexus
137	DNA	125	546	87	326	GTR+MERGE	uce-111959.nexus
138	DNA	122	636	98	386	GTR+MERGE	uce-111969.nexus
139	DNA	112	566	208	232	GTR+MERGE	uce-111976.nexus
140	DNA	110	514	155	238	GTR+MERGE	uce-111978.nexus
141	DNA	107	331	33	230	GTR+MERGE	uce-111991.nexus
142	DNA	118	446	39	306	GTR+MERGE	uce-1120.nexus
143	DNA	114	449	167	225	GTR+MERGE	uce-112005.nexus
144	DNA	124	572	99	317	GTR+MERGE	uce-112009.nexus
145	DNA	125	578	61	359	GTR+MERGE	uce-112015.nexus
146	DNA	116	471	203	196	GTR+MERGE	uce-11202.nexus
147	DNA	95	512	198	247	GTR+MERGE	uce-112029.nexus
148	DNA	95	483	123	304	GTR+MERGE	uce-112030.nexus
149	DNA	109	524	207	220	GTR+MERGE	uce-112034.nexus
150	DNA	111	587	225	178	GTR+MERGE	uce-112043.nexus
151	DNA	115	475	163	243	GTR+MERGE	uce-112055.nexus
152	DNA	122	528	107	261	GTR+MERGE	uce-112062.nexus
153	DNA	120	356	79	233	GTR+MERGE	uce-112065.nexus
154	DNA	115	506	227	184	GTR+MERGE	uce-112067.nexus
155	DNA	110	506	153	268	GTR+MERGE	uce-112068.nexus
156	DNA	102	481	217	194	GTR+MERGE	uce-11207.nexus
157	DNA	100	526	190	272	GTR+MERGE	uce-112073.nexus
158	DNA	105	492	158	203	GTR+MERGE	uce-112076.nexus
159	DNA	92	438	173	169	GTR+MERGE	uce-112078.nexus
160	DNA	98	286	40	211	GTR+MERGE	uce-112083.nexus
161	DNA	117	426	100	214	GTR+MERGE	uce-112085.nexus
162	DNA	124	590	128	361	GTR+MERGE	uce-1121.nexus
163	DNA	92	221	15	183	GTR+MERGE	uce-112122.nexus
164	DNA	122	330	76	234	GTR+MERGE	uce-112125.nexus
165	DNA	120	513	206	213	GTR+MERGE	uce-112129.nexus
166	DNA	83	613	219	340	GTR+MERGE	uce-11213.nexus
167	DNA	117	279	61	181	GTR+MERGE	uce-112157.nexus
168	DNA	118	591	104	404	GTR+MERGE	uce-112159.nexus
169	DNA	121	556	132	286	GTR+MERGE	uce-112161.nexus
170	DNA	128	617	159	264	GTR+MERGE	uce-112165.nexus
171	DNA	104	488	184	231	GTR+MERGE	uce-112176.nexus
172	DNA	102	486	133	251	GTR+MERGE	uce-112180.nexus
173	DNA	112	435	109	284	GTR+MERGE	uce-112181.nexus
174	DNA	102	464	136	248	GTR+MERGE	uce-112184.nexus
175	DNA	116	489	108	293	GTR+MERGE	uce-112186.nexus
176	DNA	113	501	120	286	GTR+MERGE	uce-112192.nexus
177	DNA	94	257	44	167	GTR+MERGE	uce-112199.nexus
178	DNA	124	431	67	259	GTR+MERGE	uce-112202.nexus
179	DNA	118	599	200	325	GTR+MERGE	uce-112213.nexus
180	DNA	97	272	62	155	GTR+MERGE	uce-112225.nexus
181	DNA	117	553	163	310	GTR+MERGE	uce-11223.nexus
182	DNA	121	492	65	273	GTR+MERGE	uce-112235.nexus
183	DNA	108	600	59	413	GTR+MERGE	uce-112240.nexus
184	DNA	108	548	63	384	GTR+MERGE	uce-112242.nexus
185	DNA	121	530	122	291	GTR+MERGE	uce-112251.nexus
186	DNA	107	442	147	190	GTR+MERGE	uce-112259.nexus
187	DNA	119	478	186	224	GTR+MERGE	uce-112263.nexus
188	DNA	119	443	161	237	GTR+MERGE	uce-112277.nexus
189	DNA	121	601	117	360	GTR+MERGE	uce-1123.nexus
190	DNA	123	635	202	320	GTR+MERGE	uce-112308.nexus
191	DNA	111	504	156	200	GTR+MERGE	uce-112317.nexus
192	DNA	99	528	189	265	GTR+MERGE	uce-112318.nexus
193	DNA	120	316	50	247	GTR+MERGE	uce-11232.nexus
194	DNA	128	491	138	197	GTR+MERGE	uce-112322.nexus
195	DNA	117	566	174	257	GTR+MERGE	uce-112327.nexus
196	DNA	122	421	54	322	GTR+MERGE	uce-11234.nexus
197	DNA	120	623	206	351	GTR+MERGE	uce-112344.nexus
198	DNA	118	499	124	315	GTR+MERGE	uce-112348.nexus
199	DNA	122	540	229	237	GTR+MERGE	uce-112351.nexus
200	DNA	134	525	154	254	GTR+MERGE	uce-112363.nexus
201	DNA	104	411	102	282	GTR+MERGE	uce-112374.nexus
202	DNA	90	568	171	334	GTR+MERGE	uce-112375.nexus
203	DNA	91	386	119	228	GTR+MERGE	uce-112376.nexus
204	DNA	125	378	43	239	GTR+MERGE	uce-11240.nexus
205	DNA	106	260	36	143	GTR+MERGE	uce-112433.nexus
206	DNA	123	580	170	237	GTR+MERGE	uce-112459.nexus
207	DNA	109	616	173	301	GTR+MERGE	uce-112467.nexus
208	DNA	111	579	77	330	GTR+MERGE	uce-112469.nexus
209	DNA	120	277	23	238	GTR+MERGE	uce-112483.nexus
210	DNA	112	568	123	378	GTR+MERGE	uce-112495.nexus
211	DNA	85	494	50	336	GTR+MERGE	uce-1125.nexus
212	DNA	97	438	131	217	GTR+MERGE	uce-112513.nexus
213	DNA	123	257	55	175	GTR+MERGE	uce-112514.nexus
214	DNA	125	487	80	354	GTR+MERGE	uce-112515.nexus
215	DNA	119	542	112	394	GTR+MERGE	uce-112516.nexus
216	DNA	123	346	117	183	GTR+MERGE	uce-112525.nexus
217	DNA	116	577	78	419	GTR+MERGE	uce-112527.nexus
218	DNA	113	458	120	215	GTR+MERGE	uce-112531.nexus
219	DNA	112	517	114	319	GTR+MERGE	uce-112532.nexus
220	DNA	121	421	93	216	GTR+MERGE	uce-112534.nexus
221	DNA	99	522	147	321	GTR+MERGE	uce-112538.nexus
222	DNA	106	566	147	311	GTR+MERGE	uce-112541.nexus
223	DNA	121	553	165	286	GTR+MERGE	uce-112548.nexus
224	DNA	120	384	111	213	GTR+MERGE	uce-112550.nexus
225	DNA	126	442	143	229	GTR+MERGE	uce-112552.nexus
226	DNA	129	349	38	241	GTR+MERGE	uce-112555.nexus
227	DNA	114	471	182	181	GTR+MERGE	uce-112556.nexus
228	DNA	70	238	8	208	GTR+MERGE	uce-112567.nexus
229	DNA	123	594	174	300	GTR+MERGE	uce-112569.nexus
230	DNA	127	464	84	283	GTR+MERGE	uce-112581.nexus
231	DNA	108	498	110	284	GTR+MERGE	uce-112582.nexus
232	DNA	119	536	200	286	GTR+MERGE	uce-112586.nexus
233	DNA	112	456	73	215	GTR+MERGE	uce-112587.nexus
234	DNA	125	571	145	342	GTR+MERGE	uce-112590.nexus
235	DNA	129	588	92	324	GTR+MERGE	uce-112601.nexus
236	DNA	124	588	146	274	GTR+MERGE	uce-112605.nexus
237	DNA	124	402	118	233	GTR+MERGE	uce-11262.nexus
238	DNA	96	309	58	219	GTR+MERGE	uce-11263.nexus
239	DNA	123	453	186	185	GTR+MERGE	uce-112633.nexus
240	DNA	118	527	224	208	GTR+MERGE	uce-112638.nexus
241	DNA	124	544	140	301	GTR+MERGE	uce-112650.nexus
242	DNA	119	486	91	313	GTR+MERGE	uce-112654.nexus
243	DNA	113	477	188	193	GTR+MERGE	uce-112666.nexus
244	DNA	122	327	34	227	GTR+MERGE	uce-112672.nexus
245	DNA	136	550	36	459	GTR+MERGE	uce-112674.nexus
246	DNA	124	428	39	290	GTR+MERGE	uce-112681.nexus
247	DNA	99	558	252	221	GTR+MERGE	uce-112683.nexus
248	DNA	127	596	124	398	GTR+MERGE	uce-112689.nexus
249	DNA	121	527	126	281	GTR+MERGE	uce-112690.nexus
250	DNA	120	477	121	318	GTR+MERGE	uce-112691.nexus
251	DNA	118	477	88	341	GTR+MERGE	uce-112692.nexus
252	DNA	106	532	87	230	GTR+MERGE	uce-112695.nexus
253	DNA	105	467	118	235	GTR+MERGE	uce-112696.nexus
254	DNA	122	556	91	358	GTR+MERGE	uce-11270.nexus
255	DNA	111	495	228	173	GTR+MERGE	uce-112710.nexus
256	DNA	94	468	197	217	GTR+MERGE	uce-112714.nexus
257	DNA	104	410	51	244	GTR+MERGE	uce-112716.nexus
258	DNA	112	494	156	265	GTR+MERGE	uce-112718.nexus
259	DNA	114	442	174	240	GTR+MERGE	uce-11272.nexus
260	DNA	113	529	124	315	GTR+MERGE	uce-112720.nexus
261	DNA	115	530	181	321	GTR+MERGE	uce-112721.nexus
262	DNA	122	513	101	214	GTR+MERGE	uce-112724.nexus
263	DNA	120	548	200	273	GTR+MERGE	uce-112726.nexus
264	DNA	110	447	129	261	GTR+MERGE	uce-11273.nexus
265	DNA	113	586	202	280	GTR+MERGE	uce-112730.nexus
266	DNA	122	625	257	205	GTR+MERGE	uce-112739.nexus
267	DNA	127	553	141	262	GTR+MERGE	uce-112741.nexus
268	DNA	117	525	187	238	GTR+MERGE	uce-112746.nexus
269	DNA	113	490	250	171	GTR+MERGE	uce-112767.nexus
270	DNA	102	457	156	240	GTR+MERGE	uce-112769.nexus
271	DNA	116	456	94	293	GTR+MERGE	uce-112774.nexus
272	DNA	112	607	94	389	GTR+MERGE	uce-112783.nexus
273	DNA	109	579	83	392	GTR+MERGE	uce-112784.nexus
274	DNA	113	372	170	162	GTR+MERGE	uce-112785.nexus
275	DNA	96	294	83	193	GTR+MERGE	uce-11279.nexus
276	DNA	125	510	138	298	GTR+MERGE	uce-1128.nexus
277	DNA	124	355	76	215	GTR+MERGE	uce-112801.nexus
278	DNA	112	512	99	293	GTR+MERGE	uce-112820.nexus
279	DNA	126	487	134	219	GTR+MERGE	uce-112834.nexus
280	DNA	125	532	109	306	GTR+MERGE	uce-112843.nexus
281	DNA	124	436	144	204	GTR+MERGE	uce-112846.nexus
282	DNA	113	598	105	349	GTR+MERGE	uce-11285.nexus
283	DNA	112	516	107	335	GTR+MERGE	uce-112857.nexus
284	DNA	114	385	111	126	GTR+MERGE	uce-112859.nexus
285	DNA	126	492	193	200	GTR+MERGE	uce-112867.nexus
286	DNA	114	603	225	304	GTR+MERGE	uce-112874.nexus
287	DNA	121	484	158	219	GTR+MERGE	uce-112877.nexus
288	DNA	121	302	35	216	GTR+MERGE	uce-11288.nexus
289	DNA	116	437	158	215	GTR+MERGE	uce-112886.nexus
290	DNA	127	538	93	335	GTR+MERGE	uce-112892.nexus
291	DNA	121	502	171	288	GTR+MERGE	uce-11290.nexus
292	DNA	117	343	123	130	GTR+MERGE	uce-112905.nexus
293	DNA	120	522	145	301	GTR+MERGE	uce-112909.nexus
294	DNA	115	509	156	236	GTR+MERGE	uce-112924.nexus
295	DNA	125	472	142	204	GTR+MERGE	uce-112926.nexus
296	DNA	116	566	193	279	GTR+MERGE	uce-112927.nexus
297	DNA	125	349	104	137	GTR+MERGE	uce-112931.nexus
298	DNA	109	535	227	208	GTR+MERGE	uce-112941.nexus
299	DNA	122	476	107	306	GTR+MERGE	uce-112944.nexus
300	DNA	115	567	200	291	GTR+MERGE	uce-112945.nexus
301	DNA	100	554	132	270	GTR+MERGE	uce-112947.nexus
302	DNA	120	453	116	261	GTR+MERGE	uce-112955.nexus
303	DNA	116	527	131	287	GTR+MERGE	uce-112958.nexus
304	DNA	112	579	174	276	GTR+MERGE	uce-112981.nexus
305	DNA	110	461	123	236	GTR+MERGE	uce-112983.nexus
306	DNA	102	530	89	366	GTR+MERGE	uce-112985.nexus
307	DNA	123	508	45	414	GTR+MERGE	uce-112986.nexus
308	DNA	111	557	188	234	GTR+MERGE	uce-112989.nexus
309	DNA	103	512	136	304	GTR+MERGE	uce-11299.nexus
310	DNA	113	459	197	176	GTR+MERGE	uce-112990.nexus
311	DNA	112	544	50	410	GTR+MERGE	uce-112998.nexus
312	DNA	100	359	89	253	GTR+MERGE	uce-11300.nexus
313	DNA	126	381	35	247	GTR+MERGE	uce-113002.nexus
314	DNA	114	506	101	264	GTR+MERGE	uce-113011.nexus
315	DNA	101	524	176	249	GTR+MERGE	uce-113018.nexus
316	DNA	127	550	118	373	GTR+MERGE	uce-113021.nexus
317	DNA	83	202	39	154	GTR+MERGE	uce-113031.nexus
318	DNA	108	487	103	284	GTR+MERGE	uce-113035.nexus
319	DNA	110	509	165	232	GTR+MERGE	uce-113036.nexus
320	DNA	87	213	31	159	GTR+MERGE	uce-113054.nexus
321	DNA	122	349	89	193	GTR+MERGE	uce-113063.nexus
322	DNA	115	463	191	220	GTR+MERGE	uce-113064.nexus
323	DNA	126	484	59	309	GTR+MERGE	uce-113069.nexus
324	DNA	109	570	128	370	GTR+MERGE	uce-113078.nexus
325	DNA	124	403	112	255	GTR+MERGE	uce-113083.nexus
326	DNA	120	471	134	250	GTR+MERGE	uce-113088.nexus
327	DNA	87	509	199	264	GTR+MERGE	uce-113089.nexus
328	DNA	108	415	131	168	GTR+MERGE	uce-11309.nexus
329	DNA	127	401	79	275	GTR+MERGE	uce-113097.nexus
330	DNA	125	571	126	346	GTR+MERGE	uce-113104.nexus
331	DNA	125	556	185	253	GTR+MERGE	uce-113115.nexus
332	DNA	126	536	151	327	GTR+MERGE	uce-113120.nexus
333	DNA	76	202	32	140	GTR+MERGE	uce-113128.nexus
334	DNA	124	457	168	242	GTR+MERGE	uce-11313.nexus
335	DNA	124	550	107	360	GTR+MERGE	uce-113130.nexus
336	DNA	117	561	134	309	GTR+MERGE	uce-113131.nexus
337	DNA	112	453	212	180	GTR+MERGE	uce-113132.nexus
338	DNA	117	529	158	318	GTR+MERGE	uce-113138.nexus
339	DNA	126	522	103	359	GTR+MERGE	uce-113139.nexus
340	DNA	116	442	154	135	GTR+MERGE	uce-113143.nexus
341	DNA	122	352	52	290	GTR+MERGE	uce-113149.nexus
342	DNA	69	211	20	187	GTR+MERGE	uce-113150.nexus
343	DNA	121	489	189	198	GTR+MERGE	uce-113153.nexus
344	DNA	119	528	175	186	GTR+MERGE	uce-113154.nexus
345	DNA	122	558	121	343	GTR+MERGE	uce-113162.nexus
346	DNA	97	503	154	307	GTR+MERGE	uce-113173.nexus
347	DNA	136	544	88	353	GTR+MERGE	uce-11319.nexus
348	DNA	122	546	161	296	GTR+MERGE	uce-113193.nexus
349	DNA	117	303	67	224	GTR+MERGE	uce-113200.nexus
350	DNA	127	560	137	303	GTR+MERGE	uce-113203.nexus
351	DNA	107	420	104	233	GTR+MERGE	uce-113207.nexus
352	DNA	105	559	177	186	GTR+MERGE	uce-113208.nexus
353	DNA	98	422	66	303	GTR+MERGE	uce-11321.nexus
354	DNA	91	457	93	217	GTR+MERGE	uce-113232.nexus
355	DNA	118	329	29	252	GTR+MERGE	uce-113237.nexus
356	DNA	123	570	100	359	GTR+MERGE	uce-11324.nexus
357	DNA	123	344	45	234	GTR+MERGE	uce-113240.nexus
358	DNA	123	522	204	246	GTR+MERGE	uce-113242.nexus
359	DNA	122	559	120	322	GTR+MERGE	uce-113263.nexus
360	DNA	94	215	21	162	GTR+MERGE	uce-113266.nexus
361	DNA	116	381	125	213	GTR+MERGE	uce-113272.nexus
362	DNA	116	396	50	253	GTR+MERGE	uce-113279.nexus
363	DNA	128	422	129	273	GTR+MERGE	uce-113282.nexus
364	DNA	117	522	166	238	GTR+MERGE	uce-113290.nexus
365	DNA	124	498	105	312	GTR+MERGE	uce-113293.nexus
366	DNA	90	594	132	383	GTR+MERGE	uce-113299.nexus
367	DNA	122	444	123	234	GTR+MERGE	uce-113332.nexus
368	DNA	112	301	90	190	GTR+MERGE	uce-113335.nexus
369	DNA	125	570	67	327	GTR+MERGE	uce-113337.nexus
370	DNA	123	525	72	332	GTR+MERGE	uce-113394.nexus
371	DNA	97	546	138	392	GTR+MERGE	uce-113396.nexus
372	DNA	126	426	139	193	GTR+MERGE	uce-113399.nexus
373	DNA	122	459	130	262	GTR+MERGE	uce-113405.nexus
374	DNA	119	378	74	264	GTR+MERGE	uce-113423.nexus
375	DNA	126	478	177	150	GTR+MERGE	uce-113437.nexus
376	DNA	120	258	36	205	GTR+MERGE	uce-113439.nexus
377	DNA	107	580	172	340	GTR+MERGE	uce-113460.nexus
378	DNA	113	593	170	303	GTR+MERGE	uce-113461.nexus
379	DNA	117	418	135	223	GTR+MERGE	uce-113462.nexus
380	DNA	119	464	151	141	GTR+MERGE	uce-113465.nexus
381	DNA	121	313	41	235	GTR+MERGE	uce-113480.nexus
382	DNA	99	425	169	210	GTR+MERGE	uce-113486.nexus
383	DNA	126	480	164	215	GTR+MERGE	uce-113496.nexus
384	DNA	122	570	136	311	GTR+MERGE	uce-113499.nexus
385	DNA	79	443	240	116	GTR+MERGE	uce-113510.nexus
386	DNA	119	384	117	183	GTR+MERGE	uce-113539.nexus
387	DNA	123	538	127	276	GTR+MERGE	uce-113544.nexus
388	DNA	121	473	139	231	GTR+MERGE	uce-113545.nexus
389	DNA	120	389	22	288	GTR+MERGE	uce-11356.nexus
390	DNA	125	614	160	286	GTR+MERGE	uce-113561.nexus
391	DNA	126	599	204	205	GTR+MERGE	uce-113571.nexus
392	DNA	118	475	140	263	GTR+MERGE	uce-113577.nexus
393	DNA	118	460	149	236	GTR+MERGE	uce-113580.nexus
394	DNA	114	565	87	386	GTR+MERGE	uce-113587.nexus
395	DNA	109	612	103	315	GTR+MERGE	uce-113594.nexus
396	DNA	94	570	167	200	GTR+MERGE	uce-113615.nexus
397	DNA	105	564	165	317	GTR+MERGE	uce-113617.nexus
398	DNA	117	389	72	245	GTR+MERGE	uce-113628.nexus
399	DNA	118	528	179	275	GTR+MERGE	uce-113629.nexus
400	DNA	134	492	43	382	GTR+MERGE	uce-113630.nexus
401	DNA	123	518	173	295	GTR+MERGE	uce-113633.nexus
402	DNA	126	630	157	293	GTR+MERGE	uce-113641.nexus
403	DNA	121	534	120	309	GTR+MERGE	uce-113642.nexus
404	DNA	120	344	15	259	GTR+MERGE	uce-113649.nexus
405	DNA	93	497	169	185	GTR+MERGE	uce-113650.nexus
406	DNA	106	400	95	214	GTR+MERGE	uce-113651.nexus
407	DNA	115	451	104	250	GTR+MERGE	uce-113653.nexus
408	DNA	127	524	75	358	GTR+MERGE	uce-113657.nexus
409	DNA	120	435	89	286	GTR+MERGE	uce-113669.nexus
410	DNA	123	511	94	295	GTR+MERGE	uce-113670.nexus
411	DNA	116	611	114	284	GTR+MERGE	uce-113672.nexus
412	DNA	113	521	199	235	GTR+MERGE	uce-113676.nexus
413	DNA	108	526	160	265	GTR+MERGE	uce-113679.nexus
414	DNA	116	621	187	278	GTR+MERGE	uce-11368.nexus
415	DNA	111	523	134	285	GTR+MERGE	uce-113680.nexus
416	DNA	122	543	231	253	GTR+MERGE	uce-113681.nexus
417	DNA	122	539	204	302	GTR+MERGE	uce-113686.nexus
418	DNA	120	458	165	198	GTR+MERGE	uce-113692.nexus
419	DNA	112	467	80	308	GTR+MERGE	uce-113696.nexus
420	DNA	117	270	49	188	GTR+MERGE	uce-1137.nexus
421	DNA	115	484	92	274	GTR+MERGE	uce-113706.nexus
422	DNA	103	580	159	306	GTR+MERGE	uce-113723.nexus
423	DNA	121	462	171	241	GTR+MERGE	uce-113725.nexus
424	DNA	113	438	150	245	GTR+MERGE	uce-113726.nexus
425	DNA	125	473	140	271	GTR+MERGE	uce-113733.nexus
426	DNA	119	556	231	249	GTR+MERGE	uce-113735.nexus
427	DNA	114	478	235	219	GTR+MERGE	uce-113739.nexus
428	DNA	110	416	97	239	GTR+MERGE	uce-113740.nexus
429	DNA	126	405	56	254	GTR+MERGE	uce-113741.nexus
430	DNA	126	648	182	398	GTR+MERGE	uce-113755.nexus
431	DNA	123	599	151	365	GTR+MERGE	uce-11376.nexus
432	DNA	126	387	147	198	GTR+MERGE	uce-113763.nexus
433	DNA	120	526	145	229	GTR+MERGE	uce-113764.nexus
434	DNA	124	464	122	275	GTR+MERGE	uce-113784.nexus
435	DNA	118	448	76	296	GTR+MERGE	uce-11379.nexus
436	DNA	116	333	147	149	GTR+MERGE	uce-113790.nexus
437	DNA	125	540	70	292	GTR+MERGE	uce-1138.nexus
438	DNA	102	404	149	191	GTR+MERGE	uce-11380.nexus
439	DNA	122	383	11	342	GTR+MERGE	uce-113802.nexus
440	DNA	128	591	133	322	GTR+MERGE	uce-113803.nexus
441	DNA	119	531	124	266	GTR+MERGE	uce-113813.nexus
442	DNA	119	406	56	318	GTR+MERGE	uce-11382.nexus
443	DNA	118	485	187	210	GTR+MERGE	uce-113825.nexus
444	DNA	128	457	147	231	GTR+MERGE	uce-113827.nexus
445	DNA	117	538	171	226	GTR+MERGE	uce-113830.nexus
446	DNA	113	422	126	263	GTR+MERGE	uce-113838.nexus
447	DNA	120	546	154	252	GTR+MERGE	uce-11384.nexus
448	DNA	122	503	161	253	GTR+MERGE	uce-113842.nexus
449	DNA	106	484	56	303	GTR+MERGE	uce-113850.nexus
450	DNA	121	640	89	438	GTR+MERGE	uce-113852.nexus
451	DNA	127	469	84	346	GTR+MERGE	uce-113869.nexus
452	DNA	72	226	14	197	GTR+MERGE	uce-113884.nexus
453	DNA	121	443	174	238	GTR+MERGE	uce-113893.nexus
454	DNA	100	566	125	401	GTR+MERGE	uce-1139.nexus
455	DNA	126	463	116	297	GTR+MERGE	uce-113926.nexus
456	DNA	108	534	121	361	GTR+MERGE	uce-113945.nexus
457	DNA	128	559	155	325	GTR+MERGE	uce-113949.nexus
458	DNA	113	383	75	300	GTR+MERGE	uce-11395.nexus
459	DNA	115	551	108	351	GTR+MERGE	uce-11396.nexus
460	DNA	110	455	150	225	GTR+MERGE	uce-113972.nexus
461	DNA	95	529	196	279	GTR+MERGE	uce-114002.nexus
462	DNA	70	240	43	156	GTR+MERGE	uce-114004.nexus
463	DNA	104	514	156	276	GTR+MERGE	uce-114006.nexus
464	DNA	118	449	175	187	GTR+MERGE	uce-114018.nexus
465	DNA	114	607	92	381	GTR+MERGE	uce-114019.nexus
466	DNA	99	510	183	223	GTR+MERGE	uce-11402.nexus
467	DNA	112	591	155	377	GTR+MERGE	uce-114021.nexus
468	DNA	115	444	57	269	GTR+MERGE	uce-114023.nexus
469	DNA	107	458	195	108	GTR+MERGE	uce-114027.nexus
470	DNA	115	448	136	197	GTR+MERGE	uce-114031.nexus
471	DNA	103	563	210	238	GTR+MERGE	uce-114033.nexus
472	DNA	121	577	91	344	GTR+MERGE	uce-114040.nexus
473	DNA	109	432	202	167	GTR+MERGE	uce-114042.nexus
474	DNA	122	447	59	303	GTR+MERGE	uce-114059.nexus
475	DNA	115	515	127	310	GTR+MERGE	uce-114061.nexus
476	DNA	106	547	98	353	GTR+MERGE	uce-114063.nexus
477	DNA	120	527	125	288	GTR+MERGE	uce-114069.nexus
478	DNA	97	426	208	181	GTR+MERGE	uce-114084.nexus
479	DNA	119	466	126	249	GTR+MERGE	uce-114087.nexus
480	DNA	123	488	65	348	GTR+MERGE	uce-114099.nexus
481	DNA	122	580	113	287	GTR+MERGE	uce-114104.nexus
482	DNA	87	519	155	275	GTR+MERGE	uce-114114.nexus
483	DNA	121	571	174	310	GTR+MERGE	uce-114124.nexus
484	DNA	126	443	133	221	GTR+MERGE	uce-114126.nexus
485	DNA	119	364	142	105	GTR+MERGE	uce-114141.nexus
486	DNA	127	351	49	252	GTR+MERGE	uce-114142.nexus
487	DNA	125	513	136	249	GTR+MERGE	uce-114144.nexus
488	DNA	93	275	55	196	GTR+MERGE	uce-114157.nexus
489	DNA	122	484	170	194	GTR+MERGE	uce-114172.nexus
490	DNA	123	534	207	204	GTR+MERGE	uce-114181.nexus
491	DNA	124	526	206	230	GTR+MERGE	uce-114184.nexus
492	DNA	123	312	73	189	GTR+MERGE	uce-114187.nexus
493	DNA	108	459	108	271	GTR+MERGE	uce-114190.nexus
494	DNA	118	235	25	195	GTR+MERGE	uce-114199.nexus
495	DNA	99	371	118	132	GTR+MERGE	uce-114202.nexus
496	DNA	124	499	133	323	GTR+MERGE	uce-114203.nexus
497	DNA	116	407	141	214	GTR+MERGE	uce-114210.nexus
498	DNA	123	280	32	206	GTR+MERGE	uce-114221.nexus
499	DNA	117	516	169	235	GTR+MERGE	uce-114237.nexus
500	DNA	124	429	78	274	GTR+MERGE	uce-114239.nexus
501	DNA	120	456	139	219	GTR+MERGE	uce-114242.nexus
502	DNA	118	268	34	213	GTR+MERGE	uce-114244.nexus
503	DNA	117	497	252	184	GTR+MERGE	uce-114247.nexus
504	DNA	121	303	20	224	GTR+MERGE	uce-114252.nexus
505	DNA	126	563	77	390	GTR+MERGE	uce-114258.nexus
506	DNA	74	199	7	166	GTR+MERGE	uce-11428.nexus
507	DNA	120	537	139	261	GTR+MERGE	uce-114288.nexus
508	DNA	102	527	167	178	GTR+MERGE	uce-114292.nexus
509	DNA	110	474	149	235	GTR+MERGE	uce-114297.nexus
510	DNA	105	567	121	257	GTR+MERGE	uce-114298.nexus
511	DNA	118	520	102	355	GTR+MERGE	uce-114311.nexus
512	DNA	108	446	64	318	GTR+MERGE	uce-114313.nexus
513	DNA	124	354	102	214	GTR+MERGE	uce-114321.nexus
514	DNA	119	568	155	369	GTR+MERGE	uce-114332.nexus
515	DNA	125	525	87	326	GTR+MERGE	uce-114339.nexus
516	DNA	110	561	106	303	GTR+MERGE	uce-114340.nexus
517	DNA	116	478	119	267	GTR+MERGE	uce-114346.nexus
518	DNA	120	466	183	240	GTR+MERGE	uce-114348.nexus
519	DNA	103	555	70	379	GTR+MERGE	uce-114352.nexus
520	DNA	121	538	138	225	GTR+MERGE	uce-114378.nexus
521	DNA	77	462	120	231	GTR+MERGE	uce-114381.nexus
522	DNA	106	469	149	291	GTR+MERGE	uce-114388.nexus
523	DNA	128	483	153	271	GTR+MERGE	uce-114389.nexus
524	DNA	124	568	210	289	GTR+MERGE	uce-1144.nexus
525	DNA	119	541	146	230	GTR+MERGE	uce-114400.nexus
526	DNA	105	472	180	198	GTR+MERGE	uce-114404.nexus
527	DNA	123	552	102	363	GTR+MERGE	uce-114418.nexus
528	DNA	113	409	115	254	GTR+MERGE	uce-114419.nexus
529	DNA	125	411	106	266	GTR+MERGE	uce-114425.nexus
530	DNA	105	428	175	186	GTR+MERGE	uce-114428.nexus
531	DNA	115	504	164	246	GTR+MERGE	uce-114431.nexus
532	DNA	119	448	101	253	GTR+MERGE	uce-114432.nexus
533	DNA	108	613	117	388	GTR+MERGE	uce-114434.nexus
534	DNA	107	346	35	296	GTR+MERGE	uce-114436.nexus
535	DNA	116	552	86	359	GTR+MERGE	uce-114439.nexus
536	DNA	113	526	204	252	GTR+MERGE	uce-114441.nexus
537	DNA	98	529	197	220	GTR+MERGE	uce-114444.nexus
538	DNA	105	536	203	219	GTR+MERGE	uce-114445.nexus
539	DNA	95	386	154	194	GTR+MERGE	uce-114451.nexus
540	DNA	87	553	167	290	GTR+MERGE	uce-114453.nexus
541	DNA	122	520	159	237	GTR+MERGE	uce-114459.nexus
542	DNA	114	417	146	192	GTR+MERGE	uce-114462.nexus
543	DNA	108	613	145	406	GTR+MERGE	uce-114465.nexus
544	DNA	92	535	138	300	GTR+MERGE	uce-114478.nexus
545	DNA	93	273	61	149	GTR+MERGE	uce-114485.nexus
546	DNA	121	440	92	274	GTR+MERGE	uce-114486.nexus
547	DNA	118	493	179	219	GTR+MERGE	uce-114488.nexus
548	DNA	106	450	128	206	GTR+MERGE	uce-114490.nexus
549	DNA	123	478	148	253	GTR+MERGE	uce-114506.nexus
550	DNA	122	470	199	207	GTR+MERGE	uce-114508.nexus
551	DNA	98	494	111	216	GTR+MERGE	uce-114516.nexus
552	DNA	120	535	183	200	GTR+MERGE	uce-114519.nexus
553	DNA	123	318	30	281	GTR+MERGE	uce-114523.nexus
554	DNA	124	609	153	321	GTR+MERGE	uce-114528.nexus
555	DNA	119	585	189	202	GTR+MERGE	uce-11453.nexus
556	DNA	121	528	233	235	GTR+MERGE	uce-114531.nexus
557	DNA	126	620	111	437	GTR+MERGE	uce-114533.nexus
558	DNA	118	434	81	222	GTR+MERGE	uce-114538.nexus
559	DNA	125	454	92	321	GTR+MERGE	uce-114554.nexus
560	DNA	118	615	86	337	GTR+MERGE	uce-114560.nexus
561	DNA	130	584	162	239	GTR+MERGE	uce-114579.nexus
562	DNA	122	484	145	209	GTR+MERGE	uce-114580.nexus
563	DNA	107	509	147	283	GTR+MERGE	uce-114581.nexus
564	DNA	118	448	133	236	GTR+MERGE	uce-114586.nexus
565	DNA	122	482	157	237	GTR+MERGE	uce-114590.nexus
566	DNA	118	286	27	236	GTR+MERGE	uce-114598.nexus
567	DNA	121	539	152	354	GTR+MERGE	uce-114600.nexus
568	DNA	109	257	48	205	GTR+MERGE	uce-114606.nexus
569	DNA	109	353	105	179	GTR+MERGE	uce-114619.nexus
570	DNA	125	500	120	307	GTR+MERGE	uce-114629.nexus
571	DNA	109	408	151	208	GTR+MERGE	uce-114657.nexus
572	DNA	122	588	197	223	GTR+MERGE	uce-114665.nexus
573	DNA	116	613	145	349	GTR+MERGE	uce-114668.nexus
574	DNA	111	563	209	298	GTR+MERGE	uce-114678.nexus
575	DNA	119	273	61	113	GTR+MERGE	uce-114687.nexus
576	DNA	117	501	122	292	GTR+MERGE	uce-114735.nexus
577	DNA	120	370	15	319	GTR+MERGE	uce-114753.nexus
578	DNA	116	407	136	218	GTR+MERGE	uce-114766.nexus
579	DNA	106	525	118	217	GTR+MERGE	uce-114772.nexus
580	DNA	101	604	111	380	GTR+MERGE	uce-114775.nexus
581	DNA	126	466	145	156	GTR+MERGE	uce-114785.nexus
582	DNA	123	458	58	383	GTR+MERGE	uce-114792.nexus
583	DNA	113	549	246	255	GTR+MERGE	uce-114806.nexus
584	DNA	125	577	114	339	GTR+MERGE	uce-114807.nexus
585	DNA	117	344	84	191	GTR+MERGE	uce-114809.nexus
586	DNA	123	408	141	231	GTR+MERGE	uce-11481.nexus
587	DNA	119	460	109	260	GTR+MERGE	uce-114818.nexus
588	DNA	106	262	16	207	GTR+MERGE	uce-114819.nexus
589	DNA	101	515	153	257	GTR+MERGE	uce-114820.nexus
590	DNA	116	439	96	262	GTR+MERGE	uce-114835.nexus
591	DNA	112	539	210	254	GTR+MERGE	uce-114836.nexus
592	DNA	114	256	20	182	GTR+MERGE	uce-114841.nexus
593	DNA	91	467	202	168	GTR+MERGE	uce-114844.nexus
594	DNA	118	512	189	241	GTR+MERGE	uce-114850.nexus
595	DNA	124	408	92	196	GTR+MERGE	uce-114856.nexus
596	DNA	126	405	166	163	GTR+MERGE	uce-114864.nexus
597	DNA	124	600	154	354	GTR+MERGE	uce-11487.nexus
598	DNA	118	422	127	230	GTR+MERGE	uce-114873.nexus
599	DNA	123	361	27	275	GTR+MERGE	uce-114878.nexus
600	DNA	126	536	171	309	GTR+MERGE	uce-114885.nexus
601	DNA	129	518	143	216	GTR+MERGE	uce-114890.nexus
602	DNA	116	530	200	237	GTR+MERGE	uce-114895.nexus
603	DNA	114	533	201	253	GTR+MERGE	uce-114901.nexus
604	DNA	102	562	135	254	GTR+MERGE	uce-114908.nexus
605	DNA	128	448	115	253	GTR+MERGE	uce-114911.nexus
606	DNA	125	330	118	179	GTR+MERGE	uce-114927.nexus
607	DNA	113	515	215	200	GTR+MERGE	uce-114952.nexus
608	DNA	110	427	114	238	GTR+MERGE	uce-114973.nexus
609	DNA	117	525	192	274	GTR+MERGE	uce-114975.nexus
610	DNA	104	520	129	271	GTR+MERGE	uce-114991.nexus
611	DNA	101	458	109	266	GTR+MERGE	uce-115000.nexus
612	DNA	102	477	99	248	GTR+MERGE	uce-115002.nexus
613	DNA	127	536	160	278	GTR+MERGE	uce-115004.nexus
614	DNA	110	637	163	253	GTR+MERGE	uce-115005.nexus
615	DNA	113	488	98	267	GTR+MERGE	uce-115008.nexus
616	DNA	115	446	116	243	GTR+MERGE	uce-115009.nexus
617	DNA	110	590	159	317	GTR+MERGE	uce-115010.nexus
618	DNA	89	486	180	265	GTR+MERGE	uce-115011.nexus
619	DNA	111	331	72	230	GTR+MERGE	uce-115021.nexus
620	DNA	112	402	119	224	GTR+MERGE	uce-115023.nexus
621	DNA	126	426	83	241	GTR+MERGE	uce-115027.nexus
622	DNA	121	501	93	300	GTR+MERGE	uce-115033.nexus
623	DNA	109	435	115	247	GTR+MERGE	uce-115037.nexus
624	DNA	93	228	39	122	GTR+MERGE	uce-115038.nexus
625	DNA	125	464	52	351	GTR+MERGE	uce-115043.nexus
626	DNA	121	544	149	321	GTR+MERGE	uce-115048.nexus
627	DNA	89	228	15	193	GTR+MERGE	uce-115054.nexus
628	DNA	111	586	119	388	GTR+MERGE	uce-115074.nexus
629	DNA	122	415	137	218	GTR+MERGE	uce-115082.nexus
630	DNA	116	414	62	276	GTR+MERGE	uce-115086.nexus
631	DNA	99	432	139	234	GTR+MERGE	uce-115088.nexus
632	DNA	120	504	123	249	GTR+MERGE	uce-11510.nexus
633	DNA	122	524	135	260	GTR+MERGE	uce-115105.nexus
634	DNA	125	594	129	241	GTR+MERGE	uce-115112.nexus
635	DNA	127	500	141	245	GTR+MERGE	uce-115113.nexus
636	DNA	117	552	114	229	GTR+MERGE	uce-115115.nexus
637	DNA	120	384	115	170	GTR+MERGE	uce-115126.nexus
638	DNA	86	456	138	236	GTR+MERGE	uce-115131.nexus
639	DNA	124	413	132	227	GTR+MERGE	uce-115151.nexus
640	DNA	124	592	115	272	GTR+MERGE	uce-115159.nexus
641	DNA	122	523	140	261	GTR+MERGE	uce-115181.nexus
642	DNA	110	492	183	145	GTR+MERGE	uce-115194.nexus
643	DNA	103	393	118	184	GTR+MERGE	uce-115207.nexus
644	DNA	104	296	26	227	GTR+MERGE	uce-11523.nexus
645	DNA	115	618	170	383	GTR+MERGE	uce-115238.nexus
646	DNA	118	538	144	240	GTR+MERGE	uce-115240.nexus
647	DNA	124	551	166	306	GTR+MERGE	uce-115252.nexus
648	DNA	121	479	196	217	GTR+MERGE	uce-115279.nexus
649	DNA	124	535	160	174	GTR+MERGE	uce-115300.nexus
650	DNA	125	610	161	340	GTR+MERGE	uce-115319.nexus
651	DNA	119	520	129	310	GTR+MERGE	uce-115321.nexus
652	DNA	127	542	178	273	GTR+MERGE	uce-115324.nexus
653	DNA	115	434	180	193	GTR+MERGE	uce-115330.nexus
654	DNA	110	509	126	235	GTR+MERGE	uce-115348.nexus
655	DNA	117	533	74	345	GTR+MERGE	uce-115350.nexus
656	DNA	113	433	125	204	GTR+MERGE	uce-115356.nexus
657	DNA	124	550	119	321	GTR+MERGE	uce-115361.nexus
658	DNA	124	489	36	398	GTR+MERGE	uce-115363.nexus
659	DNA	100	621	169	262	GTR+MERGE	uce-115364.nexus
660	DNA	126	523	126	282	GTR+MERGE	uce-115379.nexus
661	DNA	109	453	187	186	GTR+MERGE	uce-115421.nexus
662	DNA	121	479	127	269	GTR+MERGE	uce-115426.nexus
663	DNA	113	311	96	199	GTR+MERGE	uce-115441.nexus
664	DNA	105	571	90	391	GTR+MERGE	uce-115477.nexus
665	DNA	108	463	121	282	GTR+MERGE	uce-115512.nexus
666	DNA	120	521	138	247	GTR+MERGE	uce-115538.nexus
667	DNA	86	192	36	140	GTR+MERGE	uce-115551.nexus
668	DNA	123	393	135	222	GTR+MERGE	uce-115566.nexus
669	DNA	127	473	85	279	GTR+MERGE	uce-115569.nexus
670	DNA	101	527	135	306	GTR+MERGE	uce-115576.nexus
671	DNA	111	469	177	243	GTR+MERGE	uce-115577.nexus
672	DNA	86	240	26	185	GTR+MERGE	uce-115578.nexus
673	DNA	99	477	64	384	GTR+MERGE	uce-115591.nexus
674	DNA	122	554	103	318	GTR+MERGE	uce-115602.nexus
675	DNA	132	562	89	374	GTR+MERGE	uce-115607.nexus
676	DNA	109	445	190	203	GTR+MERGE	uce-115615.nexus
677	DNA	78	214	14	155	GTR+MERGE	uce-115616.nexus
678	DNA	99	603	127	316	GTR+MERGE	uce-115622.nexus
679	DNA	124	501	123	302	GTR+MERGE	uce-115625.nexus
680	DNA	120	553	194	281	GTR+MERGE	uce-115633.nexus
681	DNA	124	403	114	247	GTR+MERGE	uce-115634.nexus
682	DNA	122	530	121	252	GTR+MERGE	uce-115664.nexus
683	DNA	122	506	159	212	GTR+MERGE	uce-115670.nexus
684	DNA	128	534	149	249	GTR+MERGE	uce-115672.nexus
685	DNA	125	525	180	218	GTR+MERGE	uce-115678.nexus
686	DNA	120	453	56	308	GTR+MERGE	uce-115687.nexus
687	DNA	126	502	155	303	GTR+MERGE	uce-115690.nexus
688	DNA	118	490	182	201	GTR+MERGE	uce-1157.nexus
689	DNA	115	429	174	188	GTR+MERGE	uce-115705.nexus
690	DNA	124	464	78	361	GTR+MERGE	uce-115712.nexus
691	DNA	123	536	177	309	GTR+MERGE	uce-115722.nexus
692	DNA	115	569	88	279	GTR+MERGE	uce-115724.nexus
693	DNA	99	484	148	213	GTR+MERGE	uce-115732.nexus
694	DNA	124	389	41	241	GTR+MERGE	uce-115736.nexus
695	DNA	90	457	124	211	GTR+MERGE	uce-11574.nexus
696	DNA	92	485	96	297	GTR+MERGE	uce-115743.nexus
697	DNA	123	479	93	278	GTR+MERGE	uce-115747.nexus
698	DNA	129	367	85	214	GTR+MERGE	uce-115765.nexus
699	DNA	122	503	230	164	GTR+MERGE	uce-115770.nexus
700	DNA	127	502	104	263	GTR+MERGE	uce-115771.nexus
701	DNA	130	442	115	239	GTR+MERGE	uce-115782.nexus
702	DNA	111	571	164	292	GTR+MERGE	uce-115788.nexus
703	DNA	117	552	156	327	GTR+MERGE	uce-115789.nexus
704	DNA	122	288	45	219	GTR+MERGE	uce-115802.nexus
705	DNA	121	531	143	233	GTR+MERGE	uce-115821.nexus
706	DNA	125	494	203	207	GTR+MERGE	uce-115835.nexus
707	DNA	121	484	141	275	GTR+MERGE	uce-115841.nexus
708	DNA	126	452	109	230	GTR+MERGE	uce-115858.nexus
709	DNA	119	573	177	247	GTR+MERGE	uce-115859.nexus
710	DNA	124	343	44	214	GTR+MERGE	uce-115865.nexus
711	DNA	124	394	153	180	GTR+MERGE	uce-115869.nexus
712	DNA	114	296	61	181	GTR+MERGE	uce-115883.nexus
713	DNA	107	495	165	246	GTR+MERGE	uce-115888.nexus
714	DNA	124	576	204	289	GTR+MERGE	uce-115890.nexus
715	DNA	121	405	59	277	GTR+MERGE	uce-11590.nexus
716	DNA	117	494	162	309	GTR+MERGE	uce-115909.nexus
717	DNA	108	410	138	221	GTR+MERGE	uce-11592.nexus
718	DNA	113	500	211	222	GTR+MERGE	uce-11593.nexus
719	DNA	123	579	284	256	GTR+MERGE	uce-115932.nexus
720	DNA	123	447	130	224	GTR+MERGE	uce-115944.nexus
721	DNA	122	468	110	321	GTR+MERGE	uce-115966.nexus
722	DNA	123	371	81	238	GTR+MERGE	uce-115970.nexus
723	DNA	116	567	174	264	GTR+MERGE	uce-115972.nexus
724	DNA	124	508	111	265	GTR+MERGE	uce-115981.nexus
725	DNA	119	550	200	233	GTR+MERGE	uce-115991.nexus
726	DNA	120	415	142	224	GTR+MERGE	uce-115996.nexus
727	DNA	94	459	150	212	GTR+MERGE	uce-115999.nexus
728	DNA	119	575	170	294	GTR+MERGE	uce-116006.nexus
729	DNA	106	510	146	242	GTR+MERGE	uce-116009.nexus
730	DNA	83	197	28	98	GTR+MERGE	uce-116011.nexus
731	DNA	105	247	44	138	GTR+MERGE	uce-116012.nexus
732	DNA	113	541	114	394	GTR+MERGE	uce-116014.nexus
733	DNA	127	480	141	289	GTR+MERGE	uce-116019.nexus
734	DNA	86	168	21	120	GTR+MERGE	uce-116025.nexus
735	DNA	110	585	117	315	GTR+MERGE	uce-11604.nexus
736	DNA	109	434	47	310	GTR+MERGE	uce-11606.nexus
737	DNA	124	633	104	419	GTR+MERGE	uce-116061.nexus
738	DNA	109	578	150	300	GTR+MERGE	uce-116063.nexus
739	DNA	80	569	159	358	GTR+MERGE	uce-116064.nexus
740	DNA	114	439	177	224	GTR+MERGE	uce-116073.nexus
741	DNA	120	487	128	259	GTR+MERGE	uce-116083.nexus
742	DNA	99	204	24	137	GTR+MERGE	uce-116085.nexus
743	DNA	124	543	59	283	GTR+MERGE	uce-116096.nexus
744	DNA	122	535	225	261	GTR+MERGE	uce-116099.nexus
745	DNA	123	243	65	160	GTR+MERGE	uce-116101.nexus
746	DNA	111	525	136	299	GTR+MERGE	uce-116105.nexus
747	DNA	122	392	68	267	GTR+MERGE	uce-116112.nexus
748	DNA	126	531	241	186	GTR+MERGE	uce-116114.nexus
749	DNA	117	621	220	289	GTR+MERGE	uce-116117.nexus
750	DNA	99	251	31	207	GTR+MERGE	uce-11612.nexus
751	DNA	111	472	140	211	GTR+MERGE	uce-116123.nexus
752	DNA	119	521	178	225	GTR+MERGE	uce-116125.nexus
753	DNA	109	449	45	263	GTR+MERGE	uce-116142.nexus
754	DNA	106	525	126	288	GTR+MERGE	uce-116148.nexus
755	DNA	117	344	80	199	GTR+MERGE	uce-11615.nexus
756	DNA	127	447	123	178	GTR+MERGE	uce-116160.nexus
757	DNA	121	554	168	285	GTR+MERGE	uce-116162.nexus
758	DNA	117	281	35	215	GTR+MERGE	uce-116164.nexus
759	DNA	123	566	131	326	GTR+MERGE	uce-116188.nexus
760	DNA	122	577	149	344	GTR+MERGE	uce-11619.nexus
761	DNA	127	506	151	255	GTR+MERGE	uce-116191.nexus
762	DNA	122	555	177	289	GTR+MERGE	uce-116196.nexus
763	DNA	114	419	162	204	GTR+MERGE	uce-116206.nexus
764	DNA	114	596	100	374	GTR+MERGE	uce-116220.nexus
765	DNA	124	505	57	377	GTR+MERGE	uce-116227.nexus
766	DNA	124	623	166	273	GTR+MERGE	uce-116233.nexus
767	DNA	75	347	45	260	GTR+MERGE	uce-116245.nexus
768	DNA	125	511	203	219	GTR+MERGE	uce-116250.nexus
769	DNA	127	456	103	201	GTR+MERGE	uce-116259.nexus
770	DNA	116	553	214	229	GTR+MERGE	uce-116267.nexus
771	DNA	122	501	110	240	GTR+MERGE	uce-116269.nexus
772	DNA	119	472	139	261	GTR+MERGE	uce-11627.nexus
773	DNA	128	428	97	298	GTR+MERGE	uce-116278.nexus
774	DNA	93	234	69	100	GTR+MERGE	uce-116280.nexus
775	DNA	115	474	121	306	GTR+MERGE	uce-116289.nexus
776	DNA	113	350	45	271	GTR+MERGE	uce-116291.nexus
777	DNA	125	439	65	328	GTR+MERGE	uce-116292.nexus
778	DNA	120	454	102	269	GTR+MERGE	uce-116293.nexus
779	DNA	109	234	62	140	GTR+MERGE	uce-1165.nexus
780	DNA	97	561	197	256	GTR+MERGE	uce-11657.nexus
781	DNA	125	493	174	209	GTR+MERGE	uce-11660.nexus
782	DNA	132	557	154	222	GTR+MERGE	uce-11661.nexus
783	DNA	97	207	35	144	GTR+MERGE	uce-11665.nexus
784	DNA	123	529	66	411	GTR+MERGE	uce-1168.nexus
785	DNA	118	417	157	161	GTR+MERGE	uce-11696.nexus
786	DNA	120	400	50	279	GTR+MERGE	uce-11716.nexus
787	DNA	112	565	132	246	GTR+MERGE	uce-11725.nexus
788	DNA	104	631	141	433	GTR+MERGE	uce-11726.nexus
789	DNA	85	562	183	325	GTR+MERGE	uce-1173.nexus
790	DNA	115	519	132	240	GTR+MERGE	uce-11732.nexus
791	DNA	83	232	42	157	GTR+MERGE	uce-11735.nexus
792	DNA	106	547	124	385	GTR+MERGE	uce-11737.nexus
793	DNA	100	512	163	237	GTR+MERGE	uce-11739.nexus
794	DNA	116	534	157	240	GTR+MERGE	uce-11740.nexus
795	DNA	111	250	68	129	GTR+MERGE	uce-11745.nexus
796	DNA	119	559	172	268	GTR+MERGE	uce-11753.nexus
797	DNA	123	509	170	301	GTR+MERGE	uce-11756.nexus
798	DNA	125	467	212	164	GTR+MERGE	uce-11768.nexus
799	DNA	125	507	170	294	GTR+MERGE	uce-1177.nexus
800	DNA	123	364	149	166	GTR+MERGE	uce-11779.nexus
801	DNA	125	581	74	315	GTR+MERGE	uce-11781.nexus
802	DNA	124	503	67	324	GTR+MERGE	uce-11792.nexus
803	DNA	122	505	123	261	GTR+MERGE	uce-11793.nexus
804	DNA	114	582	143	346	GTR+MERGE	uce-11795.nexus
805	DNA	117	474	202	211	GTR+MERGE	uce-11796.nexus
806	DNA	116	530	149	317	GTR+MERGE	uce-11809.nexus
807	DNA	104	371	86	199	GTR+MERGE	uce-11832.nexus
808	DNA	111	459	141	217	GTR+MERGE	uce-11838.nexus
809	DNA	115	321	68	215	GTR+MERGE	uce-11845.nexus
810	DNA	107	585	141	257	GTR+MERGE	uce-11872.nexus
811	DNA	121	622	118	398	GTR+MERGE	uce-11875.nexus
812	DNA	118	582	133	217	GTR+MERGE	uce-11877.nexus
813	DNA	110	494	182	251	GTR+MERGE	uce-11883.nexus
814	DNA	87	244	9	223	GTR+MERGE	uce-11884.nexus
815	DNA	126	428	58	345	GTR+MERGE	uce-11890.nexus
816	DNA	124	463	109	226	GTR+MERGE	uce-11897.nexus
817	DNA	124	541	183	241	GTR+MERGE	uce-11904.nexus
818	DNA	113	519	194	224	GTR+MERGE	uce-1192.nexus
819	DNA	126	337	61	249	GTR+MERGE	uce-11920.nexus
820	DNA	120	265	18	211	GTR+MERGE	uce-11924.nexus
821	DNA	117	663	76	383	GTR+MERGE	uce-11927.nexus
822	DNA	99	488	173	220	GTR+MERGE	uce-11930.nexus
823	DNA	118	510	233	122	GTR+MERGE	uce-11931.nexus
824	DNA	123	337	53	257	GTR+MERGE	uce-11942.nexus
825	DNA	120	575	79	341	GTR+MERGE	uce-11949.nexus
826	DNA	99	516	201	190	GTR+MERGE	uce-11953.nexus
827	DNA	121	528	131	241	GTR+MERGE	uce-11962.nexus
828	DNA	109	541	164	218	GTR+MERGE	uce-11966.nexus
829	DNA	104	518	177	194	GTR+MERGE	uce-11983.nexus
830	DNA	106	675	184	355	GTR+MERGE	uce-11985.nexus
831	DNA	114	438	142	240	GTR+MERGE	uce-1199.nexus
832	DNA	105	574	140	302	GTR+MERGE	uce-11994.nexus
833	DNA	99	539	207	256	GTR+MERGE	uce-11996.nexus
834	DNA	114	587	191	304	GTR+MERGE	uce-2025.nexus
835	DNA	100	616	346	248	GTR+MERGE	uce-2030.nexus
836	DNA	118	467	72	323	GTR+MERGE	uce-2032.nexus
837	DNA	90	657	125	349	GTR+MERGE	uce-2039.nexus
838	DNA	102	439	203	188	GTR+MERGE	uce-2041.nexus
839	DNA	99	578	201	256	GTR+MERGE	uce-2048.nexus
840	DNA	88	483	151	265	GTR+MERGE	uce-2049.nexus
841	DNA	111	924	296	428	GTR+MERGE	uce-2052.nexus
842	DNA	86	491	73	338	GTR+MERGE	uce-2054.nexus
843	DNA	121	434	146	174	GTR+MERGE	uce-2070.nexus
844	DNA	123	486	96	245	GTR+MERGE	uce-2080.nexus
845	DNA	107	506	135	237	GTR+MERGE	uce-2081.nexus
846	DNA	111	564	313	209	GTR+MERGE	uce-2082.nexus
847	DNA	96	496	171	212	GTR+MERGE	uce-209.nexus
848	DNA	106	292	48	200	GTR+MERGE	uce-2095.nexus
849	DNA	116	295	90	173	GTR+MERGE	uce-2105.nexus
850	DNA	123	442	130	210	GTR+MERGE	uce-2107.nexus
851	DNA	118	397	107	149	GTR+MERGE	uce-2110.nexus
852	DNA	87	460	186	110	GTR+MERGE	uce-2121.nexus
853	DNA	121	365	113	151	GTR+MERGE	uce-2125.nexus
854	DNA	89	191	24	122	GTR+MERGE	uce-2141.nexus
855	DNA	120	505	109	308	GTR+MERGE	uce-2142.nexus
856	DNA	119	303	42	201	GTR+MERGE	uce-2150.nexus
857	DNA	114	395	176	166	GTR+MERGE	uce-2151.nexus
858	DNA	116	521	240	197	GTR+MERGE	uce-2164.nexus
859	DNA	118	283	32	201	GTR+MERGE	uce-217.nexus
860	DNA	89	475	218	161	GTR+MERGE	uce-2170.nexus
861	DNA	130	437	50	343	GTR+MERGE	uce-2180.nexus
862	DNA	128	533	161	224	GTR+MERGE	uce-2185.nexus
863	DNA	114	309	52	186	GTR+MERGE	uce-2197.nexus
864	DNA	120	430	75	322	GTR+MERGE	uce-2202.nexus
865	DNA	124	535	223	183	GTR+MERGE	uce-2206.nexus
866	DNA	118	447	141	225	GTR+MERGE	uce-2215.nexus
867	DNA	112	332	77	232	GTR+MERGE	uce-2237.nexus
868	DNA	110	326	78	151	GTR+MERGE	uce-2247.nexus
869	DNA	117	606	186	282	GTR+MERGE	uce-2248.nexus
870	DNA	121	415	163	133	GTR+MERGE	uce-2255.nexus
871	DNA	118	417	89	265	GTR+MERGE	uce-2258.nexus
872	DNA	104	402	35	242	GTR+MERGE	uce-2274.nexus
873	DNA	107	560	203	278	GTR+MERGE	uce-2275.nexus
874	DNA	112	524	142	301	GTR+MERGE	uce-2276.nexus
875	DNA	126	502	82	317	GTR+MERGE	uce-2281.nexus
876	DNA	93	257	83	99	GTR+MERGE	uce-2282.nexus
877	DNA	117	375	85	256	GTR+MERGE	uce-2284.nexus
878	DNA	76	389	80	298	GTR+MERGE	uce-2285.nexus
879	DNA	121	324	135	139	GTR+MERGE	uce-2287.nexus
880	DNA	102	503	77	301	GTR+MERGE	uce-2288.nexus
881	DNA	115	273	34	223	GTR+MERGE	uce-2290.nexus
882	DNA	99	634	230	300	GTR+MERGE	uce-2293.nexus
883	DNA	115	482	96	282	GTR+MERGE	uce-23.nexus
884	DNA	104	399	152	199	GTR+MERGE	uce-2301.nexus
885	DNA	113	542	191	246	GTR+MERGE	uce-2304.nexus
886	DNA	115	260	96	126	GTR+MERGE	uce-2312.nexus
887	DNA	69	241	19	195	GTR+MERGE	uce-2315.nexus
888	DNA	101	286	46	185	GTR+MERGE	uce-2318.nexus
889	DNA	87	493	196	234	GTR+MERGE	uce-2325.nexus
890	DNA	101	380	106	226	GTR+MERGE	uce-2327.nexus
891	DNA	105	470	226	205	GTR+MERGE	uce-2359.nexus
892	DNA	119	550	189	323	GTR+MERGE	uce-2361.nexus
893	DNA	123	420	128	215	GTR+MERGE	uce-2401.nexus
894	DNA	135	547	127	329	GTR+MERGE	uce-2423.nexus
895	DNA	106	519	203	245	GTR+MERGE	uce-2426.nexus
896	DNA	104	513	250	153	GTR+MERGE	uce-2429.nexus
897	DNA	112	405	106	246	GTR+MERGE	uce-2430.nexus
898	DNA	101	635	210	317	GTR+MERGE	uce-2435.nexus
899	DNA	95	676	163	425	GTR+MERGE	uce-2436.nexus
900	DNA	113	397	102	241	GTR+MERGE	uce-2446.nexus
901	DNA	93	343	72	224	GTR+MERGE	uce-2450.nexus
902	DNA	112	490	84	258	GTR+MERGE	uce-2469.nexus
903	DNA	122	481	186	238	GTR+MERGE	uce-2471.nexus
904	DNA	121	555	189	275	GTR+MERGE	uce-2476.nexus
905	DNA	93	211	11	169	GTR+MERGE	uce-2490.nexus
906	DNA	121	338	65	198	GTR+MERGE	uce-2494.nexus
907	DNA	126	579	192	268	GTR+MERGE	uce-250.nexus
908	DNA	130	521	140	301	GTR+MERGE	uce-2501.nexus
909	DNA	115	454	158	201	GTR+MERGE	uce-2503.nexus
910	DNA	117	430	182	186	GTR+MERGE	uce-2507.nexus
911	DNA	123	386	132	171	GTR+MERGE	uce-2514.nexus
912	DNA	110	593	206	332	GTR+MERGE	uce-2520.nexus
913	DNA	119	536	91	307	GTR+MERGE	uce-2531.nexus
914	DNA	121	314	85	203	GTR+MERGE	uce-2538.nexus
915	DNA	106	477	149	207	GTR+MERGE	uce-2541.nexus
916	DNA	122	544	203	221	GTR+MERGE	uce-2551.nexus
917	DNA	99	601	173	308	GTR+MERGE	uce-2577.nexus
918	DNA	116	771	321	270	GTR+MERGE	uce-2580.nexus
919	DNA	101	484	180	144	GTR+MERGE	uce-2581.nexus
920	DNA	96	545	50	398	GTR+MERGE	uce-2585.nexus
921	DNA	123	753	346	237	GTR+MERGE	uce-2588.nexus
922	DNA	125	479	185	208	GTR+MERGE	uce-2592.nexus
923	DNA	120	509	128	210	GTR+MERGE	uce-2597.nexus
924	DNA	120	452	163	223	GTR+MERGE	uce-2601.nexus
925	DNA	98	230	15	180	GTR+MERGE	uce-2632.nexus
926	DNA	110	545	176	247	GTR+MERGE	uce-2656.nexus
927	DNA	73	203	24	162	GTR+MERGE	uce-266.nexus
928	DNA	124	585	189	237	GTR+MERGE	uce-2664.nexus
929	DNA	120	364	108	203	GTR+MERGE	uce-2666.nexus
930	DNA	104	541	186	243	GTR+MERGE	uce-2673.nexus
931	DNA	71	247	51	168	GTR+MERGE	uce-2676.nexus
932	DNA	121	230	39	96	GTR+MERGE	uce-2686.nexus
933	DNA	120	416	99	245	GTR+MERGE	uce-2688.nexus
934	DNA	98	468	120	282	GTR+MERGE	uce-2689.nexus
935	DNA	120	532	195	197	GTR+MERGE	uce-2691.nexus
936	DNA	127	485	146	282	GTR+MERGE	uce-2694.nexus
937	DNA	103	549	131	300	GTR+MERGE	uce-2700.nexus
938	DNA	116	266	65	179	GTR+MERGE	uce-2702.nexus
939	DNA	123	493	161	219	GTR+MERGE	uce-2705.nexus
940	DNA	120	532	190	232	GTR+MERGE	uce-2712.nexus
941	DNA	130	718	184	399	GTR+MERGE	uce-2726.nexus
942	DNA	97	221	34	147	GTR+MERGE	uce-2728.nexus
943	DNA	121	532	89	349	GTR+MERGE	uce-2731.nexus
944	DNA	111	629	95	400	GTR+MERGE	uce-2735.nexus
945	DNA	102	405	102	151	GTR+MERGE	uce-2738.nexus
946	DNA	122	429	145	194	GTR+MERGE	uce-2751.nexus
947	DNA	124	488	142	252	GTR+MERGE	uce-2756.nexus
948	DNA	114	495	138	308	GTR+MERGE	uce-2770.nexus
949	DNA	126	552	128	246	GTR+MERGE	uce-2775.nexus
950	DNA	125	603	115	313	GTR+MERGE	uce-278.nexus
951	DNA	124	445	228	174	GTR+MERGE	uce-2783.nexus
952	DNA	118	456	70	212	GTR+MERGE	uce-2794.nexus
953	DNA	119	545	180	296	GTR+MERGE	uce-2796.nexus
954	DNA	97	478	95	207	GTR+MERGE	uce-2797.nexus
955	DNA	118	534	225	205	GTR+MERGE	uce-2813.nexus
956	DNA	111	539	59	405	GTR+MERGE	uce-2817.nexus
957	DNA	110	610	209	299	GTR+MERGE	uce-2819.nexus
958	DNA	83	545	201	246	GTR+MERGE	uce-2829.nexus
959	DNA	121	644	168	364	GTR+MERGE	uce-2836.nexus
960	DNA	97	630	222	277	GTR+MERGE	uce-2837.nexus
961	DNA	116	337	36	258	GTR+MERGE	uce-284.nexus
962	DNA	123	356	32	255	GTR+MERGE	uce-2844.nexus
963	DNA	130	618	187	334	GTR+MERGE	uce-2846.nexus
964	DNA	110	443	107	314	GTR+MERGE	uce-2848.nexus
965	DNA	121	572	252	224	GTR+MERGE	uce-2857.nexus
966	DNA	130	536	161	269	GTR+MERGE	uce-2861.nexus
967	DNA	118	553	150	211	GTR+MERGE	uce-288.nexus
968	DNA	124	588	172	308	GTR+MERGE	uce-2883.nexus
969	DNA	116	645	198	319	GTR+MERGE	uce-29.nexus
970	DNA	124	325	30	253	GTR+MERGE	uce-315.nexus
971	DNA	89	390	132	219	GTR+MERGE	uce-324.nexus
972	DNA	95	316	104	160	GTR+MERGE	uce-325.nexus
973	DNA	126	454	113	290	GTR+MERGE	uce-344.nexus
974	DNA	114	416	138	210	GTR+MERGE	uce-348.nexus
975	DNA	125	450	94	195	GTR+MERGE	uce-349.nexus
976	DNA	76	322	67	173	GTR+MERGE	uce-35.nexus
977	DNA	112	541	173	278	GTR+MERGE	uce-350.nexus
978	DNA	111	300	67	202	GTR+MERGE	uce-351.nexus
979	DNA	122	555	157	353	GTR+MERGE	uce-357.nexus
980	DNA	127	556	212	266	GTR+MERGE	uce-363.nexus
981	DNA	116	496	128	313	GTR+MERGE	uce-366.nexus
982	DNA	115	514	188	222	GTR+MERGE	uce-369.nexus
983	DNA	99	548	192	286	GTR+MERGE	uce-374.nexus
984	DNA	123	390	141	205	GTR+MERGE	uce-379.nexus
985	DNA	117	574	191	255	GTR+MERGE	uce-3911001.nexus
986	DNA	113	409	127	246	GTR+MERGE	uce-3911002.nexus
987	DNA	106	554	196	200	GTR+MERGE	uce-3911005.nexus
988	DNA	125	433	209	140	GTR+MERGE	uce-3911011.nexus
989	DNA	119	386	61	236	GTR+MERGE	uce-3911014.nexus
990	DNA	74	231	22	124	GTR+MERGE	uce-3911017.nexus
991	DNA	108	551	152	249	GTR+MERGE	uce-3911025.nexus
992	DNA	125	384	102	216	GTR+MERGE	uce-3911031.nexus
993	DNA	127	429	66	299	GTR+MERGE	uce-3911052.nexus
994	DNA	122	425	130	215	GTR+MERGE	uce-3911063.nexus
995	DNA	93	402	63	298	GTR+MERGE	uce-3911086.nexus
996	DNA	80	740	78	523	GTR+MERGE	uce-3911094.nexus
997	DNA	122	579	190	294	GTR+MERGE	uce-3911099.nexus
998	DNA	91	554	177	246	GTR+MERGE	uce-391110.nexus
999	DNA	123	444	123	275	GTR+MERGE	uce-3911102.nexus
1000	DNA	124	358	117	186	GTR+MERGE	uce-3911105.nexus
1001	DNA	113	579	193	296	GTR+MERGE	uce-3911107.nexus
1002	DNA	91	620	108	372	GTR+MERGE	uce-3911124.nexus
1003	DNA	103	595	251	235	GTR+MERGE	uce-3911125.nexus
1004	DNA	135	563	148	310	GTR+MERGE	uce-3911137.nexus
1005	DNA	126	471	86	336	GTR+MERGE	uce-3911138.nexus
1006	DNA	112	382	138	212	GTR+MERGE	uce-3911143.nexus
1007	DNA	125	553	123	335	GTR+MERGE	uce-3911145.nexus
1008	DNA	113	415	96	211	GTR+MERGE	uce-391116.nexus
1009	DNA	123	434	104	249	GTR+MERGE	uce-3911161.nexus
1010	DNA	110	537	209	175	GTR+MERGE	uce-3911164.nexus
1011	DNA	95	586	112	352	GTR+MERGE	uce-3911172.nexus
1012	DNA	104	598	51	441	GTR+MERGE	uce-3911175.nexus
1013	DNA	78	211	56	150	GTR+MERGE	uce-3911198.nexus
1014	DNA	110	608	252	231	GTR+MERGE	uce-391120.nexus
1015	DNA	110	477	76	245	GTR+MERGE	uce-3911200.nexus
1016	DNA	122	570	200	299	GTR+MERGE	uce-3911202.nexus
1017	DNA	115	527	143	287	GTR+MERGE	uce-3911216.nexus
1018	DNA	112	368	100	251	GTR+MERGE	uce-3911230.nexus
1019	DNA	123	371	95	217	GTR+MERGE	uce-3911247.nexus
1020	DNA	109	626	79	392	GTR+MERGE	uce-3911250.nexus
1021	DNA	119	389	111	229	GTR+MERGE	uce-3911254.nexus
1022	DNA	122	381	97	189	GTR+MERGE	uce-3911256.nexus
1023	DNA	119	399	36	278	GTR+MERGE	uce-3911271.nexus
1024	DNA	128	762	164	511	GTR+MERGE	uce-3911279.nexus
1025	DNA	92	369	106	231	GTR+MERGE	uce-3911281.nexus
1026	DNA	118	418	114	239	GTR+MERGE	uce-3911284.nexus
1027	DNA	109	338	105	220	GTR+MERGE	uce-3911294.nexus
1028	DNA	106	407	68	221	GTR+MERGE	uce-3911297.nexus
1029	DNA	107	553	213	220	GTR+MERGE	uce-39113.nexus
1030	DNA	104	644	157	421	GTR+MERGE	uce-3911301.nexus
1031	DNA	113	521	159	280	GTR+MERGE	uce-3911315.nexus
1032	DNA	95	389	99	145	GTR+MERGE	uce-3911316.nexus
1033	DNA	110	335	112	204	GTR+MERGE	uce-3911325.nexus
1034	DNA	125	642	312	211	GTR+MERGE	uce-3911326.nexus
1035	DNA	103	529	117	306	GTR+MERGE	uce-3911327.nexus
1036	DNA	84	545	115	308	GTR+MERGE	uce-3911329.nexus
1037	DNA	124	774	266	435	GTR+MERGE	uce-3911353.nexus
1038	DNA	126	424	89	286	GTR+MERGE	uce-3911354.nexus
1039	DNA	112	573	183	319	GTR+MERGE	uce-3911384.nexus
1040	DNA	92	387	64	227	GTR+MERGE	uce-3911386.nexus
1041	DNA	111	523	174	303	GTR+MERGE	uce-3911399.nexus
1042	DNA	112	514	173	290	GTR+MERGE	uce-39114.nexus
1043	DNA	122	440	142	248	GTR+MERGE	uce-3911411.nexus
1044	DNA	112	367	29	235	GTR+MERGE	uce-3911419.nexus
1045	DNA	131	631	133	363	GTR+MERGE	uce-391142.nexus
1046	DNA	97	479	174	268	GTR+MERGE	uce-3911424.nexus
1047	DNA	119	479	146	249	GTR+MERGE	uce-3911430.nexus
1048	DNA	122	541	188	261	GTR+MERGE	uce-3911447.nexus
1049	DNA	102	455	79	279	GTR+MERGE	uce-3911455.nexus
1050	DNA	109	530	208	257	GTR+MERGE	uce-3911457.nexus
1051	DNA	105	420	50	296	GTR+MERGE	uce-391146.nexus
1052	DNA	108	586	235	230	GTR+MERGE	uce-3911462.nexus
1053	DNA	118	475	91	284	GTR+MERGE	uce-3911478.nexus
1054	DNA	98	348	52	260	GTR+MERGE	uce-3911489.nexus
1055	DNA	110	403	34	341	GTR+MERGE	uce-391149.nexus
1056	DNA	131	618	214	297	GTR+MERGE	uce-3911490.nexus
1057	DNA	70	205	9	192	GTR+MERGE	uce-3911491.nexus
1058	DNA	121	454	159	221	GTR+MERGE	uce-3911499.nexus
1059	DNA	124	380	86	211	GTR+MERGE	uce-3911502.nexus
1060	DNA	78	208	8	191	GTR+MERGE	uce-3911507.nexus
1061	DNA	117	535	183	262	GTR+MERGE	uce-3911514.nexus
1062	DNA	90	603	221	251	GTR+MERGE	uce-391152.nexus
1063	DNA	115	463	220	213	GTR+MERGE	uce-3911522.nexus
1064	DNA	108	597	180	255	GTR+MERGE	uce-3911526.nexus
1065	DNA	90	539	62	396	GTR+MERGE	uce-3911528.nexus
1066	DNA	117	539	123	359	GTR+MERGE	uce-3911529.nexus
1067	DNA	101	383	100	220	GTR+MERGE	uce-3911535.nexus
1068	DNA	125	889	234	592	GTR+MERGE	uce-3911540.nexus
1069	DNA	102	486	255	98	GTR+MERGE	uce-3911544.nexus
1070	DNA	131	612	221	217	GTR+MERGE	uce-3911559.nexus
1071	DNA	100	438	27	383	GTR+MERGE	uce-3911564.nexus
1072	DNA	114	751	185	414	GTR+MERGE	uce-391157.nexus
1073	DNA	123	418	123	250	GTR+MERGE	uce-3911582.nexus
1074	DNA	118	652	233	226	GTR+MERGE	uce-3911587.nexus
1075	DNA	105	588	68	386	GTR+MERGE	uce-3911588.nexus
1076	DNA	120	577	171	374	GTR+MERGE	uce-391159.nexus
1077	DNA	128	503	167	282	GTR+MERGE	uce-3911595.nexus
1078	DNA	123	468	102	306	GTR+MERGE	uce-3911601.nexus
1079	DNA	108	620	246	223	GTR+MERGE	uce-3911604.nexus
1080	DNA	111	495	48	327	GTR+MERGE	uce-3911605.nexus
1081	DNA	109	478	118	243	GTR+MERGE	uce-3911612.nexus
1082	DNA	116	309	38	192	GTR+MERGE	uce-3911614.nexus
1083	DNA	125	508	182	237	GTR+MERGE	uce-3911615.nexus
1084	DNA	121	407	151	190	GTR+MERGE	uce-3911616.nexus
1085	DNA	121	544	35	369	GTR+MERGE	uce-3911631.nexus
1086	DNA	117	502	182	213	GTR+MERGE	uce-3911644.nexus
1087	DNA	122	483	168	223	GTR+MERGE	uce-3911645.nexus
1088	DNA	111	528	197	248	GTR+MERGE	uce-3911662.nexus
1089	DNA	128	425	131	219	GTR+MERGE	uce-3911674.nexus
1090	DNA	128	542	89	332	GTR+MERGE	uce-3911676.nexus
1091	DNA	127	600	190	294	GTR+MERGE	uce-3911685.nexus
1092	DNA	118	364	90	217	GTR+MERGE	uce-3911692.nexus
1093	DNA	112	359	126	143	GTR+MERGE	uce-3911695.nexus
1094	DNA	111	592	138	279	GTR+MERGE	uce-391170.nexus
1095	DNA	123	494	186	276	GTR+MERGE	uce-3911703.nexus
1096	DNA	121	562	143	232	GTR+MERGE	uce-3911707.nexus
1097	DNA	123	509	41	325	GTR+MERGE	uce-3911715.nexus
1098	DNA	112	833	154	452	GTR+MERGE	uce-3911721.nexus
1099	DNA	98	533	191	277	GTR+MERGE	uce-3911730.nexus
1100	DNA	111	288	60	189	GTR+MERGE	uce-3911738.nexus
1101	DNA	99	484	124	278	GTR+MERGE	uce-3911746.nexus
1102	DNA	124	488	34	341	GTR+MERGE	uce-3911748.nexus
1103	DNA	122	533	197	229	GTR+MERGE	uce-3911752.nexus
1104	DNA	123	487	151	249	GTR+MERGE	uce-3911763.nexus
1105	DNA	128	498	133	255	GTR+MERGE	uce-3911788.nexus
1106	DNA	98	615	187	338	GTR+MERGE	uce-3911793.nexus
1107	DNA	123	465	66	366	GTR+MERGE	uce-3911797.nexus
1108	DNA	102	551	147	345	GTR+MERGE	uce-3911798.nexus
1109	DNA	107	479	199	196	GTR+MERGE	uce-3911799.nexus
1110	DNA	122	484	154	239	GTR+MERGE	uce-3911805.nexus
1111	DNA	106	254	25	190	GTR+MERGE	uce-3911808.nexus
1112	DNA	126	385	69	286	GTR+MERGE	uce-3911811.nexus
1113	DNA	119	602	186	321	GTR+MERGE	uce-3911817.nexus
1114	DNA	108	260	49	186	GTR+MERGE	uce-3911828.nexus
1115	DNA	115	513	174	181	GTR+MERGE	uce-3911829.nexus
1116	DNA	103	784	189	394	GTR+MERGE	uce-3911831.nexus
1117	DNA	126	489	223	234	GTR+MERGE	uce-3911833.nexus
1118	DNA	124	456	129	272	GTR+MERGE	uce-391185.nexus
1119	DNA	110	423	144	221	GTR+MERGE	uce-3911854.nexus
1120	DNA	100	448	102	178	GTR+MERGE	uce-3911858.nexus
1121	DNA	116	555	100	353	GTR+MERGE	uce-3911860.nexus
1122	DNA	118	640	188	329	GTR+MERGE	uce-3911868.nexus
1123	DNA	122	573	142	290	GTR+MERGE	uce-3911877.nexus
1124	DNA	118	344	81	242	GTR+MERGE	uce-3911882.nexus
1125	DNA	119	493	143	255	GTR+MERGE	uce-3911883.nexus
1126	DNA	114	272	29	212	GTR+MERGE	uce-3911888.nexus
1127	DNA	124	483	151	197	GTR+MERGE	uce-3911890.nexus
1128	DNA	94	257	55	186	GTR+MERGE	uce-3911903.nexus
1129	DNA	107	366	23	294	GTR+MERGE	uce-3911909.nexus
1130	DNA	116	270	49	184	GTR+MERGE	uce-3911924.nexus
1131	DNA	104	351	60	271	GTR+MERGE	uce-3911925.nexus
1132	DNA	105	602	96	327	GTR+MERGE	uce-3911936.nexus
1133	DNA	70	282	40	227	GTR+MERGE	uce-3911949.nexus
1134	DNA	111	428	126	246	GTR+MERGE	uce-391195.nexus
1135	DNA	122	430	130	255	GTR+MERGE	uce-3911959.nexus
1136	DNA	75	306	84	190	GTR+MERGE	uce-391196.nexus
1137	DNA	127	485	150	213	GTR+MERGE	uce-3911963.nexus
1138	DNA	124	502	99	311	GTR+MERGE	uce-3911968.nexus
1139	DNA	111	352	47	276	GTR+MERGE	uce-3911972.nexus
1140	DNA	106	248	16	179	GTR+MERGE	uce-3911975.nexus
1141	DNA	127	498	94	305	GTR+MERGE	uce-3911977.nexus
1142	DNA	104	594	127	334	GTR+MERGE	uce-3911990.nexus
1143	DNA	108	583	102	292	GTR+MERGE	uce-3911993.nexus
1144	DNA	105	651	183	393	GTR+MERGE	uce-3911994.nexus
1145	DNA	131	587	242	206	GTR+MERGE	uce-393.nexus
1146	DNA	106	298	22	242	GTR+MERGE	uce-399.nexus
1147	DNA	108	497	146	284	GTR+MERGE	uce-4.nexus
1148	DNA	118	354	108	159	GTR+MERGE	uce-404.nexus
1149	DNA	97	324	14	271	GTR+MERGE	uce-407.nexus
1150	DNA	119	512	133	264	GTR+MERGE	uce-410.nexus
1151	DNA	114	520	191	256	GTR+MERGE	uce-411.nexus
1152	DNA	124	315	74	215	GTR+MERGE	uce-415.nexus
1153	DNA	104	490	185	164	GTR+MERGE	uce-416.nexus
1154	DNA	110	324	54	231	GTR+MERGE	uce-435.nexus
1155	DNA	128	562	139	302	GTR+MERGE	uce-442.nexus
1156	DNA	125	460	187	221	GTR+MERGE	uce-444.nexus
1157	DNA	119	499	182	232	GTR+MERGE	uce-463.nexus
1158	DNA	109	316	24	225	GTR+MERGE	uce-468.nexus
1159	DNA	97	211	17	152	GTR+MERGE	uce-47.nexus
1160	DNA	111	457	144	241	GTR+MERGE	uce-471.nexus
1161	DNA	114	456	107	278	GTR+MERGE	uce-477.nexus
1162	DNA	91	608	153	339	GTR+MERGE	uce-482.nexus
1163	DNA	133	554	145	323	GTR+MERGE	uce-524.nexus
1164	DNA	105	527	213	213	GTR+MERGE	uce-538.nexus
1165	DNA	123	391	21	304	GTR+MERGE	uce-540.nexus
1166	DNA	123	531	102	352	GTR+MERGE	uce-573.nexus
1167	DNA	117	467	191	186	GTR+MERGE	uce-579.nexus
1168	DNA	125	458	174	197	GTR+MERGE	uce-581.nexus
1169	DNA	118	420	40	367	GTR+MERGE	uce-597.nexus
1170	DNA	109	290	56	179	GTR+MERGE	uce-599.nexus
1171	DNA	124	542	94	338	GTR+MERGE	uce-6.nexus
1172	DNA	120	467	101	273	GTR+MERGE	uce-624.nexus
1173	DNA	120	429	218	172	GTR+MERGE	uce-625.nexus
1174	DNA	119	465	59	219	GTR+MERGE	uce-630.nexus
1175	DNA	116	476	132	319	GTR+MERGE	uce-632.nexus
1176	DNA	90	332	26	249	GTR+MERGE	uce-633.nexus
1177	DNA	99	510	190	225	GTR+MERGE	uce-645.nexus
1178	DNA	110	700	207	430	GTR+MERGE	uce-650.nexus
1179	DNA	126	512	122	316	GTR+MERGE	uce-652.nexus
1180	DNA	100	520	171	241	GTR+MERGE	uce-657.nexus
1181	DNA	109	546	204	312	GTR+MERGE	uce-661.nexus
1182	DNA	113	491	133	283	GTR+MERGE	uce-663.nexus
1183	DNA	76	465	73	226	GTR+MERGE	uce-667.nexus
1184	DNA	131	560	148	337	GTR+MERGE	uce-669.nexus
1185	DNA	114	489	141	248	GTR+MERGE	uce-677.nexus
1186	DNA	125	374	56	272	GTR+MERGE	uce-679.nexus
1187	DNA	123	505	212	188	GTR+MERGE	uce-695.nexus
1188	DNA	120	396	137	183	GTR+MERGE	uce-699.nexus
1189	DNA	107	492	129	261	GTR+MERGE	uce-703.nexus
1190	DNA	113	506	169	186	GTR+MERGE	uce-709.nexus
1191	DNA	86	614	71	376	GTR+MERGE	uce-711.nexus
1192	DNA	100	224	55	133	GTR+MERGE	uce-718.nexus
1193	DNA	102	550	123	394	GTR+MERGE	uce-729.nexus
1194	DNA	112	372	49	247	GTR+MERGE	uce-730.nexus
1195	DNA	122	829	214	497	GTR+MERGE	uce-731.nexus
1196	DNA	124	776	282	366	GTR+MERGE	uce-743.nexus
1197	DNA	119	388	123	194	GTR+MERGE	uce-753.nexus
1198	DNA	107	515	213	236	GTR+MERGE	uce-756.nexus
1199	DNA	113	523	208	237	GTR+MERGE	uce-759.nexus
1200	DNA	127	632	177	318	GTR+MERGE	uce-76.nexus
1201	DNA	115	451	65	327	GTR+MERGE	uce-760.nexus
1202	DNA	112	565	200	240	GTR+MERGE	uce-773.nexus
1203	DNA	121	349	68	189	GTR+MERGE	uce-780.nexus
1204	DNA	116	514	169	244	GTR+MERGE	uce-781.nexus
1205	DNA	115	426	87	237	GTR+MERGE	uce-783.nexus
1206	DNA	125	455	64	339	GTR+MERGE	uce-784.nexus
1207	DNA	98	367	110	197	GTR+MERGE	uce-798.nexus
1208	DNA	125	357	86	206	GTR+MERGE	uce-8.nexus
1209	DNA	108	570	94	409	GTR+MERGE	uce-805.nexus
1210	DNA	114	221	44	166	GTR+MERGE	uce-806.nexus
1211	DNA	124	511	131	305	GTR+MERGE	uce-813.nexus
1212	DNA	91	400	124	223	GTR+MERGE	uce-815.nexus
1213	DNA	124	415	103	243	GTR+MERGE	uce-816.nexus
1214	DNA	127	431	44	322	GTR+MERGE	uce-819.nexus
1215	DNA	109	199	23	140	GTR+MERGE	uce-821.nexus
1216	DNA	118	478	77	373	GTR+MERGE	uce-826.nexus
1217	DNA	121	451	124	249	GTR+MERGE	uce-830.nexus
1218	DNA	111	521	90	292	GTR+MERGE	uce-835.nexus
1219	DNA	124	551	103	332	GTR+MERGE	uce-851.nexus
1220	DNA	111	513	95	310	GTR+MERGE	uce-857.nexus
1221	DNA	130	628	181	328	GTR+MERGE	uce-889.nexus
1222	DNA	128	533	199	224	GTR+MERGE	uce-890.nexus
1223	DNA	104	532	166	299	GTR+MERGE	uce-896.nexus
1224	DNA	82	279	48	206	GTR+MERGE	uce-897.nexus
1225	DNA	123	486	190	210	GTR+MERGE	uce-91.nexus
1226	DNA	91	270	24	170	GTR+MERGE	uce-913.nexus
1227	DNA	100	515	147	347	GTR+MERGE	uce-926.nexus
1228	DNA	97	352	112	204	GTR+MERGE	uce-945.nexus
1229	DNA	121	515	157	243	GTR+MERGE	uce-948.nexus
1230	DNA	114	620	224	272	GTR+MERGE	uce-952.nexus
1231	DNA	124	596	176	304	GTR+MERGE	uce-967.nexus
1232	DNA	114	627	94	450	GTR+MERGE	uce-970.nexus
1233	DNA	121	528	229	238	GTR+MERGE	uce-98.nexus
1234	DNA	71	198	42	112	GTR+MERGE	uce-987.nexus
1235	DNA	122	552	222	284	GTR+MERGE	uce-990101.nexus
1236	DNA	97	508	176	262	GTR+MERGE	uce-9901015.nexus
1237	DNA	120	500	140	265	GTR+MERGE	uce-9901039.nexus
1238	DNA	124	420	160	189	GTR+MERGE	uce-9901043.nexus
1239	DNA	117	408	73	283	GTR+MERGE	uce-9901047.nexus
1240	DNA	116	594	200	313	GTR+MERGE	uce-9901095.nexus
1241	DNA	114	317	74	199	GTR+MERGE	uce-9901119.nexus
1242	DNA	113	515	195	220	GTR+MERGE	uce-9901141.nexus
1243	DNA	120	534	192	245	GTR+MERGE	uce-9901185.nexus
1244	DNA	69	243	41	148	GTR+MERGE	uce-9901208.nexus
1245	DNA	121	457	116	298	GTR+MERGE	uce-9901217.nexus
1246	DNA	117	585	191	258	GTR+MERGE	uce-9901226.nexus
1247	DNA	102	544	248	171	GTR+MERGE	uce-9901234.nexus
1248	DNA	118	536	128	265	GTR+MERGE	uce-9901241.nexus
1249	DNA	84	231	38	124	GTR+MERGE	uce-9901286.nexus
1250	DNA	105	433	264	130	GTR+MERGE	uce-9901303.nexus
1251	DNA	116	551	96	403	GTR+MERGE	uce-9901308.nexus
1252	DNA	102	361	128	134	GTR+MERGE	uce-9901325.nexus
1253	DNA	111	533	184	285	GTR+MERGE	uce-990136.nexus
1254	DNA	101	413	257	85	GTR+MERGE	uce-9901382.nexus
1255	DNA	122	501	218	148	GTR+MERGE	uce-990142.nexus
1256	DNA	121	404	101	255	GTR+MERGE	uce-9901424.nexus
1257	DNA	87	273	77	148	GTR+MERGE	uce-9901427.nexus
1258	DNA	96	514	210	272	GTR+MERGE	uce-9901432.nexus
1259	DNA	122	512	79	332	GTR+MERGE	uce-9901433.nexus
1260	DNA	115	543	169	254	GTR+MERGE	uce-9901434.nexus
1261	DNA	118	382	99	233	GTR+MERGE	uce-9901437.nexus
1262	DNA	120	480	170	272	GTR+MERGE	uce-9901447.nexus
1263	DNA	106	334	100	196	GTR+MERGE	uce-9901451.nexus
1264	DNA	123	475	81	313	GTR+MERGE	uce-9901461.nexus
1265	DNA	120	502	148	302	GTR+MERGE	uce-9901465.nexus
1266	DNA	119	538	137	301	GTR+MERGE	uce-9901479.nexus
1267	DNA	111	423	88	306	GTR+MERGE	uce-9901490.nexus
1268	DNA	100	355	73	233	GTR+MERGE	uce-9901493.nexus
1269	DNA	112	567	186	231	GTR+MERGE	uce-990150.nexus
1270	DNA	122	454	168	187	GTR+MERGE	uce-9901517.nexus
1271	DNA	122	396	105	226	GTR+MERGE	uce-9901549.nexus
1272	DNA	115	435	153	227	GTR+MERGE	uce-9901553.nexus
1273	DNA	105	344	105	161	GTR+MERGE	uce-9901580.nexus
1274	DNA	87	522	155	297	GTR+MERGE	uce-9901590.nexus
1275	DNA	105	459	144	269	GTR+MERGE	uce-9901596.nexus
1276	DNA	75	215	75	109	GTR+MERGE	uce-9901613.nexus
1277	DNA	126	518	184	281	GTR+MERGE	uce-9901622.nexus
1278	DNA	127	452	124	254	GTR+MERGE	uce-9901635.nexus
1279	DNA	113	410	141	174	GTR+MERGE	uce-990167.nexus
1280	DNA	69	241	40	166	GTR+MERGE	uce-9901674.nexus
1281	DNA	108	498	165	210	GTR+MERGE	uce-9901680.nexus
1282	DNA	119	411	137	232	GTR+MERGE	uce-9901697.nexus
1283	DNA	103	476	151	211	GTR+MERGE	uce-9901702.nexus
1284	DNA	123	447	127	186	GTR+MERGE	uce-9901707.nexus
1285	DNA	123	499	89	285	GTR+MERGE	uce-9901718.nexus
1286	DNA	128	492	89	317	GTR+MERGE	uce-9901719.nexus
1287	DNA	103	257	59	169	GTR+MERGE	uce-9901733.nexus
1288	DNA	111	480	133	272	GTR+MERGE	uce-9901734.nexus
1289	DNA	115	527	214	262	GTR+MERGE	uce-9901736.nexus
1290	DNA	120	460	206	127	GTR+MERGE	uce-9901739.nexus
1291	DNA	127	373	68	217	GTR+MERGE	uce-9901749.nexus
1292	DNA	116	497	140	251	GTR+MERGE	uce-990180.nexus
1293	DNA	115	261	59	157	GTR+MERGE	uce-990199.nexus
1294	DNA	119	421	112	168	GTR+MERGE	uce-99021914.nexus
1295	DNA	116	558	257	209	GTR+MERGE	uce-99021919.nexus
1296	DNA	116	899	280	387	GTR+MERGE	uce-99021920.nexus
1297	DNA	110	453	157	250	GTR+MERGE	uce-99021935.nexus
1298	DNA	107	515	115	323	GTR+MERGE	uce-99021997.nexus
1299	DNA	121	550	78	405	GTR+MERGE	uce-990230.nexus
1300	DNA	85	198	15	148	GTR+MERGE	uce-990240.nexus
1301	DNA	124	471	111	255	GTR+MERGE	uce-990252.nexus
1302	DNA	87	543	218	211	GTR+MERGE	uce-99027118.nexus
1303	DNA	112	271	54	182	GTR+MERGE	uce-990271701.nexus
1304	DNA	100	407	172	162	GTR+MERGE	uce-990272316.nexus
1305	DNA	106	261	48	180	GTR+MERGE	uce-990272371.nexus
1306	DNA	88	474	178	252	GTR+MERGE	uce-990272485.nexus
1307	DNA	95	333	75	226	GTR+MERGE	uce-990272486.nexus
1308	DNA	118	669	218	351	GTR+MERGE	uce-990272495.nexus
1309	DNA	110	438	75	210	GTR+MERGE	uce-99027519.nexus
1310	DNA	105	489	195	262	GTR+MERGE	uce-99027712.nexus
1311	DNA	122	297	102	162	GTR+MERGE	uce-990282080.nexus
1312	DNA	125	416	78	251	GTR+MERGE	uce-990282763.nexus
1313	DNA	100	254	68	166	GTR+MERGE	uce-990283144.nexus
1314	DNA	131	516	144	276	GTR+MERGE	uce-990283790.nexus
1315	DNA	127	370	46	237	GTR+MERGE	uce-990284045.nexus
1316	DNA	99	503	142	286	GTR+MERGE	uce-990284308.nexus
1317	DNA	115	486	92	346	GTR+MERGE	uce-990284669.nexus
1318	DNA	111	405	85	216	GTR+MERGE	uce-990285527.nexus
1319	DNA	123	495	191	215	GTR+MERGE	uce-99028567.nexus
1320	DNA	117	642	99	471	GTR+MERGE	uce-990286040.nexus
1321	DNA	129	511	174	241	GTR+MERGE	uce-990286523.nexus
1322	DNA	116	812	220	429	GTR+MERGE	uce-990286819.nexus
1323	DNA	110	1039	84	723	GTR+MERGE	uce-990286931.nexus
1324	DNA	85	263	37	105	GTR+MERGE	uce-990287.nexus
1325	DNA	105	290	79	152	GTR+MERGE	uce-990287027.nexus
1326	DNA	88	214	14	175	GTR+MERGE	uce-990287079.nexus
1327	DNA	98	590	215	250	GTR+MERGE	uce-990287217.nexus
1328	DNA	124	755	185	440	GTR+MERGE	uce-990287495.nexus
1329	DNA	111	504	137	276	GTR+MERGE	uce-990287507.nexus
1330	DNA	124	583	160	288	GTR+MERGE	uce-990287782.nexus
1331	DNA	111	250	33	185	GTR+MERGE	uce-99028804.nexus
1332	DNA	120	680	166	432	GTR+MERGE	uce-99028944.nexus
1333	DNA	122	512	146	264	GTR+MERGE	uce-990289938.nexus
1334	DNA	114	576	178	252	GTR+MERGE	uce-990291004.nexus
1335	DNA	105	572	205	182	GTR+MERGE	uce-990291030.nexus
1336	DNA	114	446	103	246	GTR+MERGE	uce-990291039.nexus
1337	DNA	122	482	85	335	GTR+MERGE	uce-99029107.nexus
1338	DNA	106	478	175	196	GTR+MERGE	uce-990291093.nexus
1339	DNA	126	506	182	278	GTR+MERGE	uce-99029113.nexus
1340	DNA	104	400	120	206	GTR+MERGE	uce-990291152.nexus
1341	DNA	124	407	56	247	GTR+MERGE	uce-990291255.nexus
1342	DNA	90	440	85	270	GTR+MERGE	uce-990291257.nexus
1343	DNA	106	524	177	292	GTR+MERGE	uce-990291258.nexus
1344	DNA	84	598	236	245	GTR+MERGE	uce-990291261.nexus
1345	DNA	94	376	83	232	GTR+MERGE	uce-990291283.nexus
1346	DNA	114	533	151	273	GTR+MERGE	uce-990291284.nexus
1347	DNA	115	515	195	229	GTR+MERGE	uce-990291289.nexus
1348	DNA	104	514	98	353	GTR+MERGE	uce-990291311.nexus
1349	DNA	95	488	179	199	GTR+MERGE	uce-990291312.nexus
1350	DNA	88	634	68	383	GTR+MERGE	uce-990291353.nexus
1351	DNA	117	477	126	274	GTR+MERGE	uce-990291364.nexus
1352	DNA	81	217	17	166	GTR+MERGE	uce-99029138.nexus
1353	DNA	105	544	147	305	GTR+MERGE	uce-990291416.nexus
1354	DNA	80	609	143	354	GTR+MERGE	uce-990291417.nexus
1355	DNA	118	386	39	308	GTR+MERGE	uce-990291424.nexus
1356	DNA	126	588	175	245	GTR+MERGE	uce-990291430.nexus
1357	DNA	84	216	10	174	GTR+MERGE	uce-990291456.nexus
1358	DNA	110	524	242	208	GTR+MERGE	uce-990291466.nexus
1359	DNA	131	380	125	199	GTR+MERGE	uce-990291493.nexus
1360	DNA	128	568	248	170	GTR+MERGE	uce-990291517.nexus
1361	DNA	112	562	211	211	GTR+MERGE	uce-990291528.nexus
1362	DNA	90	313	25	241	GTR+MERGE	uce-990291536.nexus
1363	DNA	112	608	171	303	GTR+MERGE	uce-990291555.nexus
1364	DNA	123	534	154	305	GTR+MERGE	uce-990291573.nexus
1365	DNA	125	491	238	172	GTR+MERGE	uce-990291584.nexus
1366	DNA	105	607	93	394	GTR+MERGE	uce-990291601.nexus
1367	DNA	121	479	154	204	GTR+MERGE	uce-990291657.nexus
1368	DNA	114	301	64	198	GTR+MERGE	uce-990291675.nexus
1369	DNA	118	454	98	254	GTR+MERGE	uce-990291695.nexus
1370	DNA	123	458	85	242	GTR+MERGE	uce-990291733.nexus
1371	DNA	118	539	113	298	GTR+MERGE	uce-990291766.nexus
1372	DNA	119	495	140	285	GTR+MERGE	uce-990291786.nexus
1373	DNA	89	468	181	104	GTR+MERGE	uce-990291787.nexus
1374	DNA	109	443	103	286	GTR+MERGE	uce-990291795.nexus
1375	DNA	126	462	138	230	GTR+MERGE	uce-990291805.nexus
1376	DNA	122	442	144	234	GTR+MERGE	uce-990291828.nexus
1377	DNA	104	269	17	209	GTR+MERGE	uce-990291871.nexus
1378	DNA	124	318	43	231	GTR+MERGE	uce-990291922.nexus
1379	DNA	117	290	69	165	GTR+MERGE	uce-990291949.nexus
1380	DNA	127	538	122	353	GTR+MERGE	uce-990291951.nexus
1381	DNA	133	578	142	284	GTR+MERGE	uce-990291965.nexus
1382	DNA	109	411	84	273	GTR+MERGE	uce-990291980.nexus
1383	DNA	113	551	153	334	GTR+MERGE	uce-990292016.nexus
1384	DNA	124	518	206	183	GTR+MERGE	uce-990292019.nexus
1385	DNA	131	521	88	303	GTR+MERGE	uce-990292026.nexus
1386	DNA	114	455	185	152	GTR+MERGE	uce-990292074.nexus
1387	DNA	112	266	48	89	GTR+MERGE	uce-990292092.nexus
1388	DNA	120	375	86	252	GTR+MERGE	uce-990292112.nexus
1389	DNA	104	447	185	159	GTR+MERGE	uce-990292146.nexus
1390	DNA	108	445	104	284	GTR+MERGE	uce-990292153.nexus
1391	DNA	107	246	53	180	GTR+MERGE	uce-990292215.nexus
1392	DNA	123	533	173	258	GTR+MERGE	uce-990292271.nexus
1393	DNA	117	600	248	249	GTR+MERGE	uce-990292297.nexus
1394	DNA	103	468	133	262	GTR+MERGE	uce-990292325.nexus
1395	DNA	128	766	243	383	GTR+MERGE	uce-990292334.nexus
1396	DNA	103	853	285	442	GTR+MERGE	uce-990292336.nexus
1397	DNA	118	484	31	237	GTR+MERGE	uce-99029235.nexus
1398	DNA	94	343	57	238	GTR+MERGE	uce-990292364.nexus
1399	DNA	121	537	142	235	GTR+MERGE	uce-990292372.nexus
1400	DNA	127	542	151	268	GTR+MERGE	uce-990292417.nexus
1401	DNA	106	570	152	223	GTR+MERGE	uce-990292422.nexus
1402	DNA	87	222	12	172	GTR+MERGE	uce-990292441.nexus
1403	DNA	102	440	176	238	GTR+MERGE	uce-990292461.nexus
1404	DNA	113	452	183	209	GTR+MERGE	uce-990292467.nexus
1405	DNA	109	409	161	190	GTR+MERGE	uce-990292468.nexus
1406	DNA	123	555	157	289	GTR+MERGE	uce-990292469.nexus
1407	DNA	125	589	217	251	GTR+MERGE	uce-990292489.nexus
1408	DNA	120	256	52	181	GTR+MERGE	uce-990292490.nexus
1409	DNA	112	518	177	275	GTR+MERGE	uce-990292500.nexus
1410	DNA	123	394	100	212	GTR+MERGE	uce-990292506.nexus
1411	DNA	133	494	87	292	GTR+MERGE	uce-990292528.nexus
1412	DNA	124	445	179	200	GTR+MERGE	uce-990292576.nexus
1413	DNA	126	357	152	168	GTR+MERGE	uce-990292638.nexus
1414	DNA	123	352	137	181	GTR+MERGE	uce-990292643.nexus
1415	DNA	122	388	124	176	GTR+MERGE	uce-99029266.nexus
1416	DNA	122	466	171	258	GTR+MERGE	uce-990292682.nexus
1417	DNA	97	738	97	433	GTR+MERGE	uce-990292714.nexus
1418	DNA	91	240	23	182	GTR+MERGE	uce-99029272.nexus
1419	DNA	126	577	201	256	GTR+MERGE	uce-99029273.nexus
1420	DNA	115	385	50	277	GTR+MERGE	uce-990292755.nexus
1421	DNA	111	604	240	204	GTR+MERGE	uce-990292770.nexus
1422	DNA	127	599	142	349	GTR+MERGE	uce-990292782.nexus
1423	DNA	114	597	156	348	GTR+MERGE	uce-99029279.nexus
1424	DNA	108	429	124	265	GTR+MERGE	uce-990292857.nexus
1425	DNA	115	436	111	281	GTR+MERGE	uce-990292873.nexus
1426	DNA	70	524	28	427	GTR+MERGE	uce-990292913.nexus
1427	DNA	119	284	36	196	GTR+MERGE	uce-990292922.nexus
1428	DNA	104	489	154	193	GTR+MERGE	uce-990292925.nexus
1429	DNA	108	417	140	200	GTR+MERGE	uce-990292953.nexus
1430	DNA	81	534	209	221	GTR+MERGE	uce-990293012.nexus
1431	DNA	103	422	109	270	GTR+MERGE	uce-990293013.nexus
1432	DNA	80	544	140	313	GTR+MERGE	uce-990293014.nexus
1433	DNA	118	631	135	327	GTR+MERGE	uce-990293066.nexus
1434	DNA	107	541	117	308	GTR+MERGE	uce-990293079.nexus
1435	DNA	131	613	206	329	GTR+MERGE	uce-990293126.nexus
1436	DNA	126	475	182	221	GTR+MERGE	uce-990293128.nexus
1437	DNA	116	436	192	169	GTR+MERGE	uce-990293141.nexus
1438	DNA	121	431	143	186	GTR+MERGE	uce-990293160.nexus
1439	DNA	126	516	145	309	GTR+MERGE	uce-990293179.nexus
1440	DNA	94	306	61	186	GTR+MERGE	uce-990293230.nexus
1441	DNA	108	562	159	295	GTR+MERGE	uce-990293287.nexus
1442	DNA	120	333	114	184	GTR+MERGE	uce-99029334.nexus
1443	DNA	71	211	32	172	GTR+MERGE	uce-990293405.nexus
1444	DNA	122	411	140	211	GTR+MERGE	uce-990293510.nexus
1445	DNA	127	277	43	212	GTR+MERGE	uce-990293516.nexus
1446	DNA	127	422	63	334	GTR+MERGE	uce-990293580.nexus
1447	DNA	104	585	228	294	GTR+MERGE	uce-99029381.nexus
1448	DNA	110	505	158	260	GTR+MERGE	uce-99029386.nexus
1449	DNA	91	192	34	143	GTR+MERGE	uce-99029477.nexus
1450	DNA	110	554	121	342	GTR+MERGE	uce-99029509.nexus
1451	DNA	122	568	210	247	GTR+MERGE	uce-99029557.nexus
1452	DNA	115	550	229	202	GTR+MERGE	uce-99029558.nexus
1453	DNA	110	549	193	246	GTR+MERGE	uce-99029561.nexus
1454	DNA	129	629	131	361	GTR+MERGE	uce-99029645.nexus
1455	DNA	128	513	163	227	GTR+MERGE	uce-99029663.nexus
1456	DNA	121	501	217	252	GTR+MERGE	uce-99029745.nexus
1457	DNA	134	555	230	238	GTR+MERGE	uce-99029763.nexus
1458	DNA	118	384	106	210	GTR+MERGE	uce-99029774.nexus
1459	DNA	112	302	42	200	GTR+MERGE	uce-99029853.nexus
1460	DNA	101	576	201	280	GTR+MERGE	uce-99029898.nexus
1461	DNA	125	372	123	185	GTR+MERGE	uce-99029911.nexus
1462	DNA	124	534	232	248	GTR+MERGE	uce-99029939.nexus
1463	DNA	127	458	164	207	GTR+MERGE	uce-99029955.nexus
1464	DNA	126	470	151	241	GTR+MERGE	uce-99029969.nexus
1465	DNA	126	566	133	361	GTR+MERGE	uce-990311.nexus
1466	DNA	123	300	57	233	GTR+MERGE	uce-990350.nexus
1467	DNA	111	389	43	230	GTR+MERGE	uce-990379.nexus
1468	DNA	122	395	149	134	GTR+MERGE	uce-990414.nexus
1469	DNA	125	487	148	247	GTR+MERGE	uce-99042.nexus
1470	DNA	114	478	170	199	GTR+MERGE	uce-990423.nexus
1471	DNA	123	493	183	271	GTR+MERGE	uce-990430.nexus
1472	DNA	110	442	141	151	GTR+MERGE	uce-990437.nexus
1473	DNA	122	528	128	332	GTR+MERGE	uce-990440.nexus
1474	DNA	114	404	94	262	GTR+MERGE	uce-990442.nexus
1475	DNA	95	207	34	154	GTR+MERGE	uce-990473.nexus
1476	DNA	101	498	189	198	GTR+MERGE	uce-990476.nexus
1477	DNA	116	460	121	203	GTR+MERGE	uce-990488.nexus
1478	DNA	118	612	185	332	GTR+MERGE	uce-99049.nexus
1479	DNA	104	456	59	301	GTR+MERGE	uce-990496.nexus
1480	DNA	95	266	12	225	GTR+MERGE	uce-990505.nexus
1481	DNA	113	501	156	267	GTR+MERGE	uce-990527.nexus
1482	DNA	122	416	181	218	GTR+MERGE	uce-990555.nexus
1483	DNA	122	470	105	267	GTR+MERGE	uce-990556.nexus
1484	DNA	111	557	124	357	GTR+MERGE	uce-990566.nexus
1485	DNA	109	493	172	264	GTR+MERGE	uce-990575.nexus
1486	DNA	110	536	168	300	GTR+MERGE	uce-990583.nexus
1487	DNA	127	461	192	182	GTR+MERGE	uce-990623.nexus
1488	DNA	122	429	101	280	GTR+MERGE	uce-990627.nexus
1489	DNA	117	527	164	206	GTR+MERGE	uce-990635.nexus
1490	DNA	124	458	117	255	GTR+MERGE	uce-990669.nexus
1491	DNA	112	507	240	235	GTR+MERGE	uce-9907.nexus
1492	DNA	119	446	108	223	GTR+MERGE	uce-990702.nexus
1493	DNA	121	387	91	209	GTR+MERGE	uce-990716.nexus
1494	DNA	123	498	158	256	GTR+MERGE	uce-990738.nexus
1495	DNA	121	565	179	296	GTR+MERGE	uce-990745.nexus
1496	DNA	118	501	173	159	GTR+MERGE	uce-990763.nexus
1497	DNA	123	632	131	311	GTR+MERGE	uce-990767.nexus
1498	DNA	106	546	176	308	GTR+MERGE	uce-990782.nexus
1499	DNA	112	496	173	243	GTR+MERGE	uce-990783.nexus
1500	DNA	123	331	62	225	GTR+MERGE	uce-990804.nexus
1501	DNA	118	612	145	302	GTR+MERGE	uce-990818.nexus
1502	DNA	109	392	102	260	GTR+MERGE	uce-990820.nexus
1503	DNA	87	205	9	172	GTR+MERGE	uce-990822.nexus
1504	DNA	114	539	145	323	GTR+MERGE	uce-990845.nexus
1505	DNA	114	400	124	216	GTR+MERGE	uce-990846.nexus
1506	DNA	113	527	210	221	GTR+MERGE	uce-990874.nexus
1507	DNA	118	279	75	166	GTR+MERGE	uce-990881.nexus
1508	DNA	123	590	99	368	GTR+MERGE	uce-990907.nexus
1509	DNA	118	550	181	237	GTR+MERGE	uce-990959.nexus
1510	DNA	125	520	162	221	GTR+MERGE	uce-990964.nexus
1511	DNA	110	434	17	344	GTR+MERGE	uce-991.nexus
1512	DNA	111	395	103	188	GTR+MERGE	uce-992.nexus
1513	DNA	127	509	175	254	GTR+MERGE	uce-997.nexus
Degree of missing data: 0.172
Info: multi-threading strategy over partitions



Create initial parsimony tree by phylogenetic likelihood library (PLL)... 8.310 seconds
Perform fast likelihood tree search using GTR+I+G model...
Estimate model parameters (epsilon = 5.000)
Initial log-likelihood: -6257545.993
Current log-likelihood at step 1: -6004783.962
Current log-likelihood at step 2: -5997447.121
Current log-likelihood at step 3: -5995822.860
Current log-likelihood at step 4: -5995224.157
Current log-likelihood at step 5: -5994733.019
Current log-likelihood at step 6: -5994425.143
Current log-likelihood at step 7: -5993936.000
Current log-likelihood at step 8: -5993639.775
Current log-likelihood at step 9: -5993317.066
Current log-likelihood at step 10: -5993205.569
Current log-likelihood at step 11: -5993128.051
Current log-likelihood at step 12: -5993067.300
Current log-likelihood at step 13: -5993018.598
Current log-likelihood at step 14: -5992979.308
Current log-likelihood at step 15: -5992721.711
Current log-likelihood at step 16: -5992675.612
Current log-likelihood at step 17: -5992646.849
Current log-likelihood at step 18: -5992623.693
Current log-likelihood at step 19: -5992603.533
Current log-likelihood at step 20: -5992587.453
Current log-likelihood at step 21: -5992573.674
Current log-likelihood at step 22: -5992561.802
Current log-likelihood at step 23: -5992551.436
Current log-likelihood at step 24: -5992542.248
Current log-likelihood at step 25: -5992534.019
Current log-likelihood at step 26: -5992526.543
Current log-likelihood at step 27: -5992519.736
Current log-likelihood at step 28: -5992513.485
Current log-likelihood at step 29: -5992507.740
Current log-likelihood at step 30: -5992502.435
Current log-likelihood at step 31: -5992497.496
Parameters optimization took 30 rounds (334.226 sec)


WARNING: Estimated model parameters are at boundary that can cause numerical instability!

Perform nearest neighbor interchange...
Estimate model parameters (epsilon = 1.000)
Initial log-likelihood: -5991786.260
Current log-likelihood at step 1: -5991697.295
Current log-likelihood at step 2: -5991685.189
Current log-likelihood at step 3: -5991679.067
Current log-likelihood at step 4: -5991674.065
Current log-likelihood at step 5: -5991669.722
Current log-likelihood at step 6: -5991665.828
Current log-likelihood at step 7: -5991662.279
Current log-likelihood at step 8: -5991659.005
Current log-likelihood at step 9: -5991656.013
Current log-likelihood at step 10: -5991653.238
Current log-likelihood at step 11: -5991650.649
Current log-likelihood at step 12: -5991648.226
Current log-likelihood at step 13: -5991645.948
Current log-likelihood at step 14: -5991643.804
Current log-likelihood at step 15: -5991641.766
Current log-likelihood at step 16: -5991639.836
Current log-likelihood at step 17: -5991637.980
Current log-likelihood at step 18: -5991636.248
Current log-likelihood at step 19: -5991634.597
Current log-likelihood at step 20: -5991633.022
Current log-likelihood at step 21: -5991631.515
Current log-likelihood at step 22: -5991629.956
Current log-likelihood at step 23: -5991628.579
Current log-likelihood at step 24: -5991627.250
Current log-likelihood at step 25: -5991625.985
Current log-likelihood at step 26: -5991624.771
Current log-likelihood at step 27: -5991623.606
Current log-likelihood at step 28: -5991622.463
Current log-likelihood at step 29: -5991621.183
Current log-likelihood at step 30: -5991619.736
Current log-likelihood at step 31: -5991618.674
Current log-likelihood at step 32: -5991617.707
Partition-specific rates:  0.447 0.257 0.588 1.031 0.348 0.566 0.613 0.229 0.866 0.897 0.559 0.942 0.669 0.419 0.313 0.321 1.171 0.363 0.744 0.298 1.800 0.487 0.297 0.694 0.509 0.737 0.184 0.209 0.584 0.343 0.439 1.418 0.598 0.468 0.402 0.172 1.165 1.838 0.631 0.346 0.226 0.800 0.277 0.460 0.422 1.513 0.244 0.366 0.206 0.834 0.985 1.434 0.516 0.239 1.042 0.734 0.350 0.523 0.233 0.375 0.421 0.355 0.269 2.393 0.686 0.360 1.009 0.646 1.267 0.525 0.073 0.626 0.824 1.028 0.508 0.262 0.576 0.330 0.049 0.722 0.575 2.928 0.507 0.332 0.638 0.663 0.461 0.283 0.257 0.350 0.129 0.256 0.207 0.203 0.652 1.556 0.706 0.607 0.666 0.407 0.217 1.149 0.249 0.360 0.828 0.481 1.302 0.153 0.174 0.261 0.504 0.333 0.357 0.450 0.336 0.144 0.122 0.595 0.809 0.311 0.756 0.450 1.909 1.277 0.418 0.778 1.449 1.098 0.651 0.550 0.452 0.500 0.321 0.612 0.803 0.511 0.220 0.981 0.837 1.256 0.569 0.145 2.060 0.324 0.178 2.657 1.362 0.642 0.997 1.228 1.820 0.354 0.440 1.148 1.296 3.061 1.063 1.330 2.632 0.400 1.606 0.850 0.184 0.490 0.704 1.206 1.139 0.432 0.303 0.474 1.311 1.686 1.010 1.212 0.927 0.334 0.784 0.218 0.431 0.852 0.956 0.245 0.289 0.181 0.367 0.920 1.143 0.352 0.425 0.459 0.760 1.680 0.734 0.909 0.770 0.549 0.483 0.391 1.066 0.420 0.850 0.777 1.320 0.212 0.676 0.532 0.474 0.232 0.211 0.268 1.021 0.741 0.323 0.736 0.777 1.278 0.295 0.432 0.300 2.841 1.085 0.588 0.737 1.379 0.796 0.140 0.753 0.218 0.370 0.244 0.989 1.324 0.343 0.459 0.312 0.362 0.376 0.652 0.645 0.852 1.759 0.357 1.192 0.245 0.082 0.257 0.972 0.324 0.472 0.221 0.225 0.404 0.452 0.285 0.690 11.637 0.244 0.585 0.538 0.262 0.570 0.861 0.845 0.479 1.361 0.568 0.335 0.737 1.288 0.644 1.176 0.571 0.206 1.921 0.506 0.353 0.729 0.332 0.421 0.627 0.613 1.013 0.971 0.432 0.605 1.000 1.722 0.356 0.853 0.282 1.385 0.641 0.421 0.407 0.973 1.935 0.487 0.781 0.290 0.754 0.456 0.289 0.808 0.708 0.722 0.275 0.178 0.937 0.347 2.304 0.159 0.852 0.167 0.420 2.260 0.372 0.341 0.436 1.384 0.637 0.556 1.867 0.216 0.939 0.375 0.724 3.201 0.499 0.171 0.354 0.659 0.479 0.461 0.494 0.205 0.480 0.796 0.636 0.284 0.602 0.286 0.076 0.732 1.243 0.457 0.535 0.215 0.442 1.343 0.340 0.417 0.632 0.838 2.218 0.387 0.339 0.256 0.489 0.395 0.151 1.292 0.178 0.732 0.806 1.011 0.365 1.314 0.629 0.219 0.202 0.945 0.464 0.784 0.515 1.315 0.131 0.550 0.544 0.529 0.596 0.558 1.778 0.652 0.311 0.753 1.100 0.387 0.510 0.137 0.438 0.672 0.627 0.374 0.681 0.333 0.922 0.447 0.283 1.625 0.097 0.707 0.464 0.290 0.209 0.768 1.712 0.785 0.506 0.233 0.325 1.244 13.317 0.471 0.491 0.366 1.196 0.529 1.186 0.393 0.620 0.469 0.657 0.362 0.391 0.439 1.016 2.920 16.753 0.793 0.437 0.305 0.461 0.713 0.458 0.450 1.457 0.238 0.932 0.071 0.396 1.756 0.269 24.893 0.385 0.991 1.085 0.684 0.596 0.241 0.313 0.153 0.100 0.723 0.972 0.894 0.457 0.607 0.571 0.248 1.464 1.111 0.519 0.768 1.482 0.515 1.249 0.514 0.231 0.658 0.386 0.654 0.262 1.319 0.183 0.515 0.242 0.359 3.073 0.561 0.144 0.296 0.488 1.217 0.627 0.969 0.155 0.609 0.198 0.567 1.165 1.219 0.276 0.470 0.156 0.737 0.840 15.967 0.976 1.133 0.293 0.479 0.122 0.954 0.289 0.258 0.179 0.517 0.694 0.676 0.937 0.279 0.163 0.489 0.258 0.461 0.350 1.759 0.421 0.194 0.453 1.824 0.736 0.414 1.586 0.447 1.117 0.328 0.404 0.852 0.610 8.868 1.268 0.249 0.095 18.925 2.633 2.166 0.789 12.372 1.803 0.672 1.702 0.326 1.031 0.334 0.719 2.309 1.044 0.733 1.135 0.509 0.549 0.058 0.514 1.528 0.788 0.355 0.473 0.280 0.274 0.435 0.395 0.952 0.995 0.987 0.113 0.293 0.331 1.201 0.362 2.136 0.515 0.445 1.501 0.415 0.446 0.129 1.272 0.497 0.425 0.604 0.127 1.471 0.227 0.913 0.531 0.919 0.220 0.459 0.744 1.919 0.368 0.887 0.537 0.559 0.473 0.383 0.890 0.361 0.451 0.532 1.043 0.553 2.627 0.339 1.479 2.645 0.433 0.789 0.302 0.333 0.317 0.305 0.514 0.462 0.359 0.587 0.892 0.700 0.878 0.271 1.018 1.750 0.580 0.185 0.374 0.081 0.490 0.653 0.203 0.884 0.594 0.365 0.597 0.381 0.426 0.708 1.971 1.004 0.471 0.479 1.754 1.834 0.820 0.460 0.515 0.597 0.658 0.518 0.294 0.450 1.711 0.851 0.634 0.300 0.433 0.356 0.088 0.796 0.373 2.023 0.678 0.652 0.285 0.553 1.123 0.222 0.440 0.241 0.872 0.821 0.183 0.327 0.437 0.246 1.640 1.267 0.522 0.345 0.575 0.299 0.332 0.501 0.482 0.490 0.375 0.427 2.052 0.729 0.267 0.700 0.482 0.603 0.252 0.671 2.988 0.842 0.551 1.338 0.266 0.337 0.412 0.429 0.292 0.464 0.670 0.554 0.302 0.826 0.273 1.540 0.214 1.481 0.606 0.619 0.773 0.571 1.364 0.794 0.672 0.320 0.220 0.607 0.335 0.675 0.460 1.625 0.811 1.536 0.347 1.083 0.323 0.309 28.007 0.501 0.143 0.259 0.859 2.071 0.450 0.452 0.607 0.253 0.753 0.894 1.112 0.249 0.707 1.526 0.327 0.764 1.923 0.334 1.681 0.263 0.950 0.963 0.584 0.322 0.544 0.364 0.440 0.582 0.835 0.375 0.519 0.228 0.605 0.353 0.826 0.613 0.340 0.205 0.371 0.494 0.113 0.212 0.334 0.344 0.740 0.909 0.485 0.248 0.290 0.983 0.140 0.411 0.343 0.563 1.487 0.277 1.137 1.365 0.712 2.326 0.429 0.480 0.753 0.864 1.188 0.245 0.241 0.424 1.678 1.762 0.371 0.311 0.432 0.455 0.391 0.339 0.394 0.515 0.080 0.219 0.481 0.754 0.788 0.201 0.087 0.260 0.985 1.285 0.770 0.236 1.565 0.370 0.476 0.629 0.580 0.551 0.360 1.285 0.636 2.038 0.381 0.560 52.037 0.947 1.192 0.855 0.597 0.665 0.339 0.447 1.445 0.745 0.188 1.342 0.550 0.533 0.874 0.569 0.837 0.917 1.853 0.858 2.246 0.551 3.566 0.136 0.544 1.983 0.404 0.905 0.903 0.277 0.399 1.893 1.075 0.916 0.204 0.690 0.400 0.276 1.949 1.573 0.445 1.085 0.447 0.464 0.740 0.357 1.822 2.233 1.001 0.417 0.179 1.857 0.904 14.090 0.461 0.400 0.379 3.115 0.712 0.472 0.528 0.344 0.294 0.270 0.354 0.612 0.659 0.242 0.253 0.856 1.248 1.388 0.630 44.038 0.655 0.278 0.575 0.454 0.845 0.722 0.701 1.172 0.294 1.168 0.832 2.015 0.550 0.264 0.740 1.118 2.135 0.800 1.881 0.298 0.376 0.464 0.389 0.875 1.111 1.019 0.368 0.565 0.668 0.636 0.974 0.290 1.703 0.472 1.666 0.477 0.533 0.469 0.387 0.934 0.417 1.334 0.748 45.999 0.380 1.188 1.080 0.458 0.670 0.413 0.730 1.104 1.005 1.379 1.618 2.196 0.777 1.295 0.948 0.780 8.942 1.416 0.414 0.482 0.355 0.453 1.258 0.511 0.750 0.610 0.626 1.333 0.697 0.956 0.515 1.077 1.190 0.273 0.452 0.667 0.253 1.375 0.855 1.425 0.562 0.564 1.034 0.512 2.502 0.530 0.884 0.775 0.675 0.166 1.083 0.281 0.802 0.541 1.003 0.685 0.568 0.258 1.597 0.885 0.616 0.530 0.352 0.394 1.517 1.961 0.711 0.269 0.315 0.615 0.400 1.020 0.315 0.638 0.428 1.503 0.535 1.454 1.894 1.878 29.691 1.081 0.228 0.438 0.925 0.536 1.544 0.413 1.205 0.382 0.645 0.595 0.522 0.333 0.379 0.608 1.371 0.397 1.099 0.594 2.099 0.045 0.854 0.368 0.306 0.558 1.126 0.854 1.397 0.399 0.266 0.789 0.223 2.298 0.571 0.438 0.555 0.274 2.024 0.755 0.310 1.744 1.994 0.870 0.312 2.344 1.603 1.936 1.884 0.214 1.123 1.304 0.692 0.525 0.304 0.640 1.689 0.931 0.687 1.783 1.544 0.273 0.356 0.563 0.320 0.549 0.126 0.977 0.651 0.328 0.878 0.355 0.318 1.036 0.507 0.841 0.483 0.550 0.352 0.783 0.758 0.308 0.376 1.467 0.686 0.856 0.546 0.338 0.339 1.035 0.864 0.571 9.442 0.088 0.188 0.235 0.775 8.671 1.151 0.751 0.342 2.089 0.235 0.103 0.210 0.428 1.222 0.704 0.365 1.053 6.191 2.600 0.809 0.152 0.383 0.941 1.114 0.999 0.437 0.428 0.787 1.374 0.148 0.224 1.412 1.631 0.668 0.345 1.569 0.095 0.425 0.765 2.345 0.278 0.345 0.234 0.318 1.265 0.475 0.560 0.371 2.312 0.619 0.308 0.860 2.124 0.307 0.604 0.352 0.502 0.286 1.098 1.443 0.445 0.951 0.573 0.641 0.370 0.858 0.432 1.022 2.229 1.554 1.678 0.419 0.399 0.845 0.778 1.322 0.261 0.221 2.489 0.251 0.256 0.180 0.733 0.542 0.878 0.197 0.774 0.142 1.446 1.845 0.327 0.369 0.648 1.190 0.356 0.202 0.650 0.443 0.488 1.083 0.537 2.027 0.477 0.369 0.634 0.367 1.353 0.606 2.094 1.864 0.876 0.750 0.477 1.079 0.439 14.538 0.248 0.768 2.088 0.520 1.626 1.424 0.636 2.582 0.871 0.998 1.002 0.381 0.577 1.017 0.174 0.540 0.305 1.447 1.775 0.904 0.529 1.019 0.736 0.478 0.931 0.858 0.812 0.792 0.692 0.474 1.561 0.845 0.453 0.498 1.158 0.865 0.735 1.884 2.064 0.542 0.242 0.247 0.606 0.734 0.599 0.938 0.502 0.464 0.630 0.785 0.959 1.793 0.506 0.442 0.188 0.199 0.355 0.919 0.299 2.119 0.805 1.306 1.172 1.576 0.563 1.345 1.206 0.296 0.291 1.350 0.436 0.907 0.170 0.709 0.917 0.207 0.443 0.538 0.276 0.711 0.926 0.537 0.908 1.116 0.360 0.519 0.319 0.344 0.478 0.942 0.661 1.043 0.278 1.880 0.733 1.141 1.133 0.642 0.849 1.906 2.412 1.413 1.986 1.115 2.145 0.902 0.967 0.261 0.771 0.485 0.126 0.720 0.322 1.126 0.796 0.965 1.081 0.268 1.138 0.392 0.740 0.487 0.624 0.399 0.484 0.410 0.434 1.030 2.005 1.085 0.404 1.864 0.262 0.810 0.818 0.827 0.483 0.922 0.754 0.828 0.378 1.384 0.886 0.249 1.655 9.708 1.184 0.418 0.841 0.420 1.139 0.600 0.315 0.911 1.701 0.595 0.721 0.206 1.341 0.706 0.730 1.137 0.674 1.142 0.345 1.693 0.262 1.895 2.483 0.530 2.097 0.531 0.437 0.385 1.417 0.195 2.171 0.379 0.503 0.340 0.445 0.414 0.219 1.811 1.276 1.979 1.450 1.014 0.895 10.651 0.470 0.584 1.566 0.951 0.967 1.183 1.461 1.419 0.658 0.685 0.228 0.334 0.401 0.724 0.622 0.603 1.364 1.729 1.085 0.311 0.386 1.268 0.532 0.383 0.641 2.120 15.989 0.689 0.466 0.515 0.309 0.164 0.319 1.874 1.133 1.238 0.887 0.559 0.273 0.204 0.173 2.634 1.818 0.722 1.039 0.411 1.138 1.466 0.677 0.344 1.050 1.120 0.771 0.277 1.029 0.415 2.500 1.194 1.247 0.587 0.924 0.875 0.347 0.618 0.739 0.376 0.339 0.312 0.260 0.783 1.855 3.133 0.594 0.245 0.893 0.872 0.203 0.978 0.565
Parameters optimization took 31 rounds (136.174 sec)


WARNING: Estimated model parameters are at boundary that can cause numerical instability!

Time for fast ML tree search: 541.259 seconds

NOTE: ModelFinder requires 474 MB RAM!
Selecting individual models for 1513 charsets using BIC...
Full partition model BIC score: 12211307.800 (LnL: -5991616.383  df:16915)
Merging models to increase model fit (about 2287657 total partition schemes)...
NOTE: 3.119 seconds to dump checkpoint file, increase to 63.000
NOTE: 3.414 seconds to dump checkpoint file, increase to 69.000
NOTE: 3.717 seconds to dump checkpoint file, increase to 75.000
NOTE: 4.059 seconds to dump checkpoint file, increase to 82.000
NOTE: 4.428 seconds to dump checkpoint file, increase to 89.000
NOTE: 4.909 seconds to dump checkpoint file, increase to 99.000
NOTE: 5.314 seconds to dump checkpoint file, increase to 107.000
NOTE: 5.828 seconds to dump checkpoint file, increase to 117.000
NOTE: 6.367 seconds to dump checkpoint file, increase to 128.000
NOTE: 7.019 seconds to dump checkpoint file, increase to 141.000
NOTE: 7.663 seconds to dump checkpoint file, increase to 154.000
NOTE: 8.393 seconds to dump checkpoint file, increase to 168.000
NOTE: 9.267 seconds to dump checkpoint file, increase to 186.000
NOTE: 10.128 seconds to dump checkpoint file, increase to 203.000
NOTE: 11.164 seconds to dump checkpoint file, increase to 224.000
NOTE: 12.259 seconds to dump checkpoint file, increase to 246.000
NOTE: 13.445 seconds to dump checkpoint file, increase to 269.000
NOTE: 14.807 seconds to dump checkpoint file, increase to 297.000
NOTE: 16.317 seconds to dump checkpoint file, increase to 327.000
NOTE: 17.984 seconds to dump checkpoint file, increase to 360.000
NOTE: 19.821 seconds to dump checkpoint file, increase to 397.000
NOTE: 21.757 seconds to dump checkpoint file, increase to 436.000
NOTE: 24.034 seconds to dump checkpoint file, increase to 481.000
NOTE: 26.604 seconds to dump checkpoint file, increase to 533.000
NOTE: 29.300 seconds to dump checkpoint file, increase to 587.000
NOTE: 32.502 seconds to dump checkpoint file, increase to 651.000
NOTE: 35.971 seconds to dump checkpoint file, increase to 720.000
NOTE: 40.334 seconds to dump checkpoint file, increase to 807.000
NOTE: 44.320 seconds to dump checkpoint file, increase to 887.000
NOTE: 49.462 seconds to dump checkpoint file, increase to 990.000
NOTE: 55.335 seconds to dump checkpoint file, increase to 1107.000
NOTE: 61.864 seconds to dump checkpoint file, increase to 1238.000
NOTE: 69.189 seconds to dump checkpoint file, increase to 1384.000
NOTE: 77.476 seconds to dump checkpoint file, increase to 1550.000
NOTE: 87.282 seconds to dump checkpoint file, increase to 1746.000
NOTE: 98.436 seconds to dump checkpoint file, increase to 1969.000
NOTE: 111.532 seconds to dump checkpoint file, increase to 2231.000
NOTE: 129.550 seconds to dump checkpoint file, increase to 2591.000
756 compatible better partition pairs found
ModelFinder2	Fast Relaxed Algorithm	Step 1	1143828 Subsets	BIC 12105062.888	deltaBIC -106244.912
NOTE: 141.157 seconds to dump checkpoint file, increase to 2824.000
NOTE: 148.355 seconds to dump checkpoint file, increase to 2968.000
NOTE: 155.543 seconds to dump checkpoint file, increase to 3111.000
NOTE: 163.264 seconds to dump checkpoint file, increase to 3266.000
NOTE: 170.890 seconds to dump checkpoint file, increase to 3418.000
376 compatible better partition pairs found
ModelFinder2	Fast Relaxed Algorithm	Step 2	286146 Subsets	BIC 12060311.695	deltaBIC -44751.194
NOTE: 173.952 seconds to dump checkpoint file, increase to 3480.000
NOTE: 177.331 seconds to dump checkpoint file, increase to 3547.000
NOTE: 202.804 seconds to dump checkpoint file, increase to 4057.000
180 compatible better partition pairs found
ModelFinder2	Fast Relaxed Algorithm	Step 3	72380 Subsets	BIC 12043613.432	deltaBIC -16698.262
NOTE: 203.447 seconds to dump checkpoint file, increase to 4069.000
NOTE: 207.452 seconds to dump checkpoint file, increase to 4150.000
76 compatible better partition pairs found
ModelFinder2	Fast Relaxed Algorithm	Step 4	19890 Subsets	BIC 12039017.059	deltaBIC -4596.373
24 compatible better partition pairs found
ModelFinder2	Fast Relaxed Algorithm	Step 5	6574 Subsets	BIC 12038501.107	deltaBIC -515.952
2 compatible better partition pairs found
ModelFinder2	Fast Relaxed Algorithm	Step 6	2124 Subsets	BIC 12038453.948	deltaBIC -47.159
ModelFinder2	Fast Relaxed Algorithm	Step 7	195 Subsets	BIC 12038453.948	deltaBIC 0.000
Merging into 99 partitions...

No. Model        Score       Charset
   1 TPM2u+F+I+R2 184145.854  uce-111151.nexus+uce-111341.nexus+uce-111417.nexus+uce-111569.nexus+uce-111596.nexus+uce-112161.nexus+uce-113594.nexus+uce-113628.nexus+uce-113642.nexus+uce-1138.nexus+uce-114104.nexus+uce-114485.nexus+uce-114560.nexus+uce-114991.nexus+uce-115000.nexus+uce-115002.nexus+uce-115319.nexus+uce-115771.nexus+uce-115883.nexus+uce-116011.nexus+uce-116280.nexus+uce-1165.nexus+uce-11832.nexus+uce-11877.nexus+uce-2247.nexus+uce-2531.nexus+uce-2686.nexus+uce-3911031.nexus+uce-3911297.nexus+uce-3911833.nexus+uce-8.nexus+uce-990379.nexus	18h:25m:48s (9h:4m:44s left)
   2 TN+F+R3      136269.066  uce-11122.nexus+uce-111630.nexus+uce-1120.nexus+uce-11240.nexus+uce-112581.nexus+uce-112691.nexus+uce-112716.nexus+uce-113002.nexus+uce-113069.nexus+uce-113130.nexus+uce-113266.nexus+uce-113279.nexus+uce-113394.nexus+uce-11356.nexus+uce-114023.nexus+uce-114059.nexus+uce-114099.nexus+uce-114142.nexus+uce-114157.nexus+uce-114313.nexus+uce-115086.nexus+uce-115569.nexus+uce-116245.nexus+uce-11716.nexus+uce-11927.nexus+uce-11949.nexus+uce-2318.nexus+uce-3911924.nexus+uce-9901433.nexus+uce-9901719.nexus+uce-990292755.nexus+uce-990292922.nexus	18h:32m:22s (9h:7m:58s left)
   3 GTR+F+I+R3   139384.206  uce-111368.nexus+uce-111744.nexus+uce-111757.nexus+uce-111934.nexus+uce-112672.nexus+uce-112681.nexus+uce-113240.nexus+uce-113299.nexus+uce-11396.nexus+uce-114187.nexus+uce-114239.nexus+uce-114600.nexus+uce-114629.nexus+uce-115361.nexus+uce-116019.nexus+uce-116293.nexus+uce-11665.nexus+uce-11735.nexus+uce-11792.nexus+uce-2237.nexus+uce-3911271.nexus+uce-3911455.nexus+uce-3911738.nexus+uce-391196.nexus+uce-851.nexus+uce-9901217.nexus+uce-990283144.nexus+uce-990566.nexus	18h:32m:26s (9h:8m:0s left)
   4 TIM3+F+I+R3  154230.586  uce-111384.nexus+uce-111697.nexus+uce-111955.nexus+uce-112459.nexus+uce-112947.nexus+uce-114516.nexus+uce-114890.nexus+uce-115005.nexus+uce-115678.nexus+uce-115724.nexus+uce-116233.nexus+uce-11661.nexus+uce-11753.nexus+uce-2775.nexus+uce-349.nexus+uce-630.nexus	18h:33m:3s (9h:8m:18s left)
   5 GTR+F+R3     189667.506  uce-111452.nexus+uce-111534.nexus+uce-111539.nexus+uce-111709.nexus+uce-111733.nexus+uce-112532.nexus+uce-1128.nexus+uce-112892.nexus+uce-112985.nexus+uce-11319.nexus+uce-114063.nexus+uce-114332.nexus+uce-114389.nexus+uce-114434.nexus+uce-114911.nexus+uce-115477.nexus+uce-115865.nexus+uce-115970.nexus+uce-23.nexus+uce-2676.nexus+uce-3911198.nexus+uce-3911529.nexus+uce-3911605.nexus+uce-3911631.nexus+uce-3911798.nexus+uce-3911968.nexus+uce-524.nexus+uce-896.nexus+uce-990230.nexus+uce-990292857.nexus+uce-990440.nexus+uce-990907.nexus	18h:34m:40s (9h:9m:5s left)
   6 HKY+F+R3     138879.225  uce-111060.nexus+uce-111258.nexus+uce-111359.nexus+uce-111598.nexus+uce-111959.nexus+uce-112202.nexus+uce-112235.nexus+uce-112242.nexus+uce-112469.nexus+uce-112720.nexus+uce-112784.nexus+uce-113337.nexus+uce-114040.nexus+uce-114807.nexus+uce-115027.nexus+uce-116096.nexus+uce-11781.nexus+uce-2274.nexus+uce-2494.nexus+uce-783.nexus+uce-9901718.nexus+uce-990284669.nexus+uce-99029235.nexus+uce-990442.nexus	18h:39m:59s (9h:11m:43s left)
   7 TPM2u+F+I+R4 192445.678  uce-111044.nexus+uce-111432.nexus+uce-111694.nexus+uce-111902.nexus+uce-112718.nexus+uce-11273.nexus+uce-113842.nexus+uce-113949.nexus+uce-114144.nexus+uce-114321.nexus+uce-114885.nexus+uce-11510.nexus+uce-115252.nexus+uce-1199.nexus+uce-2471.nexus+uce-2520.nexus+uce-2726.nexus+uce-3911202.nexus+uce-3911399.nexus+uce-711.nexus+uce-718.nexus+uce-990292643.nexus+uce-99029509.nexus+uce-997.nexus	18h:40m:58s (9h:12m:12s left)
WARNING: Log-likelihood -85337.1 of TVMe+I+R5 worse than TVMe+I+R4 -85311.9
WARNING: Log-likelihood -85521.2 of TIM3e+I+R5 worse than TIM3e+I+R4 -85499.1
   8 HKY+F+R4     147685.898  uce-111163.nexus+uce-111171.nexus+uce-111188.nexus+uce-112859.nexus+uce-113143.nexus+uce-113465.nexus+uce-113510.nexus+uce-113571.nexus+uce-114027.nexus+uce-114292.nexus+uce-2121.nexus+uce-2429.nexus+uce-3911316.nexus+uce-9901382.nexus+uce-990291030.nexus	18h:49m:1s (9h:16m:9s left)
   9 TN+F+I+R4    181307.717  uce-111575.nexus+uce-112129.nexus+uce-112926.nexus+uce-113290.nexus+uce-11660.nexus+uce-1192.nexus+uce-2783.nexus+uce-391110.nexus+uce-391152.nexus+uce-3911799.nexus+uce-393.nexus+uce-773.nexus+uce-990150.nexus+uce-9901517.nexus+uce-99027118.nexus+uce-990623.nexus	18h:53m:58s (9h:18m:35s left)
  10 TVM+F+I+R4   181966.422  uce-11112.nexus+uce-112176.nexus+uce-112351.nexus+uce-113672.nexus+uce-11380.nexus+uce-114181.nexus+uce-114404.nexus+uce-114508.nexus+uce-11453.nexus+uce-115869.nexus+uce-116009.nexus+uce-2151.nexus+uce-2857.nexus+uce-3911695.nexus+uce-538.nexus+uce-990291528.nexus	18h:54m:28s (9h:18m:50s left)
  11 TIM+F+R3     152881.783  uce-111900.nexus+uce-112308.nexus+uce-112467.nexus+uce-112633.nexus+uce-112867.nexus+uce-113242.nexus+uce-11368.nexus+uce-113803.nexus+uce-114428.nexus+uce-114901.nexus+uce-115732.nexus+uce-115972.nexus+uce-11883.nexus+uce-2039.nexus+uce-3911216.nexus+uce-9901707.nexus	18h:56m:26s (9h:19m:49s left)
WARNING: Log-likelihood -85429.1 of TIM2e+I+R5 worse than TIM2e+I+R4 -85402.2
  12 TIM3+F+I+R5  209801.728  uce-112322.nexus+uce-112513.nexus+uce-112541.nexus+uce-112724.nexus+uce-113207.nexus+uce-113461.nexus+uce-113496.nexus+uce-113723.nexus+uce-114459.nexus+uce-115279.nexus+uce-115348.nexus+uce-115602.nexus+uce-115890.nexus+uce-11592.nexus+uce-115996.nexus+uce-116099.nexus+uce-116123.nexus+uce-2107.nexus+uce-3911424.nexus+uce-391170.nexus+uce-442.nexus+uce-9901427.nexus+uce-990292336.nexus+uce-990292489.nexus	18h:59m:31s (9h:21m:19s left)
  13 TN+F+R5      165163.676  uce-112638.nexus+uce-112989.nexus+uce-115330.nexus+uce-115932.nexus+uce-2551.nexus+uce-2656.nexus+uce-3911662.nexus+uce-482.nexus+uce-579.nexus+uce-657.nexus+uce-9901580.nexus+uce-9901680.nexus+uce-99021914.nexus+uce-990291430.nexus+uce-990292092.nexus+uce-990292297.nexus	19h:2m:13s (9h:22m:39s left)
  14 GTR+F+I+R4   194829.157  uce-111226.nexus+uce-111863.nexus+uce-112318.nexus+uce-112376.nexus+uce-113064.nexus+uce-114381.nexus+uce-114431.nexus+uce-116148.nexus+uce-2041.nexus+uce-2304.nexus+uce-3911490.nexus+uce-645.nexus+uce-990291289.nexus+uce-990292770.nexus+uce-99029898.nexus+uce-990414.nexus	19h:5m:17s (9h:24m:10s left)
  15 TIM+F+I+R4   152915.278  uce-111130.nexus+uce-112769.nexus+uce-112945.nexus+uce-115038.nexus+uce-116269.nexus+uce-2293.nexus+uce-250.nexus+uce-2577.nexus+uce-2688.nexus+uce-2883.nexus+uce-3911831.nexus+uce-444.nexus+uce-9901226.nexus+uce-99028567.nexus+uce-990292468.nexus+uce-99049.nexus	19h:6m:37s (9h:24m:49s left)
  16 GTR+F+I+R4   149353.136  uce-111074.nexus+uce-111352.nexus+uce-112157.nexus+uce-112181.nexus+uce-1125.nexus+uce-112774.nexus+uce-113282.nexus+uce-113293.nexus+uce-113396.nexus+uce-113741.nexus+uce-113838.nexus+uce-1139.nexus+uce-114478.nexus+uce-11523.nexus+uce-116101.nexus+uce-11737.nexus+uce-2105.nexus+uce-2844.nexus+uce-366.nexus+uce-3911614.nexus+uce-3911860.nexus+uce-633.nexus+uce-990291795.nexus+uce-990293179.nexus	19h:8m:16s (9h:25m:38s left)
  17 GTR+F+I+R3   138214.024  uce-111033.nexus+uce-111140.nexus+uce-111204.nexus+uce-111509.nexus+uce-114114.nexus+uce-2435.nexus+uce-2705.nexus+uce-2756.nexus+uce-369.nexus+uce-3911447.nexus+uce-3911890.nexus+uce-990287782.nexus+uce-990291766.nexus+uce-990293128.nexus+uce-99029763.nexus+uce-99029955.nexus	19h:9m:41s (9h:26m:20s left)
WARNING: Log-likelihood -85531 of TPM3+I+R5 worse than TPM3+I+R4 -85509.2
  18 GTR+F+I+R4   232903.671  uce-11114.nexus+uce-112068.nexus+uce-112085.nexus+uce-11213.nexus+uce-112225.nexus+uce-113036.nexus+uce-113676.nexus+uce-113813.nexus+uce-114124.nexus+uce-1144.nexus+uce-114453.nexus+uce-114806.nexus+uce-2301.nexus+uce-2312.nexus+uce-2501.nexus+uce-2503.nexus+uce-781.nexus+uce-990101.nexus+uce-99027712.nexus+uce-990282080.nexus+uce-990291284.nexus+uce-990292372.nexus+uce-990293230.nexus+uce-990488.nexus	19h:11m:35s (9h:27m:16s left)
  19 TVM+F+R4     150521.684  uce-111565.nexus+uce-111908.nexus+uce-112739.nexus+uce-113208.nexus+uce-114172.nexus+uce-114378.nexus+uce-114519.nexus+uce-114538.nexus+uce-114580.nexus+uce-114772.nexus+uce-114785.nexus+uce-115670.nexus+uce-11966.nexus+uce-2110.nexus+uce-3911559.nexus+uce-667.nexus	19h:13m:40s (9h:28m:17s left)
  20 TIM3+F+I+R4  147818.211  uce-113272.nexus+uce-113539.nexus+uce-113972.nexus+uce-114002.nexus+uce-114237.nexus+uce-114506.nexus+uce-114873.nexus+uce-2819.nexus+uce-411.nexus+uce-463.nexus+uce-9901141.nexus+uce-990272485.nexus+uce-990291555.nexus+uce-990291949.nexus+uce-990292469.nexus+uce-99029557.nexus	19h:14m:8s (9h:28m:31s left)
  21 TIM3+F+I+R3  119536.390  uce-111281.nexus+uce-111837.nexus+uce-112690.nexus+uce-113035.nexus+uce-113706.nexus+uce-11487.nexus+uce-114973.nexus+uce-115008.nexus+uce-115625.nexus+uce-115690.nexus+uce-116083.nexus+uce-116188.nexus+uce-731.nexus+uce-99021997.nexus+uce-990291573.nexus+uce-990292026.nexus	19h:15m:15s (9h:29m:4s left)
  22 TVM+F+R4     233383.033  uce-111079.nexus+uce-111500.nexus+uce-111801.nexus+uce-112073.nexus+uce-112548.nexus+uce-112552.nexus+uce-112874.nexus+uce-112886.nexus+uce-112983.nexus+uce-114061.nexus+uce-114975.nexus+uce-115023.nexus+uce-116162.nexus+uce-2275.nexus+uce-2592.nexus+uce-889.nexus+uce-9901095.nexus+uce-9901432.nexus+uce-9901734.nexus+uce-990291039.nexus+uce-990291493.nexus+uce-990430.nexus+uce-990964.nexus+uce-992.nexus	19h:17m:53s (9h:30m:22s left)
WARNING: Log-likelihood -85439.3 of TPM2+I+R5 worse than TPM2+I+R4 -85412.9
WARNING: Log-likelihood -105437 of TVM+F+R5 worse than TVM+F+R4 -105433
  23 GTR+F+R5     166797.868  uce-11202.nexus+uce-112078.nexus+uce-112586.nexus+uce-115324.nexus+uce-115615.nexus+uce-11953.nexus+uce-2325.nexus+uce-2664.nexus+uce-2861.nexus+uce-3911615.nexus+uce-471.nexus+uce-990167.nexus+uce-990291261.nexus+uce-99029266.nexus	19h:22m:32s (9h:32m:39s left)
  24 HKY+F+I+R3   97529.409   uce-11163.nexus+uce-112527.nexus+uce-112692.nexus+uce-113021.nexus+uce-113852.nexus+uce-114258.nexus+uce-114311.nexus+uce-114819.nexus+uce-115591.nexus+uce-115607.nexus+uce-116061.nexus+uce-11726.nexus+uce-2490.nexus+uce-3911230.nexus+uce-47.nexus+uce-784.nexus+uce-805.nexus+uce-990291536.nexus+uce-990291871.nexus+uce-990350.nexus	19h:22m:55s (9h:32m:50s left)
  25 GTR+F+I+R4   127404.133  uce-112184.nexus+uce-112186.nexus+uce-11223.nexus+uce-112538.nexus+uce-112550.nexus+uce-112582.nexus+uce-114678.nexus+uce-114818.nexus+uce-115011.nexus+uce-115151.nexus+uce-3911419.nexus+uce-990287027.nexus+uce-990287495.nexus+uce-990291255.nexus+uce-990291786.nexus+uce-990716.nexus	19h:23m:38s (9h:33m:11s left)
  26 TPM3u+F+I+R4 125056.892  uce-111951.nexus+uce-112843.nexus+uce-113088.nexus+uce-113138.nexus+uce-113405.nexus+uce-113633.nexus+uce-113893.nexus+uce-114388.nexus+uce-115576.nexus+uce-115841.nexus+uce-3911002.nexus+uce-3911137.nexus+uce-3911959.nexus+uce-813.nexus+uce-99029853.nexus+uce-990782.nexus	19h:28m:16s (9h:35m:28s left)
  27 K3Pu+F+I+R4  119432.982  uce-111294.nexus+uce-113651.nexus+uce-114018.nexus+uce-114451.nexus+uce-115131.nexus+uce-116125.nexus+uce-2597.nexus+uce-3911645.nexus+uce-3911707.nexus+uce-3911963.nexus+uce-699.nexus+uce-990292576.nexus	19h:28m:44s (9h:35m:42s left)
  28 TIM3+F+R4    138309.318  uce-111358.nexus+uce-112165.nexus+uce-112905.nexus+uce-112931.nexus+uce-11309.nexus+uce-114288.nexus+uce-114665.nexus+uce-114850.nexus+uce-115112.nexus+uce-115300.nexus+uce-116073.nexus+uce-11983.nexus+uce-2185.nexus+uce-9901185.nexus+uce-99027519.nexus+uce-990437.nexus	19h:31m:53s (9h:37m:15s left)
  29 GTR+F+I+R4   122680.855  uce-111645.nexus+uce-114586.nexus+uce-114619.nexus+uce-115888.nexus+uce-11996.nexus+uce-29.nexus+uce-743.nexus+uce-99029273.nexus+uce-990292953.nexus+uce-99042.nexus+uce-990527.nexus+uce-990555.nexus	19h:33m:25s (9h:38m:0s left)
  30 GTR+F+I+R4   119127.282  uce-111199.nexus+uce-111876.nexus+uce-111978.nexus+uce-112263.nexus+uce-112730.nexus+uce-113629.nexus+uce-113790.nexus+uce-114927.nexus+uce-115538.nexus+uce-11732.nexus+uce-374.nexus+uce-3911315.nexus	19h:34m:42s (9h:38m:38s left)
  31 TIM2+F+R4    321022.809  uce-11141.nexus+uce-112363.nexus+uce-112531.nexus+uce-112696.nexus+uce-112834.nexus+uce-113544.nexus+uce-113561.nexus+uce-113580.nexus+uce-113641.nexus+uce-113763.nexus+uce-113827.nexus+uce-114242.nexus+uce-114668.nexus+uce-114820.nexus+uce-115159.nexus+uce-115240.nexus+uce-115379.nexus+uce-115672.nexus+uce-115788.nexus+uce-115821.nexus+uce-116142.nexus+uce-116191.nexus+uce-11838.nexus+uce-11897.nexus+uce-11994.nexus+uce-2081.nexus+uce-2401.nexus+uce-2689.nexus+uce-350.nexus+uce-3911017.nexus+uce-3911721.nexus+uce-703.nexus+uce-967.nexus+uce-9901590.nexus+uce-990180.nexus+uce-990252.nexus+uce-990286523.nexus+uce-990291417.nexus+uce-990291805.nexus+uce-990292271.nexus	19h:35m:49s (9h:39m:11s left)
  32 HKY+F+R4     296339.153  uce-111164.nexus+uce-11121.nexus+uce-111754.nexus+uce-11187.nexus+uce-1123.nexus+uce-112344.nexus+uce-112590.nexus+uce-112721.nexus+uce-112783.nexus+uce-112909.nexus+uce-113120.nexus+uce-113131.nexus+uce-113162.nexus+uce-113173.nexus+uce-113460.nexus+uce-113686.nexus+uce-114004.nexus+uce-114190.nexus+uce-11481.nexus+uce-114841.nexus+uce-115074.nexus+uce-115082.nexus+uce-115238.nexus+uce-115321.nexus+uce-115687.nexus+uce-115789.nexus+uce-1173.nexus+uce-11756.nexus+uce-2032.nexus+uce-357.nexus+uce-3911102.nexus+uce-391185.nexus+uce-3911882.nexus+uce-573.nexus+uce-926.nexus+uce-9901465.nexus+uce-990291675.nexus+uce-99029279.nexus+uce-990292873.nexus+uce-990669.nexus	19h:36m:55s (9h:39m:43s left)
  33 TVM+F+I+R4   108552.467  uce-111070.nexus+uce-111644.nexus+uce-112199.nexus+uce-112374.nexus+uce-113653.nexus+uce-113926.nexus+uce-115441.nexus+uce-115747.nexus+uce-11590.nexus+uce-116220.nexus+uce-2846.nexus+uce-324.nexus+uce-3911535.nexus+uce-3911883.nexus+uce-990291980.nexus+uce-990845.nexus	19h:38m:29s (9h:40m:30s left)
  34 GTR+F+I+R3   84338.393   uce-111282.nexus+uce-111590.nexus+uce-111811.nexus+uce-112065.nexus+uce-112514.nexus+uce-113696.nexus+uce-113945.nexus+uce-114252.nexus+uce-114533.nexus+uce-116014.nexus+uce-11619.nexus+uce-11845.nexus+uce-2702.nexus+uce-760.nexus+uce-9901493.nexus+uce-990291456.nexus	19h:39m:32s (9h:41m:1s left)
  35 GTR+F+R4     160541.974  uce-111220.nexus+uce-111528.nexus+uce-112666.nexus+uce-114490.nexus+uce-116160.nexus+uce-2048.nexus+uce-2215.nexus+uce-2287.nexus+uce-3911001.nexus+uce-3911200.nexus+uce-3911499.nexus+uce-3911644.nexus+uce-695.nexus+uce-9901553.nexus+uce-990291004.nexus+uce-990293160.nexus	19h:40m:16s (9h:41m:23s left)
  36 TIM2+F+R4    133496.040  uce-112857.nexus+uce-11290.nexus+uce-113078.nexus+uce-114581.nexus+uce-114766.nexus+uce-114835.nexus+uce-2049.nexus+uce-2258.nexus+uce-379.nexus+uce-3911143.nexus+uce-391195.nexus+uce-3911990.nexus+uce-780.nexus+uce-9901549.nexus+uce-990583.nexus+uce-990745.nexus	19h:41m:18s (9h:41m:53s left)
  37 TPM3u+F+R3   91309.858   uce-111138.nexus+uce-11160.nexus+uce-112277.nexus+uce-112820.nexus+uce-11376.nexus+uce-115634.nexus+uce-11615.nexus+uce-11809.nexus+uce-2731.nexus+uce-3911284.nexus+uce-3911502.nexus+uce-3911582.nexus+uce-624.nexus+uce-9901437.nexus+uce-990292528.nexus+uce-99029645.nexus	19h:41m:52s (9h:42m:9s left)
WARNING: Log-likelihood -105426 of TIM3+F+R5 worse than TIM3+F+R4 -105423
WARNING: Log-likelihood -87813.4 of JC+I+R5 worse than JC+I+R4 -87790
  38 TIM2+F+I+R4  170000.507  uce-111527.nexus+uce-111868.nexus+uce-111976.nexus+uce-112043.nexus+uce-112259.nexus+uce-114298.nexus+uce-114445.nexus+uce-114895.nexus+uce-115194.nexus+uce-2829.nexus+uce-3911752.nexus+uce-990287.nexus+uce-990291466.nexus+uce-990423.nexus+uce-990635.nexus+uce-990959.nexus	19h:44m:42s (9h:43m:33s left)
  39 GTR+F+I+R3   74285.876   uce-112083.nexus+uce-11288.nexus+uce-113128.nexus+uce-113784.nexus+uce-114554.nexus+uce-115566.nexus+uce-115765.nexus+uce-1168.nexus+uce-2585.nexus+uce-2817.nexus+uce-3911528.nexus+uce-970.nexus+uce-9901749.nexus+uce-99029272.nexus+uce-990292913.nexus+uce-990293516.nexus	19h:45m:22s (9h:43m:53s left)
  40 TIM+F+R4     289225.583  uce-112034.nexus+uce-112683.nexus+uce-112941.nexus+uce-113153.nexus+uce-113615.nexus+uce-114202.nexus+uce-114247.nexus+uce-115364.nexus+uce-11657.nexus+uce-11931.nexus+uce-2070.nexus+uce-2206.nexus+uce-2255.nexus+uce-2588.nexus+uce-2691.nexus+uce-2797.nexus+uce-3911005.nexus+uce-3911164.nexus+uce-3911604.nexus+uce-3911829.nexus+uce-990142.nexus+uce-99021919.nexus+uce-990291517.nexus+uce-990763.nexus	19h:47m:53s (9h:45m:7s left)
  41 TPM3u+F+R4   80739.456   uce-113830.nexus+uce-116006.nexus+uce-11930.nexus+uce-363.nexus+uce-3911526.nexus+uce-404.nexus+uce-625.nexus+uce-990292074.nexus	19h:48m:39s (9h:45m:30s left)
  42 TPM2u+F+R4   109190.606  uce-112067.nexus+uce-112767.nexus+uce-113437.nexus+uce-114042.nexus+uce-115770.nexus+uce-2082.nexus+uce-3911011.nexus+uce-9901303.nexus	19h:49m:1s (9h:45m:40s left)
  43 TIM+F+R5     233252.588  uce-111214.nexus+uce-111715.nexus+uce-112213.nexus+uce-112348.nexus+uce-112495.nexus+uce-11262.nexus+uce-112654.nexus+uce-112944.nexus+uce-113104.nexus+uce-11324.nexus+uce-113733.nexus+uce-113755.nexus+uce-114418.nexus+uce-114465.nexus+uce-114775.nexus+uce-115350.nexus+uce-11875.nexus+uce-2276.nexus+uce-2361.nexus+uce-2423.nexus+uce-2836.nexus+uce-3911247.nexus+uce-3911301.nexus+uce-391142.nexus+uce-3911478.nexus+uce-3911676.nexus+uce-599.nexus+uce-669.nexus+uce-913.nexus+uce-99028944.nexus+uce-99029107.nexus+uce-990292782.nexus	19h:49m:46s (9h:46m:2s left)
  44 TVM+F+R4     84718.701   uce-114141.nexus+uce-114844.nexus+uce-11696.nexus+uce-2581.nexus+uce-416.nexus+uce-709.nexus+uce-990287217.nexus+uce-99029561.nexus	19h:52m:9s (9h:47m:13s left)
  45 TIM+F+I+R4   93521.804   uce-114462.nexus+uce-114836.nexus+uce-116117.nexus+uce-2164.nexus+uce-2673.nexus+uce-2796.nexus+uce-9901447.nexus+uce-99029745.nexus	19h:53m:26s (9h:47m:51s left)
  46 TPM2u+F+R5   147534.671  uce-111553.nexus+uce-112714.nexus+uce-112990.nexus+uce-113739.nexus+uce-114210.nexus+uce-114441.nexus+uce-2813.nexus+uce-325.nexus+uce-3911327.nexus+uce-3911612.nexus+uce-9901325.nexus+uce-9907.nexus	19h:54m:47s (9h:48m:30s left)
  47 TPM3u+F+R4   99088.461   uce-113735.nexus+uce-115999.nexus+uce-2248.nexus+uce-3911462.nexus+uce-759.nexus+uce-990272495.nexus+uce-990293141.nexus+uce-99029558.nexus	19h:55m:18s (9h:48m:46s left)
  48 TVM+F+R4     84244.389   uce-11136.nexus+uce-112525.nexus+uce-112801.nexus+uce-113332.nexus+uce-113335.nexus+uce-2666.nexus+uce-2694.nexus+uce-3911353.nexus+uce-3911386.nexus+uce-730.nexus+uce-9901479.nexus+uce-990291364.nexus	19h:55m:50s (9h:49m:2s left)
  49 TIM3+F+I+R2  41344.336   uce-111512.nexus+uce-111542.nexus+uce-111730.nexus+uce-112122.nexus+uce-112674.nexus+uce-112986.nexus+uce-113150.nexus+uce-113439.nexus+uce-113802.nexus+uce-113884.nexus+uce-114199.nexus+uce-114244.nexus+uce-114436.nexus+uce-114598.nexus+uce-114753.nexus+uce-114792.nexus+uce-115551.nexus+uce-11884.nexus+uce-3911491.nexus+uce-826.nexus	19h:56m:9s (9h:49m:11s left)
  50 TVM+F+I+R3   56715.151   uce-111387.nexus+uce-112483.nexus+uce-112567.nexus+uce-113149.nexus+uce-113237.nexus+uce-114606.nexus+uce-114878.nexus+uce-115712.nexus+uce-115802.nexus+uce-11612.nexus+uce-116227.nexus+uce-11890.nexus+uce-2632.nexus+uce-3911507.nexus+uce-3911564.nexus+uce-3911797.nexus+uce-3911828.nexus+uce-3911925.nexus+uce-597.nexus+uce-990505.nexus	19h:56m:18s (9h:49m:15s left)
  51 TIM3+F+R3    52508.329   uce-111623.nexus+uce-111774.nexus+uce-111784.nexus+uce-112998.nexus+uce-113869.nexus+uce-11428.nexus+uce-114523.nexus+uce-11920.nexus+uce-2180.nexus+uce-407.nexus+uce-819.nexus+uce-990286040.nexus+uce-99029138.nexus+uce-990291424.nexus+uce-990292441.nexus+uce-990822.nexus	19h:57m:20s (9h:49m:46s left)
  52 TIM2+F+R5    134952.280  uce-112958.nexus+uce-112981.nexus+uce-114006.nexus+uce-114087.nexus+uce-11779.nexus+uce-3911063.nexus+uce-391116.nexus+uce-3911172.nexus+uce-3911763.nexus+uce-3911793.nexus+uce-816.nexus+uce-990292016.nexus+uce-990292461.nexus+uce-990292682.nexus+uce-990293066.nexus+uce-990783.nexus	19h:57m:53s (9h:50m:2s left)
  53 TIM+F+I+R3   63817.699   uce-111264.nexus+uce-111550.nexus+uce-114486.nexus+uce-115722.nexus+uce-1177.nexus+uce-2700.nexus+uce-3911124.nexus+uce-990293014.nexus	19h:57m:54s (9h:50m:2s left)
  54 TPM2u+F+R4   90038.953   uce-111353.nexus+uce-111503.nexus+uce-112029.nexus+uce-112076.nexus+uce-113154.nexus+uce-113692.nexus+uce-11739.nexus+uce-756.nexus	19h:58m:39s (9h:50m:24s left)
WARNING: Log-likelihood -105444 of TIM2+F+R5 worse than TIM2+F+R4 -105441
  55 TPM2u+F+I+R3 61189.635   uce-111037.nexus+uce-11285.nexus+uce-114425.nexus+uce-115021.nexus+uce-990284308.nexus+uce-990291951.nexus+uce-990292364.nexus+uce-990293079.nexus	20h:2m:18s (9h:52m:12s left)
  56 GTR+F+I+R2   57139.960   uce-112159.nexus+uce-11379.nexus+uce-114019.nexus+uce-114021.nexus+uce-2430.nexus+uce-3911161.nexus+uce-9901635.nexus+uce-990291601.nexus	20h:2m:30s (9h:52m:18s left)
WARNING: Log-likelihood -33355.6 of TVM+F+R5 worse than TVM+F+R4 -33342.5
  57 GTR+F+R4     85854.240   uce-112877.nexus+uce-115421.nexus+uce-1157.nexus+uce-11593.nexus+uce-2030.nexus+uce-3911326.nexus	20h:2m:32s (9h:52m:19s left)
  58 HKY+F+I+R3   80250.062   uce-111031.nexus+uce-111180.nexus+uce-111265.nexus+uce-112240.nexus+uce-112689.nexus+uce-113083.nexus+uce-113649.nexus+uce-114339.nexus+uce-115043.nexus+uce-115578.nexus+uce-115966.nexus+uce-116112.nexus+uce-116292.nexus+uce-679.nexus+uce-990286931.nexus+uce-991.nexus	20h:2m:35s (9h:52m:20s left)
  59 TIM2+F+I+R4  75667.317   uce-2282.nexus+uce-391120.nexus+uce-3911544.nexus+uce-9901234.nexus+uce-990291787.nexus+uce-990292146.nexus	20h:3m:12s (9h:52m:38s left)
  60 TVM+F+I+R4   69623.027   uce-11232.nexus+uce-112515.nexus+uce-112516.nexus+uce-113054.nexus+uce-113200.nexus+uce-11395.nexus+uce-116164.nexus+uce-2848.nexus+uce-3911294.nexus+uce-415.nexus+uce-9901490.nexus+uce-9901674.nexus+uce-990287079.nexus+uce-990291311.nexus+uce-990292215.nexus+uce-990293405.nexus	20h:3m:39s (9h:52m:52s left)
  61 HKY+F+R4     100312.341  uce-112433.nexus+uce-112726.nexus+uce-114184.nexus+uce-115088.nexus+uce-116063.nexus+uce-3911746.nexus+uce-99029113.nexus+uce-990291152.nexus+uce-990291257.nexus+uce-990292334.nexus+uce-99029386.nexus+uce-990556.nexus	20h:4m:31s (9h:53m:17s left)
  62 TPM3u+F+R3   58643.652   uce-111179.nexus+uce-111297.nexus+uce-111633.nexus+uce-113097.nexus+uce-113669.nexus+uce-115736.nexus+uce-116278.nexus+uce-2095.nexus+uce-2450.nexus+uce-3911138.nexus+uce-3911354.nexus+uce-3911540.nexus+uce-806.nexus+uce-897.nexus+uce-990240.nexus+uce-990473.nexus	20h:5m:3s (9h:53m:33s left)
  63 TIM3+F+I+R4  69485.270   uce-11745.nexus+uce-11795.nexus+uce-2735.nexus+uce-3911254.nexus+uce-3911703.nexus+uce-835.nexus+uce-9901697.nexus+uce-990291283.nexus	20h:5m:54s (9h:53m:58s left)
  64 TN+F+I+R2    34912.640   uce-112015.nexus+uce-112555.nexus+uce-113850.nexus+uce-114352.nexus+uce-11606.nexus+uce-116291.nexus+uce-468.nexus+uce-6.nexus	20h:6m:34s (9h:54m:18s left)
  65 TVM+F+I+R4   67760.922   uce-112055.nexus+uce-112180.nexus+uce-112650.nexus+uce-116064.nexus+uce-2284.nexus+uce-9901286.nexus+uce-99029911.nexus+uce-990702.nexus	20h:6m:35s (9h:54m:18s left)
  66 GTR+F+I+R4   58361.392   uce-112030.nexus+uce-112375.nexus+uce-113577.nexus+uce-115512.nexus+uce-116012.nexus+uce-3911936.nexus+uce-990291258.nexus+uce-990291416.nexus	20h:6m:46s (9h:54m:23s left)
  67 TVM+F+I+R4   50609.442   uce-11207.nexus+uce-113018.nexus+uce-581.nexus+uce-990874.nexus	20h:7m:44s (9h:54m:52s left)
  68 GTR+F+R4     96027.097   uce-11279.nexus+uce-113423.nexus+uce-116289.nexus+uce-2054.nexus+uce-2202.nexus+uce-2538.nexus+uce-2770.nexus+uce-3911094.nexus+uce-3911175.nexus+uce-3911281.nexus+uce-3911977.nexus+uce-632.nexus+uce-990136.nexus+uce-9901424.nexus+uce-990271701.nexus+uce-990881.nexus	20h:7m:54s (9h:54m:57s left)
  69 TVM+F+I+R4   183447.254  uce-11155.nexus+uce-111831.nexus+uce-112710.nexus+uce-113650.nexus+uce-11574.nexus+uce-115835.nexus+uce-116114.nexus+uce-2580.nexus+uce-3911125.nexus+uce-39113.nexus+uce-3911858.nexus+uce-91.nexus+uce-9901739.nexus+uce-990291584.nexus+uce-990292019.nexus+uce-990292422.nexus	20h:8m:36s (9h:55m:17s left)
WARNING: Log-likelihood -33394.5 of TPM2u+F+R5 worse than TPM2u+F+R4 -33380.7
  70 GTR+F+I+R3   34487.609   uce-11234.nexus+uce-11942.nexus+uce-351.nexus+uce-3911086.nexus+uce-3911325.nexus+uce-391149.nexus+uce-3911808.nexus+uce-3911903.nexus	20h:9m:38s (9h:55m:48s left)
  71 TIM3+F+R4    64214.963   uce-111346.nexus+uce-111723.nexus+uce-111885.nexus+uce-114590.nexus+uce-115577.nexus+uce-115944.nexus+uce-990199.nexus+uce-990575.nexus	20h:10m:10s (9h:56m:3s left)
  72 TVM+F+I+R4   39518.387   uce-115616.nexus+uce-116085.nexus+uce-266.nexus+uce-3911601.nexus+uce-3911692.nexus+uce-3911949.nexus+uce-477.nexus+uce-99029334.nexus	20h:10m:17s (9h:56m:7s left)
  73 TN+F+R2      21164.081   uce-113630.nexus+uce-115054.nexus+uce-115363.nexus+uce-11924.nexus+uce-3911748.nexus+uce-3911909.nexus+uce-3911972.nexus+uce-540.nexus	20h:10m:24s (9h:56m:10s left)
  74 TIM+F+R5     44102.996   uce-114908.nexus+uce-3911105.nexus+uce-990291093.nexus+uce-990293012.nexus	20h:10m:36s (9h:56m:16s left)
WARNING: Log-likelihood -10453.9 of GTR+F+I+R5 worse than GTR+F+I+R4 -10441
  75 TN+F+R4      83096.951   uce-111501.nexus+uce-111870.nexus+uce-111991.nexus+uce-11382.nexus+uce-2142.nexus+uce-2285.nexus+uce-2315.nexus+uce-2327.nexus+uce-391146.nexus+uce-3911588.nexus+uce-3911811.nexus+uce-435.nexus+uce-729.nexus+uce-9901119.nexus+uce-990291353.nexus+uce-990291922.nexus	20h:11m:0s (9h:56m:28s left)
  76 GTR+F+I+R4   20996.284   uce-116025.nexus+uce-2150.nexus+uce-3911595.nexus+uce-399.nexus	20h:11m:6s (9h:56m:31s left)
  77 GTR+F+R5     71187.262   uce-114657.nexus+uce-115037.nexus+uce-2426.nexus+uce-9901039.nexus+uce-9901702.nexus+uce-990272486.nexus+uce-990292506.nexus+uce-990292638.nexus	20h:11m:15s (9h:56m:35s left)
  78 TVM+F+R4     43212.154   uce-11173.nexus+uce-115909.nexus+uce-2728.nexus+uce-3911052.nexus+uce-3911489.nexus+uce-3911888.nexus+uce-9901451.nexus+uce-990292490.nexus	20h:11m:40s (9h:56m:48s left)
  79 TVM+F+I+R4   27589.218   uce-114084.nexus+uce-2170.nexus	20h:11m:49s (9h:56m:52s left)
  80 GTR+F+R4     40344.367   uce-11402.nexus+uce-114809.nexus+uce-3911522.nexus+uce-890.nexus	20h:12m:24s (9h:57m:9s left)
  81 K3Pu+F+R5    96708.624   uce-112005.nexus+uce-112785.nexus+uce-113825.nexus+uce-114488.nexus+uce-114952.nexus+uce-2514.nexus+uce-990291312.nexus+uce-990476.nexus	20h:12m:25s (9h:57m:9s left)
  82 K3Pu+F+R4    29230.389   uce-112534.nexus+uce-113740.nexus+uce-2141.nexus+uce-753.nexus	20h:12m:26s (9h:57m:10s left)
  83 TVM+F+R4     42603.113   uce-113089.nexus+uce-115743.nexus+uce-4.nexus+uce-661.nexus	20h:12m:35s (9h:57m:14s left)
  84 TN+F+R4      85412.317   uce-111969.nexus+uce-1121.nexus+uce-112125.nexus+uce-113031.nexus+uce-113587.nexus+uce-114203.nexus+uce-115033.nexus+uce-217.nexus+uce-284.nexus+uce-650.nexus+uce-9901308.nexus+uce-9901461.nexus	20h:13m:4s (9h:57m:28s left)
  85 TIM+F+I+R3   30824.019   uce-111077.nexus+uce-11300.nexus+uce-11321.nexus+uce-113480.nexus+uce-821.nexus+uce-9901733.nexus+uce-990272371.nexus+uce-990496.nexus	20h:13m:21s (9h:57m:37s left)
  86 TIM3+F+R5    42545.426   uce-114439.nexus+uce-3911329.nexus+uce-798.nexus+uce-9901596.nexus	20h:13m:32s (9h:57m:42s left)
  87 TVM+F+R4     53333.714   uce-111707.nexus+uce-11263.nexus+uce-114432.nexus+uce-116105.nexus+uce-2197.nexus+uce-39114.nexus+uce-945.nexus+uce-9901047.nexus	20h:13m:43s (9h:57m:47s left)
  88 GTR+F+I+R4   62437.554   uce-11143.nexus+uce-344.nexus+uce-3911250.nexus+uce-9901208.nexus+uce-990291828.nexus+uce-990292153.nexus+uce-990293013.nexus+uce-990846.nexus	20h:13m:50s (9h:57m:51s left)
  89 GTR+F+R4     66698.439   uce-111363.nexus+uce-111726.nexus+uce-113462.nexus+uce-2476.nexus+uce-3911685.nexus+uce-9901015.nexus+uce-990285527.nexus+uce-990293510.nexus	20h:14m:50s (9h:58m:20s left)
  90 TPM3u+F+I+R3 128838.837  uce-112587.nexus+uce-112605.nexus+uce-112695.nexus+uce-112924.nexus+uce-114031.nexus+uce-114400.nexus+uce-114579.nexus+uce-114687.nexus+uce-114864.nexus+uce-115115.nexus+uce-115356.nexus+uce-11725.nexus+uce-11872.nexus+uce-2541.nexus+uce-2738.nexus+uce-990818.nexus	20h:15m:3s (9h:58m:26s left)
WARNING: Log-likelihood -105445 of TIM+F+R5 worse than TIM+F+R4 -105442
  91 GTR+F+R4     43723.167   uce-111532.nexus+uce-111647.nexus+uce-113657.nexus+uce-1137.nexus+uce-114221.nexus+uce-2290.nexus+uce-315.nexus+uce-990284045.nexus+uce-99028804.nexus+uce-990293580.nexus+uce-99029477.nexus+uce-990804.nexus	20h:17m:20s (9h:59m:34s left)
  92 TIM3+F+R4    209833.120  uce-111048.nexus+uce-111089.nexus+uce-111228.nexus+uce-111537.nexus+uce-111937.nexus+uce-113063.nexus+uce-113115.nexus+uce-113545.nexus+uce-114126.nexus+uce-114297.nexus+uce-114531.nexus+uce-115181.nexus+uce-116206.nexus+uce-11740.nexus+uce-3911256.nexus+uce-3911430.nexus+uce-3911817.nexus+uce-3911993.nexus+uce-677.nexus+uce-9901736.nexus+uce-990292325.nexus+uce-990292417.nexus+uce-990292467.nexus+uce-990738.nexus	20h:18m:22s (10h:0m:4s left)
  93 TIM+F+R4     232010.573  uce-111692.nexus+uce-11177.nexus+uce-113011.nexus+uce-11313.nexus+uce-113617.nexus+uce-11384.nexus+uce-114528.nexus+uce-115010.nexus+uce-115426.nexus+uce-115622.nexus+uce-11604.nexus+uce-116267.nexus+uce-11793.nexus+uce-11985.nexus+uce-2025.nexus+uce-3911099.nexus+uce-3911514.nexus+uce-391157.nexus+uce-3911730.nexus+uce-3911805.nexus+uce-3911868.nexus+uce-9901241.nexus+uce-990289938.nexus+uce-990293126.nexus	20h:19m:15s (10h:0m:30s left)
WARNING: Log-likelihood -105438 of TPM3u+F+R5 worse than TPM3u+F+R4 -105434
  94 TN+F+R4      87649.828   uce-1117.nexus+uce-11270.nexus+uce-113139.nexus+uce-114419.nexus+uce-2281.nexus+uce-3911014.nexus+uce-3911279.nexus+uce-391159.nexus+uce-3911975.nexus+uce-652.nexus+uce-857.nexus+uce-990282763.nexus+uce-990292112.nexus+uce-990311.nexus+uce-990627.nexus+uce-990820.nexus	20h:28m:54s (10h:5m:16s left)
  95 TIM3+F+R5    252837.132  uce-112927.nexus+uce-113232.nexus+uce-113486.nexus+uce-113681.nexus+uce-114346.nexus+uce-114444.nexus+uce-115207.nexus+uce-11796.nexus+uce-2359.nexus+uce-2751.nexus+uce-288.nexus+uce-3911587.nexus+uce-3911616.nexus+uce-3911854.nexus+uce-830.nexus+uce-952.nexus+uce-9901043.nexus+uce-99021920.nexus+uce-990272316.nexus+uce-990283790.nexus+uce-990292925.nexus+uce-990293287.nexus	20h:34m:3s (10h:7m:48s left)
WARNING: Log-likelihood -105455 of TPM2u+F+R5 worse than TPM2u+F+R4 -105451
WARNING: Log-likelihood -106048 of TPM2+R5 worse than TPM2+R4 -106047
WARNING: Log-likelihood -105456 of K3Pu+F+R5 worse than K3Pu+F+R4 -105452
  96 TPM2u+F+R4   307973.052  uce-111524.nexus+uce-11159.nexus+uce-111790.nexus+uce-111888.nexus+uce-112317.nexus+uce-112327.nexus+uce-112556.nexus+uce-112746.nexus+uce-112846.nexus+uce-113132.nexus+uce-113764.nexus+uce-114033.nexus+uce-115126.nexus+uce-115705.nexus+uce-115859.nexus+uce-115991.nexus+uce-116250.nexus+uce-11768.nexus+uce-11904.nexus+uce-2052.nexus+uce-209.nexus+uce-2125.nexus+uce-2507.nexus+uce-2712.nexus+uce-2837.nexus+uce-3911025.nexus+uce-948.nexus+uce-98.nexus+uce-9901434.nexus+uce-9901613.nexus+uce-990291657.nexus+uce-99029939.nexus	20h:48m:21s (10h:14m:50s left)
WARNING: Log-likelihood -106102 of K3P+R5 worse than K3P+R4 -106101
WARNING: Log-likelihood -105445 of TN+F+R5 worse than TN+F+R4 -105442
  97 TIM2+F+R4    219236.348  uce-111008.nexus+uce-111194.nexus+uce-11272.nexus+uce-113193.nexus+uce-113263.nexus+uce-113399.nexus+uce-113679.nexus+uce-113726.nexus+uce-114348.nexus+uce-114735.nexus+uce-114856.nexus+uce-115633.nexus+uce-2288.nexus+uce-2601.nexus+uce-348.nexus+uce-3911107.nexus+uce-3911384.nexus+uce-3911411.nexus+uce-3911674.nexus+uce-3911994.nexus+uce-815.nexus+uce-9901622.nexus+uce-99021935.nexus+uce-990286819.nexus+uce-990291695.nexus+uce-990291965.nexus+uce-990292714.nexus+uce-99029969.nexus	20h:55m:19s (10h:18m:16s left)
WARNING: Log-likelihood -105456 of HKY+F+R5 worse than HKY+F+R4 -105452
WARNING: Log-likelihood -106105 of K2P+R5 worse than K2P+R4 -106104
WARNING: Log-likelihood -106793 of F81+F+R5 worse than F81+F+R4 -106790
WARNING: Log-likelihood -107320 of JC+R5 worse than JC+R4 -107319
  98 TIM3+F+I+R3  210969.678  uce-111040.nexus+uce-111105.nexus+uce-111109.nexus+uce-11113.nexus+uce-111229.nexus+uce-11132.nexus+uce-111762.nexus+uce-112192.nexus+uce-112601.nexus+uce-112955.nexus+uce-11299.nexus+uce-113499.nexus+uce-113670.nexus+uce-113725.nexus+uce-115004.nexus+uce-115009.nexus+uce-115048.nexus+uce-115113.nexus+uce-115981.nexus+uce-11627.nexus+uce-2080.nexus+uce-2436.nexus+uce-2446.nexus+uce-2469.nexus+uce-35.nexus+uce-3911145.nexus+uce-3911715.nexus+uce-3911788.nexus+uce-663.nexus+uce-987.nexus+uce-990287507.nexus+uce-990292500.nexus	21h:18m:58s (10h:29m:55s left)
  99 TIM3+F+R5    253509.884  uce-111094.nexus+uce-111193.nexus+uce-111403.nexus+uce-111413.nexus+uce-111770.nexus+uce-112009.nexus+uce-112062.nexus+uce-112251.nexus+uce-112569.nexus+uce-112741.nexus+uce-113203.nexus+uce-113680.nexus+uce-114069.nexus+uce-114340.nexus+uce-115105.nexus+uce-115664.nexus+uce-115782.nexus+uce-115858.nexus+uce-116196.nexus+uce-116259.nexus+uce-11962.nexus+uce-278.nexus+uce-2794.nexus+uce-3911457.nexus+uce-3911877.nexus+uce-410.nexus+uce-76.nexus+uce-990291733.nexus+uce-99029381.nexus+uce-99029663.nexus+uce-99029774.nexus+uce-990767.nexus	21h:39m:50s (10h:40m:11s left)
Best partition model BIC score: 11916006.149 (LnL: -5947256.648  df:1594)
Partition information was printed to /scratch/nmnh_corals/connellym/projects/etp_pocillopora_gskim/outputs/iqtree/representative_5X_phyluce_iqtree/iqtree_representative_5X_phyluce_iqtree_50.best_scheme.nex
Partition information in Raxml format was printed to /scratch/nmnh_corals/connellym/projects/etp_pocillopora_gskim/outputs/iqtree/representative_5X_phyluce_iqtree/iqtree_representative_5X_phyluce_iqtree_50.best_scheme

All model information printed to /scratch/nmnh_corals/connellym/projects/etp_pocillopora_gskim/outputs/iqtree/representative_5X_phyluce_iqtree/iqtree_representative_5X_phyluce_iqtree_50.model.gz
CPU time for ModelFinder: 1680008.844 seconds (466h:40m:8s)
Wall-clock time for ModelFinder: 78730.578 seconds (21h:52m:10s)
Generating 1000 samples for ultrafast bootstrap (seed: 23791)...

NOTE: 8340 MB RAM (8 GB) is required!
Estimate model parameters (epsilon = 0.100)
Initial log-likelihood: -5947269.320
Current log-likelihood at step 1: -5947057.293
Current log-likelihood at step 2: -5947043.224
Current log-likelihood at step 3: -5947038.144
Current log-likelihood at step 4: -5947033.897
Current log-likelihood at step 5: -5947030.181
Current log-likelihood at step 6: -5947026.847
Current log-likelihood at step 7: -5947023.828
Current log-likelihood at step 8: -5947021.061
Current log-likelihood at step 9: -5947018.500
Current log-likelihood at step 10: -5947016.122
Current log-likelihood at step 11: -5947013.876
Current log-likelihood at step 12: -5947011.785
Current log-likelihood at step 13: -5947009.823
Current log-likelihood at step 14: -5947007.973
Current log-likelihood at step 15: -5947006.199
Current log-likelihood at step 16: -5947004.513
Current log-likelihood at step 17: -5947002.899
Current log-likelihood at step 18: -5947001.382
Current log-likelihood at step 19: -5946999.925
Current log-likelihood at step 20: -5946998.528
Current log-likelihood at step 21: -5946997.178
Current log-likelihood at step 22: -5946995.888
Current log-likelihood at step 23: -5946994.648
Current log-likelihood at step 24: -5946993.457
Current log-likelihood at step 25: -5946992.321
Current log-likelihood at step 26: -5946991.220
Current log-likelihood at step 27: -5946990.159
Current log-likelihood at step 28: -5946989.142
Current log-likelihood at step 29: -5946988.152
Current log-likelihood at step 30: -5946987.210
Current log-likelihood at step 31: -5946986.287
Current log-likelihood at step 32: -5946985.392
Current log-likelihood at step 33: -5946984.525
Current log-likelihood at step 34: -5946983.693
Current log-likelihood at step 35: -5946982.889
Current log-likelihood at step 36: -5946982.104
Current log-likelihood at step 37: -5946981.341
Current log-likelihood at step 38: -5946980.615
Current log-likelihood at step 39: -5946979.894
Current log-likelihood at step 40: -5946979.196
Current log-likelihood at step 41: -5946978.534
Current log-likelihood at step 42: -5946977.885
Current log-likelihood at step 43: -5946977.242
Current log-likelihood at step 44: -5946976.617
Current log-likelihood at step 45: -5946976.026
Current log-likelihood at step 46: -5946975.456
Current log-likelihood at step 47: -5946974.889
Current log-likelihood at step 48: -5946974.353
Current log-likelihood at step 49: -5946973.812
Current log-likelihood at step 50: -5946973.312
Current log-likelihood at step 51: -5946972.826
Current log-likelihood at step 52: -5946972.354
Current log-likelihood at step 53: -5946971.877
Current log-likelihood at step 54: -5946971.423
Current log-likelihood at step 55: -5946970.978
Current log-likelihood at step 56: -5946970.562
Current log-likelihood at step 57: -5946970.141
Current log-likelihood at step 58: -5946969.731
Current log-likelihood at step 59: -5946969.344
Current log-likelihood at step 60: -5946968.984
Current log-likelihood at step 61: -5946968.623
Current log-likelihood at step 62: -5946968.266
Current log-likelihood at step 63: -5946967.934
Current log-likelihood at step 64: -5946967.603
Current log-likelihood at step 65: -5946967.279
Current log-likelihood at step 66: -5946966.967
Current log-likelihood at step 67: -5946966.658
Current log-likelihood at step 68: -5946966.367
Current log-likelihood at step 69: -5946966.080
Current log-likelihood at step 70: -5946965.794
Current log-likelihood at step 71: -5946965.521
Current log-likelihood at step 72: -5946965.262
Current log-likelihood at step 73: -5946965.001
Current log-likelihood at step 74: -5946964.743
Current log-likelihood at step 75: -5946964.507
Current log-likelihood at step 76: -5946964.265
Current log-likelihood at step 77: -5946964.043
Current log-likelihood at step 78: -5946963.821
Current log-likelihood at step 79: -5946963.612
Current log-likelihood at step 80: -5946963.403
Current log-likelihood at step 81: -5946963.207
Current log-likelihood at step 82: -5946963.000
Current log-likelihood at step 83: -5946962.800
Current log-likelihood at step 84: -5946962.620
Current log-likelihood at step 85: -5946962.438
Current log-likelihood at step 86: -5946962.271
Current log-likelihood at step 87: -5946962.105
Current log-likelihood at step 88: -5946961.946
Current log-likelihood at step 89: -5946961.780
Current log-likelihood at step 90: -5946961.627
Current log-likelihood at step 91: -5946961.484
Current log-likelihood at step 92: -5946961.327
Current log-likelihood at step 93: -5946961.186
Current log-likelihood at step 94: -5946961.052
Current log-likelihood at step 95: -5946960.913
Current log-likelihood at step 96: -5946960.785
Current log-likelihood at step 97: -5946960.655
Current log-likelihood at step 98: -5946960.517
Current log-likelihood at step 99: -5946960.408
Partition-specific rates:  0.810 0.444 0.917 1.030 0.612 0.906 0.994 0.440 0.904 0.961 0.769 1.182 0.670 1.560 1.128 0.563 1.440 0.555 1.246 0.781 0.385 1.419 0.640 0.369 1.345 2.005 0.946 0.677 0.625 1.599 1.126 1.527 0.922 0.950 0.947 0.531 0.873 0.383 0.773 1.398 0.515 0.758 0.194 1.109 1.422 0.491 1.283 2.522 0.959 1.416 0.282 0.468 1.315 0.915 0.510 1.075 1.179 0.963 0.911 0.893 2.177 0.332 1.923 0.963 1.474 1.516 1.961 2.367 0.559 0.723 1.125 0.862 0.978 0.912 1.036 1.503 0.762 1.261 0.814 1.192 2.047 1.708 1.070 2.190 1.285 0.183 1.603 1.300 1.482 3.400 1.495 2.408 1.642 1.725 2.117 1.371 1.391 1.538 2.373
Parameters optimization took 99 rounds (666.603 sec)

Wrote distance file to... 
Computing ML distances based on estimated model parameters...
Calculating distance matrix: done in 0.000552926 secs using 127% CPU
Computing ML distances took 0.000662 sec (of wall-clock time) 0.000812 sec (of CPU time)
Setting up auxiliary I and S matrices: done in 0.00163407 secs using 451.6% CPU
Computing RapidNJ tree took 0.222207 sec (of wall-clock time) 1.730535 sec (of CPU time)
Log-likelihood of RapidNJ tree: -7107988.562
--------------------------------------------------------------------
|             INITIALIZING CANDIDATE TREE SET                      |
--------------------------------------------------------------------
Generating 98 parsimony trees... 982.075 second
Computing log-likelihood of 98 initial trees ... 304.692 seconds
Current best score: -5946960.408

Do NNI search on 20 best initial trees
Estimate model parameters (epsilon = 0.100)
Initial log-likelihood: -5946911.868
Current log-likelihood at step 1: -5946908.723
Current log-likelihood at step 2: -5946907.962
Current log-likelihood at step 3: -5946907.547
Current log-likelihood at step 4: -5946907.271
Current log-likelihood at step 5: -5946907.042
Current log-likelihood at step 6: -5946906.845
Current log-likelihood at step 7: -5946906.680
Current log-likelihood at step 8: -5946906.500
Current log-likelihood at step 9: -5946906.359
Current log-likelihood at step 10: -5946906.221
Current log-likelihood at step 11: -5946906.094
Current log-likelihood at step 12: -5946905.956
Current log-likelihood at step 13: -5946905.833
Current log-likelihood at step 14: -5946905.711
Current log-likelihood at step 15: -5946905.598
Current log-likelihood at step 16: -5946905.488
Current log-likelihood at step 17: -5946905.389
Parameters optimization took 16 rounds (99.449 sec)

BETTER TREE FOUND at iteration 1: -5946905.389
Estimate model parameters (epsilon = 0.100)
Initial log-likelihood: -5946827.151
Current log-likelihood at step 1: -5946813.550
Current log-likelihood at step 2: -5946811.162
Current log-likelihood at step 3: -5946809.979
Current log-likelihood at step 4: -5946809.241
Current log-likelihood at step 5: -5946808.686
Current log-likelihood at step 6: -5946808.267
Current log-likelihood at step 7: -5946807.903
Current log-likelihood at step 8: -5946807.603
Current log-likelihood at step 9: -5946807.347
Current log-likelihood at step 10: -5946807.114
Current log-likelihood at step 11: -5946806.894
Current log-likelihood at step 12: -5946806.704
Current log-likelihood at step 13: -5946806.531
Current log-likelihood at step 14: -5946806.364
Current log-likelihood at step 15: -5946806.226
Current log-likelihood at step 16: -5946806.073
Current log-likelihood at step 17: -5946805.938
Current log-likelihood at step 18: -5946805.813
Current log-likelihood at step 19: -5946805.681
Current log-likelihood at step 20: -5946805.581
Parameters optimization took 19 rounds (129.465 sec)

BETTER TREE FOUND at iteration 9: -5946805.581
Iteration 10 / LogL: -5947287.352 / Time: 22h:35m:16s
Iteration 20 / LogL: -5946834.839 / Time: 22h:41m:39s
Finish initializing candidate tree set (20)
Current best tree score: -5946805.581 / CPU time: 2262.719
Number of iterations: 20
--------------------------------------------------------------------
|               OPTIMIZING CANDIDATE TREE SET                      |
--------------------------------------------------------------------
Iteration 30 / LogL: -5947268.521 / Time: 22h:48m:53s (2h:34m:30s left)
Estimate model parameters (epsilon = 0.100)
Initial log-likelihood: -5946775.575
Current log-likelihood at step 1: -5946759.809
Current log-likelihood at step 2: -5946757.208
Current log-likelihood at step 3: -5946756.053
Current log-likelihood at step 4: -5946755.350
Current log-likelihood at step 5: -5946754.845
Current log-likelihood at step 6: -5946754.458
Current log-likelihood at step 7: -5946754.149
Current log-likelihood at step 8: -5946753.887
Current log-likelihood at step 9: -5946753.658
Current log-likelihood at step 10: -5946753.472
Current log-likelihood at step 11: -5946753.285
Current log-likelihood at step 12: -5946753.120
Current log-likelihood at step 13: -5946752.977
Current log-likelihood at step 14: -5946752.852
Current log-likelihood at step 15: -5946752.710
Current log-likelihood at step 16: -5946752.597
Current log-likelihood at step 17: -5946752.490
Current log-likelihood at step 18: -5946752.380
Current log-likelihood at step 19: -5946752.285
Parameters optimization took 18 rounds (114.294 sec)

BETTER TREE FOUND at iteration 35: -5946752.285
Iteration 40 / LogL: -5946848.990 / Time: 22h:57m:36s (2h:39m:23s left)
Iteration 50 / LogL: -5946838.091 / Time: 23h:4m:57s (2h:6m:15s left)
Log-likelihood cutoff on original alignment: -5947309.970
Estimate model parameters (epsilon = 0.100)
Initial log-likelihood: -5946742.163
Current log-likelihood at step 1: -5946741.402
Current log-likelihood at step 2: -5946741.240
Current log-likelihood at step 3: -5946741.141
Parameters optimization took 2 rounds (18.490 sec)

BETTER TREE FOUND at iteration 54: -5946741.141
Iteration 60 / LogL: -5973651.384 / Time: 23h:11m:32s (2h:6m:25s left)
Estimate model parameters (epsilon = 0.100)
Initial log-likelihood: -5946678.431
Current log-likelihood at step 1: -5946672.750
Current log-likelihood at step 2: -5946671.684
Current log-likelihood at step 3: -5946671.178
Current log-likelihood at step 4: -5946670.839
Current log-likelihood at step 5: -5946670.601
Current log-likelihood at step 6: -5946670.404
Current log-likelihood at step 7: -5946670.246
Current log-likelihood at step 8: -5946670.108
Current log-likelihood at step 9: -5946669.993
Current log-likelihood at step 10: -5946669.890
Current log-likelihood at step 11: -5946669.789
Current log-likelihood at step 12: -5946669.690
Parameters optimization took 11 rounds (67.931 sec)

BETTER TREE FOUND at iteration 62: -5946669.690
Iteration 70 / LogL: -5947315.807 / Time: 23h:20m:5s (1h:57m:13s left)
Iteration 80 / LogL: -5946798.695 / Time: 23h:27m:31s (1h:38m:57s left)
Iteration 90 / LogL: -5947109.274 / Time: 23h:34m:38s (1h:22m:53s left)
Iteration 100 / LogL: -5946685.128 / Time: 23h:41m:5s (1h:8m:12s left)
Log-likelihood cutoff on original alignment: -5947243.947
NOTE: Bootstrap correlation coefficient of split occurrence frequencies: 0.987
NOTE: UFBoot does not converge, continue at least 100 more iterations
Estimate model parameters (epsilon = 0.100)
Initial log-likelihood: -5946602.809
Current log-likelihood at step 1: -5946595.484
Current log-likelihood at step 2: -5946594.332
Current log-likelihood at step 3: -5946593.763
Current log-likelihood at step 4: -5946593.339
Current log-likelihood at step 5: -5946593.019
Current log-likelihood at step 6: -5946592.724
Current log-likelihood at step 7: -5946592.455
Current log-likelihood at step 8: -5946592.206
Current log-likelihood at step 9: -5946591.986
Current log-likelihood at step 10: -5946591.770
Current log-likelihood at step 11: -5946591.564
Current log-likelihood at step 12: -5946591.356
Current log-likelihood at step 13: -5946591.160
Current log-likelihood at step 14: -5946590.947
Current log-likelihood at step 15: -5946590.739
Current log-likelihood at step 16: -5946590.536
Current log-likelihood at step 17: -5946590.326
Current log-likelihood at step 18: -5946590.104
Current log-likelihood at step 19: -5946589.862
Current log-likelihood at step 20: -5946589.609
Current log-likelihood at step 21: -5946589.352
Current log-likelihood at step 22: -5946589.079
Current log-likelihood at step 23: -5946588.781
Current log-likelihood at step 24: -5946588.470
Current log-likelihood at step 25: -5946588.158
Current log-likelihood at step 26: -5946587.847
Current log-likelihood at step 27: -5946587.543
Current log-likelihood at step 28: -5946587.267
Current log-likelihood at step 29: -5946586.997
Current log-likelihood at step 30: -5946586.760
Current log-likelihood at step 31: -5946586.560
Current log-likelihood at step 32: -5946586.394
Current log-likelihood at step 33: -5946586.266
Current log-likelihood at step 34: -5946586.150
Current log-likelihood at step 35: -5946586.049
Current log-likelihood at step 36: -5946585.969
Parameters optimization took 35 rounds (189.651 sec)

BETTER TREE FOUND at iteration 106: -5946585.969
Iteration 110 / LogL: -5946907.056 / Time: 23h:51m:7s (1h:44m:46s left)
Iteration 120 / LogL: -5946818.102 / Time: 23h:58m:16s (1h:31m:7s left)
Iteration 130 / LogL: -5946672.888 / Time: 24h:5m:4s (1h:18m:17s left)
Iteration 140 / LogL: -5946708.886 / Time: 24h:12m:24s (1h:6m:34s left)
Iteration 150 / LogL: -5947133.213 / Time: 24h:19m:15s (0h:55m:16s left)
Log-likelihood cutoff on original alignment: -5947231.903
Iteration 160 / LogL: -5946722.985 / Time: 24h:27m:3s (0h:44m:48s left)
Iteration 170 / LogL: -5946739.716 / Time: 24h:34m:16s (0h:34m:31s left)
Iteration 180 / LogL: -5947112.704 / Time: 24h:40m:58s (0h:24m:31s left)
Estimate model parameters (epsilon = 0.100)
Initial log-likelihood: -5946572.207
Current log-likelihood at step 1: -5946565.407
Current log-likelihood at step 2: -5946564.039
Current log-likelihood at step 3: -5946563.367
Current log-likelihood at step 4: -5946562.934
Current log-likelihood at step 5: -5946562.629
Current log-likelihood at step 6: -5946562.400
Current log-likelihood at step 7: -5946562.198
Current log-likelihood at step 8: -5946562.039
Current log-likelihood at step 9: -5946561.884
Current log-likelihood at step 10: -5946561.764
Current log-likelihood at step 11: -5946561.656
Current log-likelihood at step 12: -5946561.547
Current log-likelihood at step 13: -5946561.448
Parameters optimization took 12 rounds (73.920 sec)

BETTER TREE FOUND at iteration 187: -5946561.448
Iteration 190 / LogL: -5946778.710 / Time: 24h:49m:6s (1h:30m:48s left)
Iteration 200 / LogL: -5946993.769 / Time: 24h:55m:50s (1h:20m:17s left)
Log-likelihood cutoff on original alignment: -5947231.903
NOTE: Bootstrap correlation coefficient of split occurrence frequencies: 0.980
NOTE: UFBoot does not converge, continue at least 100 more iterations
Estimate model parameters (epsilon = 0.100)
Initial log-likelihood: -5946546.826
Current log-likelihood at step 1: -5946543.637
Current log-likelihood at step 2: -5946543.159
Current log-likelihood at step 3: -5946542.919
Current log-likelihood at step 4: -5946542.757
Current log-likelihood at step 5: -5946542.628
Current log-likelihood at step 6: -5946542.528
Parameters optimization took 5 rounds (35.723 sec)

BETTER TREE FOUND at iteration 204: -5946542.528
Iteration 210 / LogL: -5946662.245 / Time: 25h:3m:16s (1h:25m:56s left)
Iteration 220 / LogL: -5946651.516 / Time: 25h:10m:29s (1h:16m:4s left)
Iteration 230 / LogL: -5946713.029 / Time: 25h:17m:36s (1h:6m:23s left)
Iteration 240 / LogL: -5946976.885 / Time: 25h:24m:45s (0h:56m:55s left)
Estimate model parameters (epsilon = 0.100)
Initial log-likelihood: -5946509.724
Current log-likelihood at step 1: -5946498.193
Current log-likelihood at step 2: -5946496.383
Current log-likelihood at step 3: -5946495.585
Current log-likelihood at step 4: -5946495.115
Current log-likelihood at step 5: -5946494.789
Current log-likelihood at step 6: -5946494.550
Current log-likelihood at step 7: -5946494.352
Current log-likelihood at step 8: -5946494.184
Current log-likelihood at step 9: -5946494.057
Current log-likelihood at step 10: -5946493.925
Current log-likelihood at step 11: -5946493.823
Current log-likelihood at step 12: -5946493.739
Parameters optimization took 11 rounds (70.387 sec)

BETTER TREE FOUND at iteration 241: -5946493.739
Iteration 250 / LogL: -5946948.065 / Time: 25h:32m:47s (1h:20m:37s left)
Log-likelihood cutoff on original alignment: -5947216.779
Iteration 260 / LogL: -5947139.641 / Time: 25h:39m:44s (1h:11m:10s left)
Iteration 270 / LogL: -5947077.154 / Time: 25h:47m:17s (1h:2m:3s left)
Iteration 280 / LogL: -5947409.441 / Time: 25h:54m:42s (0h:53m:1s left)
Iteration 290 / LogL: -5947504.053 / Time: 26h:2m:3s (0h:44m:5s left)
Iteration 300 / LogL: -5946764.853 / Time: 26h:9m:54s (0h:35m:20s left)
Log-likelihood cutoff on original alignment: -5947216.779
NOTE: Bootstrap correlation coefficient of split occurrence frequencies: 0.987
NOTE: UFBoot does not converge, continue at least 100 more iterations
Iteration 310 / LogL: -5946571.873 / Time: 26h:17m:5s (1h:17m:9s left)
Iteration 320 / LogL: -5946509.383 / Time: 26h:24m:52s (1h:8m:23s left)
Iteration 330 / LogL: -5947078.594 / Time: 26h:32m:10s (0h:59m:34s left)
Iteration 340 / LogL: -5946783.034 / Time: 26h:39m:45s (0h:50m:54s left)
Iteration 350 / LogL: -5946607.588 / Time: 26h:47m:7s (0h:42m:15s left)
Log-likelihood cutoff on original alignment: -5947216.779
Iteration 360 / LogL: -5946853.317 / Time: 26h:54m:45s (0h:33m:42s left)
Iteration 370 / LogL: -5946784.795 / Time: 27h:2m:22s (0h:25m:13s left)
Iteration 380 / LogL: -5946798.242 / Time: 27h:9m:55s (0h:16m:46s left)
Estimate model parameters (epsilon = 0.100)
Initial log-likelihood: -5946493.542
Current log-likelihood at step 1: -5946492.830
Current log-likelihood at step 2: -5946492.686
Current log-likelihood at step 3: -5946492.595
Parameters optimization took 2 rounds (18.614 sec)

BETTER TREE FOUND at iteration 385: -5946492.595
Iteration 390 / LogL: -5947074.131 / Time: 27h:17m:35s (1h:19m:28s left)
Iteration 400 / LogL: -5947320.023 / Time: 27h:24m:39s (1h:10m:49s left)
Log-likelihood cutoff on original alignment: -5947216.779
NOTE: Bootstrap correlation coefficient of split occurrence frequencies: 0.984
NOTE: UFBoot does not converge, continue at least 100 more iterations
Iteration 410 / LogL: -5946694.935 / Time: 27h:32m:15s (1h:14m:50s left)
Iteration 420 / LogL: -5946592.873 / Time: 27h:39m:12s (1h:6m:15s left)
Iteration 430 / LogL: -5947055.288 / Time: 27h:45m:53s (0h:57m:42s left)
Iteration 440 / LogL: -5947251.336 / Time: 27h:53m:6s (0h:49m:19s left)
Estimate model parameters (epsilon = 0.100)
Initial log-likelihood: -5946486.965
Current log-likelihood at step 1: -5946483.815
Current log-likelihood at step 2: -5946483.489
Current log-likelihood at step 3: -5946483.332
Current log-likelihood at step 4: -5946483.222
Current log-likelihood at step 5: -5946483.147
Parameters optimization took 4 rounds (29.321 sec)

BETTER TREE FOUND at iteration 442: -5946483.147
Iteration 450 / LogL: -5946569.810 / Time: 28h:0m:48s (1h:15m:31s left)
Log-likelihood cutoff on original alignment: -5947216.779
Iteration 460 / LogL: -5946710.172 / Time: 28h:7m:50s (1h:7m:6s left)
Iteration 470 / LogL: -5946680.002 / Time: 28h:15m:7s (0h:58m:47s left)
Iteration 480 / LogL: -5946948.474 / Time: 28h:22m:35s (0h:50m:32s left)
NOTE: 10.085 seconds to dump checkpoint file, increase to 202.000
Iteration 490 / LogL: -5946615.482 / Time: 28h:30m:21s (0h:42m:20s left)
Iteration 500 / LogL: -5946545.606 / Time: 28h:37m:12s (0h:34m:5s left)
Log-likelihood cutoff on original alignment: -5947216.779
NOTE: Bootstrap correlation coefficient of split occurrence frequencies: 0.994
Iteration 510 / LogL: -5947430.530 / Time: 28h:44m:23s (1h:12m:53s left)
Iteration 520 / LogL: -5946866.170 / Time: 28h:51m:18s (1h:4m:36s left)
Iteration 530 / LogL: -5946736.923 / Time: 28h:58m:26s (0h:56m:24s left)
Iteration 540 / LogL: -5946514.119 / Time: 29h:5m:13s (0h:48m:12s left)
TREE SEARCH COMPLETED AFTER 543 ITERATIONS / Time: 29h:7m:26s

--------------------------------------------------------------------
|                    FINALIZING TREE SEARCH                        |
--------------------------------------------------------------------
Performs final model parameters optimization
Estimate model parameters (epsilon = 0.010)
Initial log-likelihood: -5946483.147
Current log-likelihood at step 1: -5946483.072
Current log-likelihood at step 2: -5946483.008
Current log-likelihood at step 3: -5946482.947
Current log-likelihood at step 4: -5946482.899
Current log-likelihood at step 5: -5946482.856
Current log-likelihood at step 6: -5946482.813
Current log-likelihood at step 7: -5946482.773
Current log-likelihood at step 8: -5946482.736
Current log-likelihood at step 9: -5946482.695
Current log-likelihood at step 10: -5946482.656
Current log-likelihood at step 11: -5946482.626
Current log-likelihood at step 12: -5946482.591
Current log-likelihood at step 13: -5946482.558
Current log-likelihood at step 14: -5946482.525
Current log-likelihood at step 15: -5946482.489
Current log-likelihood at step 16: -5946482.466
Current log-likelihood at step 17: -5946482.440
Current log-likelihood at step 18: -5946482.411
Current log-likelihood at step 19: -5946482.382
Current log-likelihood at step 20: -5946482.352
Current log-likelihood at step 21: -5946482.325
Current log-likelihood at step 22: -5946482.302
Current log-likelihood at step 23: -5946482.276
Current log-likelihood at step 24: -5946482.246
Current log-likelihood at step 25: -5946482.222
Current log-likelihood at step 26: -5946482.198
Current log-likelihood at step 27: -5946482.176
Current log-likelihood at step 28: -5946482.145
Current log-likelihood at step 29: -5946482.121
Current log-likelihood at step 30: -5946482.101
Current log-likelihood at step 31: -5946482.077
Current log-likelihood at step 32: -5946482.053
Current log-likelihood at step 33: -5946482.031
Current log-likelihood at step 34: -5946482.008
Current log-likelihood at step 35: -5946481.990
Current log-likelihood at step 36: -5946481.967
Current log-likelihood at step 37: -5946481.948
Current log-likelihood at step 38: -5946481.927
Current log-likelihood at step 39: -5946481.906
Current log-likelihood at step 40: -5946481.884
Current log-likelihood at step 41: -5946481.866
Current log-likelihood at step 42: -5946481.848
Current log-likelihood at step 43: -5946481.830
Current log-likelihood at step 44: -5946481.811
Current log-likelihood at step 45: -5946481.797
Current log-likelihood at step 46: -5946481.779
Current log-likelihood at step 47: -5946481.767
Current log-likelihood at step 48: -5946481.750
Current log-likelihood at step 49: -5946481.735
Current log-likelihood at step 50: -5946481.720
Current log-likelihood at step 51: -5946481.705
Current log-likelihood at step 52: -5946481.689
Current log-likelihood at step 53: -5946481.677
Current log-likelihood at step 54: -5946481.664
Current log-likelihood at step 55: -5946481.651
Current log-likelihood at step 56: -5946481.636
Current log-likelihood at step 57: -5946481.628
Partition-specific rates:  0.808 0.444 0.914 1.032 0.612 0.906 0.999 0.440 0.902 0.956 0.762 1.185 0.671 1.559 1.125 0.565 1.442 0.555 1.246 0.782 0.384 1.415 0.639 0.369 1.339 1.992 0.946 0.677 0.624 1.601 1.123 1.519 0.923 0.953 0.947 0.533 0.873 0.381 0.772 1.409 0.518 0.761 0.194 1.110 1.424 0.490 1.284 2.552 0.958 1.403 0.281 0.468 1.320 0.918 0.509 1.078 1.175 0.964 0.910 0.896 2.195 0.332 1.920 0.955 1.479 1.514 1.955 2.349 0.559 0.720 1.121 0.861 0.980 0.909 1.034 1.514 0.762 1.262 0.811 1.195 2.053 1.714 1.069 2.188 1.273 0.183 1.600 1.294 1.476 3.449 1.489 2.356 1.646 1.728 2.129 1.373 1.383 1.533 2.367
Parameters optimization took 56 rounds (298.387 sec)

Partition information was printed to /scratch/nmnh_corals/connellym/projects/etp_pocillopora_gskim/outputs/iqtree/representative_5X_phyluce_iqtree/iqtree_representative_5X_phyluce_iqtree_50.best_model.nex
BEST SCORE FOUND : -5946481.628

Testing tree branches by SH-like aLRT with 1000 replicates...
76.743 sec.
Creating bootstrap support values...
Split supports printed to NEXUS file /scratch/nmnh_corals/connellym/projects/etp_pocillopora_gskim/outputs/iqtree/representative_5X_phyluce_iqtree/iqtree_representative_5X_phyluce_iqtree_50.splits.nex
Total tree length: 1.744

Total number of iterations: 543
CPU time used for tree search: 580408.739 sec (161h:13m:28s)
Wall-clock time used for tree search: 25410.081 sec (7h:3m:30s)
Total CPU time used: 2283259.624 sec (634h:14m:19s)
Total wall-clock time used: 105222.457 sec (29h:13m:42s)

Computing bootstrap consensus tree...
Reading input file /scratch/nmnh_corals/connellym/projects/etp_pocillopora_gskim/outputs/iqtree/representative_5X_phyluce_iqtree/iqtree_representative_5X_phyluce_iqtree_50.splits.nex...
138 taxa and 466 splits.
Consensus tree written to /scratch/nmnh_corals/connellym/projects/etp_pocillopora_gskim/outputs/iqtree/representative_5X_phyluce_iqtree/iqtree_representative_5X_phyluce_iqtree_50.contree
Reading input trees file /scratch/nmnh_corals/connellym/projects/etp_pocillopora_gskim/outputs/iqtree/representative_5X_phyluce_iqtree/iqtree_representative_5X_phyluce_iqtree_50.contree
Log-likelihood of consensus tree: -5946570.890

Analysis results written to: 
  IQ-TREE report:                /scratch/nmnh_corals/connellym/projects/etp_pocillopora_gskim/outputs/iqtree/representative_5X_phyluce_iqtree/iqtree_representative_5X_phyluce_iqtree_50.iqtree
  Maximum-likelihood tree:       /scratch/nmnh_corals/connellym/projects/etp_pocillopora_gskim/outputs/iqtree/representative_5X_phyluce_iqtree/iqtree_representative_5X_phyluce_iqtree_50.treefile
  Likelihood distances:          /scratch/nmnh_corals/connellym/projects/etp_pocillopora_gskim/outputs/iqtree/representative_5X_phyluce_iqtree/iqtree_representative_5X_phyluce_iqtree_50.mldist
  Best partitioning scheme:      /scratch/nmnh_corals/connellym/projects/etp_pocillopora_gskim/outputs/iqtree/representative_5X_phyluce_iqtree/iqtree_representative_5X_phyluce_iqtree_50.best_scheme.nex
           in RAxML format:      /scratch/nmnh_corals/connellym/projects/etp_pocillopora_gskim/outputs/iqtree/representative_5X_phyluce_iqtree/iqtree_representative_5X_phyluce_iqtree_50.best_scheme

Ultrafast bootstrap approximation results written to:
  Split support values:          /scratch/nmnh_corals/connellym/projects/etp_pocillopora_gskim/outputs/iqtree/representative_5X_phyluce_iqtree/iqtree_representative_5X_phyluce_iqtree_50.splits.nex
  Consensus tree:                /scratch/nmnh_corals/connellym/projects/etp_pocillopora_gskim/outputs/iqtree/representative_5X_phyluce_iqtree/iqtree_representative_5X_phyluce_iqtree_50.contree
  Screen log file:               /scratch/nmnh_corals/connellym/projects/etp_pocillopora_gskim/outputs/iqtree/representative_5X_phyluce_iqtree/iqtree_representative_5X_phyluce_iqtree_50.log

Date and Time: Wed Apr  9 14:16:23 2025
= Wed Apr 9 14:16:23 EDT 2025 job iqtree_phyluce_partitions done
